time,task,bots,ticks,steps,learn_steps,epsilon,score,reward,loss_legs,loss_head,loss_hands,events,summary
1790415192,flee,6,1347,154803,48340,0.05,11.7,0.4622,0.1542,0.1596,0.1518,"{""with_threat"": 1346, ""distance_dm"": 157454, ""teasing"": 167, ""caught"": 1}","осалили 1 раз (в среднем через 202 с беготни), водящий в среднем в 11.7 блоках, дразнили воду 12% времени"
1790415192,chase,2,177,39536,15905,0.061,22.6,0.194,,,,"{""distance_dm"": 8138, ""caught"": 1}","осалил 1 раз (22.6 за 10 мин вождения), в среднем в 4.6 блоках от убегающего"
1790415236,chase,4,598,40136,16033,0.05,13.38,0.0539,0.9092,1.0612,1.1044,"{""distance_dm"": 97463, ""caught"": 2}","осалил 2 раза (13.4 за 10 мин вождения), в среднем в 16.3 блоках от убегающего"
1790415236,flee,4,943,155744,48811,0.05,10.98,0.4041,0.3041,0.3134,0.2965,"{""with_threat"": 941, ""distance_dm"": 103338, ""teasing"": 116, ""caught"": 2}","осалили 2 раза (в среднем через 71 с беготни), водящий в среднем в 11.0 блоках, дразнили воду 12% времени"
1790415248,chase,4,164,40300,16115,0.05,0.0,-0.0716,0.5723,0.6226,0.6483,"{""distance_dm"": 24998}","осалил 0 раз (0.0 за 10 мин вождения), в среднем в 15.2 блоках от убегающего"
1790415248,flee,4,164,155908,48893,0.05,7.77,0.4738,0.2796,0.2892,0.2666,"{""with_threat"": 164, ""distance_dm"": 12744, ""teasing"": 26}","осалили 0 раз, водящий в среднем в 7.8 блоках, дразнили воду 16% времени"
1790416831,flee,9,2752,170915,51817,0.05,15.01,0.2082,,,,"{""with_threat"": 2739, ""distance_dm"": 411247, ""teasing"": 100, ""caught"": 13}","осалили 13 раз (в среднем через 32 с беготни), водящий в среднем в 15.0 блоках, дразнили воду 4% времени"
1790416831,chase,3,1669,44590,16640,0.05,31.16,0.9719,,,,"{""distance_dm"": 347896, ""caught"": 13, ""won"": 10}","осалил 13 раз (31.2 за 10 мин вождения), поймали всех 10 раз, в среднем в 20.8 блоках от убегающего"
1790416848,flee,4,3021,173931,51817,0.05,15.03,0.1937,,,,"{""with_threat"": 3005, ""distance_dm"": 451729, ""teasing"": 141, ""caught"": 16}","осалили 16 раз (в среднем через 28 с беготни), водящий в среднем в 15.0 блоках, дразнили воду 5% времени"
1790416848,chase,8,1386,45980,16640,0.05,46.18,1.156,,,,"{""distance_dm"": 265323, ""won"": 10, ""caught"": 16}","осалил 16 раз (46.2 за 10 мин вождения), поймали всех 10 раз, в среднем в 19.1 блоках от убегающего"
1790416864,flee,11,2577,176515,51817,0.05,14.52,0.1754,,,,"{""with_threat"": 2562, ""distance_dm"": 372066, ""teasing"": 162, ""caught"": 15}","осалили 15 раз (в среднем через 26 с беготни), водящий в среднем в 14.5 блоках, дразнили воду 6% времени"
1790416864,chase,1,1622,47597,16640,0.05,36.99,0.9325,,,,"{""distance_dm"": 271080, ""won"": 20, ""caught"": 15}","осалил 15 раз (37.0 за 10 мин вождения), поймали всех 20 раз, в среднем в 16.7 блоках от убегающего"
1790416887,flee,10,2808,179322,51817,0.05,15.22,0.2428,,,,"{""with_threat"": 2796, ""distance_dm"": 425587, ""teasing"": 82, ""caught"": 12}","осалили 12 раз (в среднем через 35 с беготни), водящий в среднем в 15.2 блоках, дразнили воду 3% времени"
1790416887,chase,2,1642,49239,16640,0.05,29.23,0.9394,,,,"{""distance_dm"": 375841, ""won"": 10, ""caught"": 12}","осалил 12 раз (29.2 за 10 мин вождения), поймали всех 10 раз, в среднем в 22.9 блоках от убегающего"
1790416904,flee,9,2879,182200,51817,0.05,15.22,0.238,,,,"{""with_threat"": 2867, ""distance_dm"": 436360, ""caught"": 12, ""teasing"": 109}","осалили 12 раз (в среднем через 36 с беготни), водящий в среднем в 15.2 блоках, дразнили воду 4% времени"
1790416904,chase,3,1562,50803,16640,0.05,30.73,0.9524,,,,"{""distance_dm"": 465619, ""caught"": 12, ""won"": 10}","осалил 12 раз (30.7 за 10 мин вождения), поймали всех 10 раз, в среднем в 29.8 блоках от убегающего"
1790416922,flee,5,2650,184846,51817,0.05,14.97,0.1657,,,,"{""with_threat"": 2635, ""distance_dm"": 394366, ""teasing"": 119, ""caught"": 15}","осалили 15 раз (в среднем через 26 с беготни), водящий в среднем в 15.0 блоках, дразнили воду 5% времени"
1790416922,chase,7,1784,52590,16640,0.05,33.63,0.9682,,,,"{""distance_dm"": 271817, ""won"": 10, ""caught"": 15}","осалил 15 раз (33.6 за 10 мин вождения), поймали всех 10 раз, в среднем в 15.2 блоках от убегающего"
1790416947,flee,0,2539,187380,51817,0.05,14.7,0.1093,,,,"{""with_threat"": 2523, ""distance_dm"": 370788, ""teasing"": 123, ""caught"": 16}","осалили 16 раз (в среднем через 24 с беготни), водящий в среднем в 14.7 блоках, дразнили воду 5% времени"
1790416947,chase,12,1868,54452,16640,0.05,34.26,0.9522,,,,"{""won"": 19, ""distance_dm"": 314936, ""caught"": 16}","осалил 16 раз (34.3 за 10 мин вождения), поймали всех 19 раз, в среднем в 16.9 блоках от убегающего"
1790416984,chase,2,1113,55567,16640,0.05,43.13,1.1931,,,,"{""distance_dm"": 218300, ""won"": 10, ""caught"": 12}","осалил 12 раз (43.1 за 10 мин вождения), поймали всех 10 раз, в среднем в 19.6 блоках от убегающего"
1790416984,flee,10,3026,190416,51817,0.05,14.95,0.2406,,,,"{""with_threat"": 3014, ""distance_dm"": 450680, ""teasing"": 133, ""caught"": 12}","осалили 12 раз (в среднем через 38 с беготни), водящий в среднем в 15.0 блоках, дразнили воду 4% времени"
1790417016,flee,11,4358,189699,51817,0.05,14.07,0.2265,,,,"{""with_threat"": 4351, ""distance_dm"": 612364, ""teasing"": 81, ""stood_still"": 7, ""deaths"": 7}","осалили 0 раз, застаивались 7 раз, водящий в среднем в 14.1 блоках, дразнили воду 2% времени; умирал 7 раз"
1790417016,chase,1,390,53431,16640,0.05,0.0,-1.1119,,,,"{""distance_dm"": 18532}","осалил 0 раз (0.0 за 10 мин вождения), в среднем в 4.8 блоках от убегающего"
1790417044,chase,2,494,53926,16640,0.05,8.1,-0.7954,,,,"{""distance_dm"": 42084, ""stood_still"": 1, ""deaths"": 1, ""caught"": 1}","осалил 1 раз (8.1 за 10 мин вождения), застаивался 1 раз, в среднем в 8.5 блоках от убегающего; умирал 1 раз"
1790417044,flee,10,4271,193969,51817,0.05,14.06,0.3144,,,,"{""with_threat"": 4201, ""distance_dm"": 590537, ""stood_still"": 3, ""deaths"": 3, ""teasing"": 404, ""caught"": 1}","осалили 1 раз (в среднем через 641 с беготни), застаивались 3 раза, водящий в среднем в 14.1 блоках, дразнили воду 10% времени; умирал 3 раза"
1790417068,chase,3,798,54724,16640,0.05,5.01,-0.4914,,,,"{""distance_dm"": 74602, ""caught"": 1}","осалил 1 раз (5.0 за 10 мин вождения), в среднем в 9.3 блоках от убегающего"
1790417068,flee,9,3956,197924,51817,0.05,14.66,0.2512,,,,"{""with_threat"": 3950, ""distance_dm"": 579113, ""teasing"": 103, ""caught"": 1, ""stood_still"": 5, ""deaths"": 5}","осалили 1 раз (в среднем через 593 с беготни), застаивались 5 раз, водящий в среднем в 14.7 блоках, дразнили воду 3% времени; умирал 5 раз"
1790417094,chase,7,2252,56981,16640,0.05,7.1,-0.6087,,,,"{""distance_dm"": 248330, ""stood_still"": 2, ""deaths"": 2, ""caught"": 4}","осалил 4 раза (7.1 за 10 мин вождения), застаивался 2 раза, в среднем в 11.0 блоках от убегающего; умирал 2 раза"
1790417094,flee,5,2462,200382,51817,0.05,12.41,0.0723,,,,"{""with_threat"": 2453, ""distance_dm"": 304408, ""caught"": 4, ""stood_still"": 5, ""deaths"": 5, ""teasing"": 218}","осалили 4 раза (в среднем через 92 с беготни), застаивались 5 раз, водящий в среднем в 12.4 блоках, дразнили воду 9% времени; умирал 5 раз"
1790417118,chase,11,3795,60779,16640,0.05,4.22,-0.5005,,,,"{""distance_dm"": 469849, ""stood_still"": 4, ""deaths"": 4, ""caught"": 4}","осалил 4 раза (4.2 за 10 мин вождения), застаивался 4 раза, в среднем в 12.4 блоках от убегающего; умирал 4 раза"
1790417118,flee,1,938,201316,51817,0.05,6.92,-0.1222,,,,"{""with_threat"": 932, ""distance_dm"": 64537, ""caught"": 4, ""teasing"": 102, ""stood_still"": 2, ""deaths"": 2}","осалили 4 раза (в среднем через 35 с беготни), застаивались 2 раза, водящий в среднем в 6.9 блоках, дразнили воду 11% времени; умирал 2 раза"
1790417144,chase,1,379,61149,16640,0.05,0.0,-0.2232,,,,"{""time_up"": 11, ""distance_dm"": 64886}","осалил 0 раз (0.0 за 10 мин вождения), не успели за раунд 11 раз, в среднем в 17.1 блоках от убегающего"
1790417144,flee,11,4163,205488,51817,0.05,15.9,0.3946,,,,"{""survived"": 1, ""with_threat"": 4161, ""distance_dm"": 661658, ""stood_still"": 2, ""deaths"": 2}","осалили 0 раз, продержались до конца раунда 1 раз, застаивались 2 раза, водящий в среднем в 15.9 блоках, дразнили воду 0% времени; умирал 2 раза"
1790417174,flee,11,4172,209661,51817,0.05,12.65,0.3011,,,,"{""with_threat"": 4100, ""distance_dm"": 518798, ""stood_still"": 6, ""deaths"": 6, ""teasing"": 437}","осалили 0 раз, застаивались 6 раз, водящий в среднем в 12.7 блоках, дразнили воду 11% времени; умирал 6 раз"
1790417174,chase,1,377,61526,16640,0.05,0.0,-1.06,,,,"{""distance_dm"": 20569, ""stood_still"": 1, ""deaths"": 1}","осалил 0 раз (0.0 за 10 мин вождения), застаивался 1 раз, в среднем в 5.5 блоках от убегающего; умирал 1 раз"
1790418294,flee,9,8211,246281,53529,0.05,15.3,0.4929,,,,"{""with_threat"": 8208, ""distance_dm"": 1255746, ""teasing"": 423, ""caught"": 2}","осалили 2 раза (в среднем через 616 с беготни), водящий в среднем в 15.3 блоках, дразнили воду 5% времени"
1790418294,chase,3,1357,79748,16640,0.05,5.9,0.2634,,,,"{""distance_dm"": 172174, ""caught"": 2}","осалил 2 раза (5.9 за 10 мин вождения), в среднем в 12.7 блоках от убегающего"
1790418358,flee,7,6264,252543,53529,0.05,14.58,0.5012,,,,"{""with_threat"": 6262, ""distance_dm"": 913154, ""teasing"": 659, ""caught"": 2}","осалили 2 раза (в среднем через 470 с беготни), водящий в среднем в 14.6 блоках, дразнили воду 11% времени"
1790418358,chase,5,3304,83054,16640,0.05,2.42,0.1723,,,,"{""distance_dm"": 245760, ""caught"": 2}","осалил 2 раза (2.4 за 10 мин вождения), в среднем в 7.4 блоках от убегающего"
1790418408,flee,10,4150,256696,53529,0.05,14.75,0.4933,,,,"{""with_threat"": 4147, ""distance_dm"": 611584, ""teasing"": 327, ""caught"": 3, ""survived"": 5}","осалили 3 раза (в среднем через 208 с беготни), продержались до конца раунда 5 раз, водящий в среднем в 14.7 блоках, дразнили воду 8% времени"
1790418408,chase,2,2709,85759,16640,0.05,4.43,0.2111,,,,"{""distance_dm"": 372490, ""time_up"": 7, ""caught"": 3}","осалил 3 раза (4.4 за 10 мин вождения), не успели за раунд 7 раз, в среднем в 13.8 блоках от убегающего"
1790418698,hunt,8,3032,57274,11035,0.05,0.13,0.1509,,,,"{""distance_dm"": 210808, ""hits"": 1, ""full_hits"": 1, ""crits"": 1}","попал по цели 1 раз (0.1 в минуту охоты, в полную силу 100%, критов 100%), в среднем в 7.0 блоках от неё"
1790418722,hunt,8,3200,60474,11035,0.05,0.0,0.1329,,,,"{""distance_dm"": 179869}","попал по цели 0 раз (0.0 в минуту охоты), в среднем в 5.6 блоках от неё"
1790418743,hunt,8,3192,63666,11035,0.05,0.13,0.1262,,,,"{""distance_dm"": 159743, ""hits"": 1, ""full_hits"": 1, ""crits"": 1}","попал по цели 1 раз (0.1 в минуту охоты, в полную силу 100%, критов 100%), в среднем в 5.0 блоках от неё"
1790418765,hunt,8,3200,66866,11035,0.05,0.0,0.124,,,,"{""distance_dm"": 175894}","попал по цели 0 раз (0.0 в минуту охоты), в среднем в 5.5 блоках от неё"
1790418785,hunt,8,3200,70066,11035,0.05,0.0,0.1293,,,,"{""distance_dm"": 183533}","попал по цели 0 раз (0.0 в минуту охоты), в среднем в 5.7 блоках от неё"
1790418797,hunt,8,2040,72106,11035,0.05,0.0,0.1213,,,,"{""distance_dm"": 116313}","попал по цели 0 раз (0.0 в минуту охоты), в среднем в 5.7 блоках от неё"
1790418831,hunt,8,3032,72106,11035,0.05,0.0,-0.3676,,,,"{""distance_dm"": 1220189}","попал по цели 0 раз (0.0 в минуту охоты), в среднем в 40.2 блоках от неё"
1790418854,hunt,8,3200,75306,11035,0.05,0.0,-0.3254,,,,"{""distance_dm"": 1501106, ""stood_still"": 7}","попал по цели 0 раз (0.0 в минуту охоты), в среднем в 46.9 блоках от неё, застаивались 7 раз"
1790418878,hunt,8,3192,78498,11035,0.05,0.0,-0.3552,,,,"{""distance_dm"": 1592238, ""stood_still"": 8}","попал по цели 0 раз (0.0 в минуту охоты), в среднем в 49.9 блоках от неё, застаивались 8 раз"
1790418903,hunt,8,3200,81698,11035,0.05,0.0,-0.3254,,,,"{""distance_dm"": 1606196, ""stood_still"": 5}","попал по цели 0 раз (0.0 в минуту охоты), в среднем в 50.2 блоках от неё, застаивались 5 раз"
1790418926,hunt,8,2568,84266,11035,0.05,0.0,-0.3563,,,,"{""distance_dm"": 1293211, ""stood_still"": 4}","попал по цели 0 раз (0.0 в минуту охоты), в среднем в 50.4 блоках от неё, застаивались 4 раза"
1790419107,hunt,8,3032,86938,11035,0.05,1.19,0.1385,,,,"{""distance_dm"": 212544, ""hits"": 9, ""full_hits"": 9}","попал по цели 9 раз (1.2 в минуту охоты, в полную силу 100%), в среднем в 7.0 блоках от неё"
1790419127,hunt,8,3200,90138,11035,0.05,0.0,0.1089,,,,"{""distance_dm"": 175736}","попал по цели 0 раз (0.0 в минуту охоты), в среднем в 5.5 блоках от неё"
1790419145,hunt,8,3192,93330,11035,0.05,0.13,0.1236,,,,"{""distance_dm"": 174791, ""hits"": 1, ""full_hits"": 1}","попал по цели 1 раз (0.1 в минуту охоты, в полную силу 100%), в среднем в 5.5 блоках от неё"
1790419169,hunt,8,3200,96530,11035,0.05,0.0,0.1288,,,,"{""distance_dm"": 166536}","попал по цели 0 раз (0.0 в минуту охоты), в среднем в 5.2 блоках от неё"
1790419190,hunt,8,3200,99730,11035,0.05,0.0,0.1118,,,,"{""distance_dm"": 167527}","попал по цели 0 раз (0.0 в минуту охоты), в среднем в 5.2 блоках от неё"
1790419205,hunt,8,2472,102202,11035,0.05,0.0,0.1114,,,,"{""distance_dm"": 126250}","попал по цели 0 раз (0.0 в минуту охоты), в среднем в 5.1 блоках от неё"
1790419321,hunt,8,1424,104994,11035,0.05,0.0,0.1914,,,,"{""distance_dm"": 155567}","попал по цели 0 раз (0.0 в минуту охоты), в среднем в 10.9 блоках от неё"
1790419326,hunt,8,1608,106602,11035,0.05,1.0,0.1315,,,,"{""distance_dm"": 84192, ""hits"": 4, ""full_hits"": 4}","попал по цели 4 раза (1.0 в минуту охоты, в полную силу 100%), в среднем в 5.2 блоках от неё"
1790419330,hunt,8,1600,108202,11035,0.05,1.25,0.1366,,,,"{""distance_dm"": 102237, ""hits"": 5, ""full_hits"": 5}","попал по цели 5 раз (1.2 в минуту охоты, в полную силу 100%), в среднем в 6.4 блоках от неё"
1790419336,hunt,8,1600,109802,11035,0.05,1.25,0.1261,,,,"{""distance_dm"": 92005, ""hits"": 5, ""full_hits"": 5}","попал по цели 5 раз (1.2 в минуту охоты, в полную силу 100%), в среднем в 5.8 блоках от неё"
1790419340,hunt,8,1600,111402,11035,0.05,0.5,0.1139,,,,"{""distance_dm"": 97618, ""hits"": 2, ""full_hits"": 2}","попал по цели 2 раза (0.5 в минуту охоты, в полную силу 100%), в среднем в 6.1 блоках от неё"
1790419344,hunt,8,1592,112994,11035,0.05,0.5,0.1315,,,,"{""distance_dm"": 81034, ""hits"": 2, ""full_hits"": 2}","попал по цели 2 раза (0.5 в минуту охоты, в полную силу 100%), в среднем в 5.1 блоках от неё"
1790419349,hunt,8,1600,114594,11035,0.05,0.25,0.1039,,,,"{""distance_dm"": 85789, ""hits"": 1, ""full_hits"": 1}","попал по цели 1 раз (0.2 в минуту охоты, в полную силу 100%), в среднем в 5.4 блоках от неё"
1790419354,hunt,8,1600,116194,11035,0.05,0.0,0.1212,,,,"{""distance_dm"": 86523}","попал по цели 0 раз (0.0 в минуту охоты), в среднем в 5.4 блоках от неё"
1790419358,hunt,8,1600,117794,11035,0.05,0.0,0.1075,,,,"{""distance_dm"": 99826}","попал по цели 0 раз (0.0 в минуту охоты), в среднем в 6.2 блоках от неё"
1790419363,hunt,8,1600,119394,11035,0.05,0.0,0.1068,,,,"{""distance_dm"": 97889}","попал по цели 0 раз (0.0 в минуту охоты), в среднем в 6.1 блоках от неё"
1790419367,hunt,8,1600,120994,11035,0.05,0.0,0.1178,,,,"{""distance_dm"": 95103}","попал по цели 0 раз (0.0 в минуту охоты), в среднем в 5.9 блоках от неё"
1790419371,hunt,8,1600,122594,11035,0.05,0.25,0.1221,,,,"{""distance_dm"": 85977, ""hits"": 1, ""full_hits"": 1}","попал по цели 1 раз (0.2 в минуту охоты, в полную силу 100%), в среднем в 5.4 блоках от неё"
1790419376,hunt,8,1424,124018,11035,0.05,0.0,0.1207,,,,"{""distance_dm"": 71981}","попал по цели 0 раз (0.0 в минуту охоты), в среднем в 5.1 блоках от неё"
1790419567,hunt,7,1946,125347,11035,0.05,0.0,0.1552,,,,"{""distance_dm"": 215840}","попал по цели 0 раз (0.0 в минуту охоты), в среднем в 11.1 блоках от неё"
1790419567,flee,1,299,250329,53529,0.05,6.73,0.694,,,,"{""with_threat"": 299, ""distance_dm"": 20109, ""teasing"": 227}","осалили 0 раз, водящий в среднем в 6.7 блоках, дразнили воду 76% времени"
1790419575,hunt,7,2100,127447,11035,0.05,0.19,0.1307,,,,"{""distance_dm"": 133209, ""hits"": 1, ""full_hits"": 1}","попал по цели 1 раз (0.2 в минуту охоты, в полную силу 100%), в среднем в 6.3 блоках от неё"
1790419575,flee,1,300,250629,53529,0.05,5.12,0.6956,,,,"{""with_threat"": 300, ""distance_dm"": 15368, ""teasing"": 289}","осалили 0 раз, водящий в среднем в 5.1 блоках, дразнили воду 96% времени"
1790419584,hunt,7,2100,129547,11035,0.05,1.33,0.1355,,,,"{""distance_dm"": 124332, ""hits"": 7, ""full_hits"": 7}","попал по цели 7 раз (1.3 в минуту охоты, в полную силу 100%), в среднем в 5.9 блоках от неё"
1790419584,flee,1,300,250929,53529,0.05,4.86,0.6205,,,,"{""with_threat"": 300, ""distance_dm"": 14586, ""teasing"": 246}","осалили 0 раз, водящий в среднем в 4.9 блоках, дразнили воду 82% времени"
1790419592,hunt,7,2093,131640,11035,0.05,0.76,0.1168,,,,"{""distance_dm"": 111960, ""hits"": 4, ""full_hits"": 4}","попал по цели 4 раза (0.8 в минуту охоты, в полную силу 100%), в среднем в 5.3 блоках от неё"
1790419592,flee,1,299,251228,53529,0.05,4.8,0.628,,,,"{""with_threat"": 299, ""distance_dm"": 14344, ""teasing"": 280}","осалили 0 раз, водящий в среднем в 4.8 блоках, дразнили воду 94% времени"
1790419601,hunt,7,2100,133740,11035,0.05,1.52,0.1309,,,,"{""distance_dm"": 129074, ""hits"": 8, ""full_hits"": 8}","попал по цели 8 раз (1.5 в минуту охоты, в полную силу 100%), в среднем в 6.1 блоках от неё"
1790419601,flee,1,300,251528,53529,0.05,5.52,0.6875,,,,"{""with_threat"": 300, ""distance_dm"": 16555, ""teasing"": 273}","осалили 0 раз, водящий в среднем в 5.5 блоках, дразнили воду 91% времени"
1790419608,hunt,7,2100,135840,11035,0.05,0.57,0.1231,,,,"{""distance_dm"": 128695, ""hits"": 3, ""full_hits"": 3}","попал по цели 3 раза (0.6 в минуту охоты, в полную силу 100%), в среднем в 6.1 блоках от неё"
1790419608,flee,1,300,251828,53529,0.05,5.11,0.6567,,,,"{""with_threat"": 300, ""distance_dm"": 15338, ""teasing"": 280}","осалили 0 раз, водящий в среднем в 5.1 блоках, дразнили воду 93% времени"
1790419617,hunt,7,2100,137940,11035,0.05,0.57,0.1197,,,,"{""distance_dm"": 114663, ""hits"": 3, ""full_hits"": 3}","попал по цели 3 раза (0.6 в минуту охоты, в полную силу 100%), в среднем в 5.5 блоках от неё"
1790419617,flee,1,300,252128,53529,0.05,4.88,0.6524,,,,"{""with_threat"": 300, ""distance_dm"": 14653, ""teasing"": 279}","осалили 0 раз, водящий в среднем в 4.9 блоках, дразнили воду 93% времени"
1790419625,hunt,7,2100,140040,11035,0.05,1.14,0.1304,,,,"{""distance_dm"": 112596, ""hits"": 6, ""full_hits"": 6}","попал по цели 6 раз (1.1 в минуту охоты, в полную силу 100%), в среднем в 5.4 блоках от неё"
1790419625,flee,1,300,252428,53529,0.05,4.64,0.5999,,,,"{""with_threat"": 300, ""distance_dm"": 13907, ""teasing"": 253}","осалили 0 раз, водящий в среднем в 4.6 блоках, дразнили воду 84% времени"
1790419633,hunt,7,2100,142140,11035,0.05,0.38,0.1005,,,,"{""distance_dm"": 116417, ""hits"": 2, ""full_hits"": 2}","попал по цели 2 раза (0.4 в минуту охоты, в полную силу 100%), в среднем в 5.5 блоках от неё"
1790419633,flee,1,300,252728,53529,0.05,5.03,0.6728,,,,"{""with_threat"": 300, ""distance_dm"": 15080, ""teasing"": 287}","осалили 0 раз, водящий в среднем в 5.0 блоках, дразнили воду 96% времени"
1790419641,hunt,7,2100,144240,11035,0.05,0.57,0.1288,,,,"{""distance_dm"": 118776, ""hits"": 3, ""full_hits"": 3}","попал по цели 3 раза (0.6 в минуту охоты, в полную силу 100%), в среднем в 5.7 блоках от неё"
1790419641,flee,1,300,253028,53529,0.05,5.13,0.6777,,,,"{""with_threat"": 300, ""distance_dm"": 15379, ""teasing"": 286}","осалили 0 раз, водящий в среднем в 5.1 блоках, дразнили воду 95% времени"
1790419648,hunt,7,1680,145920,11035,0.05,0.95,0.1204,,,,"{""distance_dm"": 95671, ""hits"": 4, ""full_hits"": 4}","попал по цели 4 раза (1.0 в минуту охоты, в полную силу 100%), в среднем в 5.7 блоках от неё"
1790419648,flee,1,240,253268,53529,0.05,4.94,0.65,,,,"{""with_threat"": 240, ""distance_dm"": 11866, ""teasing"": 222}","осалили 0 раз, водящий в среднем в 4.9 блоках, дразнили воду 92% времени"
1790419690,hunt,8,3024,148147,11035,0.05,4.63,0.2284,,,,"{""distance_dm"": 303209, ""hits"": 35, ""full_hits"": 35}","попал по цели 35 раз (4.6 в минуту охоты, в полную силу 100%), в среднем в 10.0 блоках от неё"
1790419699,hunt,8,3200,151347,11035,0.05,5.38,0.1782,,,,"{""distance_dm"": 155982, ""hits"": 43, ""full_hits"": 43}","попал по цели 43 раза (5.4 в минуту охоты, в полную силу 100%), в среднем в 4.9 блоках от неё"
1790419707,hunt,8,3192,154539,11035,0.05,5.01,0.1756,,,,"{""distance_dm"": 160170, ""hits"": 40, ""full_hits"": 40}","попал по цели 40 раз (5.0 в минуту охоты, в полную силу 100%), в среднем в 5.0 блоках от неё"
1790419716,hunt,8,3200,157739,11035,0.05,5.12,0.1789,,,,"{""distance_dm"": 161426, ""hits"": 41, ""full_hits"": 41}","попал по цели 41 раз (5.1 в минуту охоты, в полную силу 100%), в среднем в 5.0 блоках от неё"
1790419725,hunt,8,3200,160939,11035,0.05,5.12,0.1731,,,,"{""distance_dm"": 167517, ""hits"": 41, ""full_hits"": 41}","попал по цели 41 раз (5.1 в минуту охоты, в полную силу 100%), в среднем в 5.2 блоках от неё"
1790419733,hunt,8,3200,164139,11035,0.05,5.12,0.1802,,,,"{""distance_dm"": 164691, ""hits"": 41, ""full_hits"": 41}","попал по цели 41 раз (5.1 в минуту охоты, в полную силу 100%), в среднем в 5.1 блоках от неё"
1790419742,hunt,8,3200,167339,11035,0.05,5.25,0.1659,,,,"{""distance_dm"": 152124, ""hits"": 42, ""full_hits"": 42}","попал по цели 42 раза (5.2 в минуту охоты, в полную силу 100%), в среднем в 4.8 блоках от неё"
1790419750,hunt,8,3200,170539,11035,0.05,5.25,0.1775,,,,"{""distance_dm"": 152052, ""hits"": 42, ""full_hits"": 42}","попал по цели 42 раза (5.2 в минуту охоты, в полную силу 100%), в среднем в 4.8 блоках от неё"
1790419759,hunt,8,3200,173739,11035,0.05,5.12,0.1726,,,,"{""distance_dm"": 161373, ""hits"": 41, ""full_hits"": 41}","попал по цели 41 раз (5.1 в минуту охоты, в полную силу 100%), в среднем в 5.0 блоках от неё"
1790419767,hunt,8,3200,176939,11035,0.05,5.25,0.1801,,,,"{""distance_dm"": 173498, ""hits"": 42, ""full_hits"": 42}","попал по цели 42 раза (5.2 в минуту охоты, в полную силу 100%), в среднем в 5.4 блоках от неё"
1790419770,hunt,8,1064,178003,11035,0.05,5.26,0.1752,,,,"{""distance_dm"": 48866, ""hits"": 14, ""full_hits"": 14}","попал по цели 14 раз (5.3 в минуту охоты, в полную силу 100%), в среднем в 4.6 блоках от неё"
1790421224,flee,11,19288,272453,58219,0.05,15.22,0.4824,0.3946,0.4748,0.285,"{""with_threat"": 19276, ""distance_dm"": 2934374, ""teasing"": 844, ""caught"": 11, ""stood_still"": 1, ""deaths"": 1}","осалили 11 раз (в среднем через 263 с беготни), застаивались 1 раз, водящий в среднем в 15.2 блоках, дразнили воду 4% времени; умирал 1 раз"
1790421224,chase,1,4314,85693,17589,0.05,10.2,0.1016,0.6779,1.2124,0.6108,"{""distance_dm"": 882511, ""caught"": 11, ""won"": 10}","осалил 11 раз (10.2 за 10 мин вождения), поймали всех 10 раз, в среднем в 20.5 блоках от убегающего"
1790421550,flee,9,20559,293010,63358,0.05,15.31,0.5137,0.3146,0.3592,0.2013,"{""with_threat"": 20557, ""distance_dm"": 3147709, ""survived"": 11, ""teasing"": 660, ""caught"": 2}","осалили 2 раза (в среднем через 1542 с беготни), продержались до конца раунда 11 раз, водящий в среднем в 15.3 блоках, дразнили воду 3% времени"
1790421550,chase,3,3170,88865,18382,0.05,2.52,-0.0857,0.6928,0.9931,0.6972,"{""distance_dm"": 543387, ""time_up"": 1, ""caught"": 2}","осалил 2 раза (2.5 за 10 мин вождения), не успели за раунд 1 раз, в среднем в 17.1 блоках от убегающего"
1790421879,flee,6,10651,303658,66020,0.05,13.86,0.3935,0.3169,0.3661,0.2234,"{""with_threat"": 10626, ""distance_dm"": 1472936, ""teasing"": 1213, ""caught"": 25}","осалили 25 раз (в среднем через 64 с беготни), водящий в среднем в 13.9 блоках, дразнили воду 11% времени"
1790421879,chase,6,12595,101463,21532,0.05,7.94,0.1779,0.5513,0.9778,0.5807,"{""distance_dm"": 2096406, ""won"": 20, ""caught"": 25}","осалил 25 раз (7.9 за 10 мин вождения), поймали всех 20 раз, в среднем в 16.6 блоках от убегающего"
1790446814,flee,1,6933,311395,67818,0.05,13.08,0.4701,0.5009,0.5224,0.4291,"{""with_threat"": 6923, ""distance_dm"": 905596, ""teasing"": 1634, ""caught"": 10}","осалили 10 раз (в среднем через 104 с беготни), водящий в среднем в 13.1 блоках, дразнили воду 24% времени"
1790446814,chase,11,16942,120551,26170,0.05,2.36,0.1017,0.4171,0.6899,0.4364,"{""distance_dm"": 2885789, ""caught"": 10}","осалил 10 раз (2.4 за 10 мин вождения), в среднем в 17.0 блоках от убегающего"
1790447426,chase,3,7810,128353,28121,0.05,6.66,0.1611,0.315,0.6244,0.3442,"{""time_up"": 11, ""distance_dm"": 1272783, ""won"": 10, ""caught"": 13}","осалил 13 раз (6.7 за 10 мин вождения), поймали всех 10 раз, не успели за раунд 11 раз, в среднем в 16.3 блоках от убегающего"
1790447426,flee,9,15577,326980,71715,0.05,14.6,0.478,0.394,0.4302,0.3532,"{""survived"": 1, ""with_threat"": 15564, ""distance_dm"": 2272549, ""teasing"": 1408, ""caught"": 13}","осалили 13 раз (в среднем через 180 с беготни), продержались до конца раунда 1 раз, водящий в среднем в 14.6 блоках, дразнили воду 9% времени"
1790448021,flee,6,10096,337073,74238,0.05,14.42,0.4497,0.4249,0.4525,0.3531,"{""with_threat"": 10082, ""distance_dm"": 1453957, ""teasing"": 1152, ""caught"": 14}","осалили 14 раз (в среднем через 108 с беготни), водящий в среднем в 14.4 блоках, дразнили воду 11% времени"
1790448021,chase,6,13518,141874,31501,0.05,4.14,0.1513,0.3635,0.6617,0.403,"{""distance_dm"": 2465378, ""won"": 10, ""caught"": 14}","осалил 14 раз (4.1 за 10 мин вождения), поймали всех 10 раз, в среднем в 18.2 блоках от убегающего"
1790448658,flee,11,8341,345419,76324,0.05,13.75,0.434,0.4073,0.4374,0.3262,"{""with_threat"": 8326, ""distance_dm"": 1144770, ""teasing"": 1310, ""caught"": 15, ""survived"": 2}","осалили 15 раз (в среднем через 83 с беготни), продержались до конца раунда 2 раза, водящий в среднем в 13.7 блоках, дразнили воду 16% времени"
1790448658,chase,1,14996,156865,35249,0.05,4.0,0.1735,0.351,0.5993,0.3862,"{""distance_dm"": 2273943, ""time_up"": 10, ""caught"": 15, ""won"": 10}","осалил 15 раз (4.0 за 10 мин вождения), поймали всех 10 раз, не успели за раунд 10 раз, в среднем в 15.2 блоках от убегающего"
1790449310,flee,3,11244,356655,79133,0.05,13.98,0.4241,0.4848,0.5249,0.4068,"{""with_threat"": 11225, ""distance_dm"": 1569761, ""teasing"": 1231, ""caught"": 19}","осалили 19 раз (в среднем через 89 с беготни), водящий в среднем в 14.0 блоках, дразнили воду 11% времени"
1790449310,chase,9,12315,169187,38329,0.05,6.17,0.1895,0.3847,0.6265,0.4214,"{""distance_dm"": 2209561, ""caught"": 19, ""won"": 10}","осалил 19 раз (6.2 за 10 мин вождения), поймали всех 10 раз, в среднем в 17.9 блоках от убегающего"
1790449954,flee,2,7983,364637,81129,0.05,13.54,0.3771,0.5059,0.5396,0.4213,"{""caught"": 23, ""with_threat"": 7960, ""distance_dm"": 1078021, ""teasing"": 1195}","осалили 23 раза (в среднем через 52 с беготни), водящий в среднем в 13.5 блоках, дразнили воду 15% времени"
1790449954,chase,10,15256,184445,42144,0.05,6.03,0.203,0.398,0.6337,0.4378,"{""caught"": 23, ""distance_dm"": 2856256, ""won"": 20}","осалил 23 раза (6.0 за 10 мин вождения), поймали всех 20 раз, в среднем в 18.7 блоках от убегающего"
1790450323,chase,3,8912,193350,44370,0.05,1.8,0.1461,0.4176,0.6553,0.4619,"{""distance_dm"": 1499728, ""caught"": 4, ""won"": 10}","осалил 4 раза (1.8 за 10 мин вождения), поймали всех 10 раз, в среднем в 16.8 блоках от убегающего"
1790450323,flee,9,3980,368624,82126,0.05,13.82,0.4705,0.5397,0.5849,0.4639,"{""with_threat"": 3976, ""distance_dm"": 549569, ""teasing"": 665, ""caught"": 4}","осалили 4 раза (в среднем через 149 с беготни), водящий в среднем в 13.8 блоках, дразнили воду 17% времени"
1790485822,flee,9,13503,382137,85369,0.05,14.31,0.4598,0.363,0.3548,0.2511,"{""with_threat"": 13490, ""distance_dm"": 1930903, ""teasing"": 1269, ""caught"": 13}","осалили 13 раз (в среднем через 156 с беготни), водящий в среднем в 14.3 блоках, дразнили воду 9% времени"
1790485822,chase,3,10103,203456,46767,0.05,5.15,0.1417,0.4019,0.5281,0.4436,"{""distance_dm"": 2080833, ""caught"": 13, ""won"": 10}","осалил 13 раз (5.1 за 10 мин вождения), поймали всех 10 раз, в среднем в 20.6 блоках от убегающего"
1790486149,flee,9,11647,393784,88281,0.05,14.13,0.4799,0.3674,0.3492,0.2762,"{""with_threat"": 11639, ""distance_dm"": 1644138, ""teasing"": 1183, ""caught"": 8, ""survived"": 3}","осалили 8 раз (в среднем через 218 с беготни), продержались до конца раунда 3 раза, водящий в среднем в 14.1 блоках, дразнили воду 10% времени"
1790486149,chase,3,12010,215466,49770,0.05,2.66,0.0828,0.3743,0.5006,0.4196,"{""distance_dm"": 2445688, ""caught"": 8, ""time_up"": 9}","осалил 8 раз (2.7 за 10 мин вождения), не успели за раунд 9 раз, в среднем в 20.4 блоках от убегающего"
1790486473,flee,1,11134,404910,91062,0.05,13.51,0.429,0.4004,0.398,0.3108,"{""with_threat"": 11115, ""distance_dm"": 1501812, ""teasing"": 1585, ""caught"": 19}","осалили 19 раз (в среднем через 88 с беготни), водящий в среднем в 13.5 блоках, дразнили воду 14% времени"
1790486473,chase,11,12428,227902,52879,0.05,6.12,0.1825,0.4475,0.5773,0.4881,"{""distance_dm"": 2724693, ""won"": 10, ""caught"": 19}","осалил 19 раз (6.1 за 10 мин вождения), поймали всех 10 раз, в среднем в 21.9 блоках от убегающего"
1790486793,chase,1,11526,239418,55758,0.05,3.82,0.1478,0.4038,0.5338,0.4189,"{""distance_dm"": 1868224, ""time_up"": 11, ""won"": 10, ""caught"": 11}","осалил 11 раз (3.8 за 10 мин вождения), поймали всех 10 раз, не успели за раунд 11 раз, в среднем в 16.2 блоках от убегающего"
1790486793,flee,11,11858,416778,94029,0.05,14.39,0.4666,0.3956,0.4085,0.3328,"{""with_threat"": 11847, ""distance_dm"": 1704987, ""teasing"": 1324, ""survived"": 1, ""caught"": 11}","осалили 11 раз (в среднем через 162 с беготни), продержались до конца раунда 1 раз, водящий в среднем в 14.4 блоках, дразнили воду 11% времени"
1790487127,flee,9,12770,429546,97221,0.05,14.95,0.4543,0.394,0.3972,0.3156,"{""with_threat"": 12757, ""distance_dm"": 1907052, ""teasing"": 858, ""caught"": 13}","осалили 13 раз (в среднем через 147 с беготни), водящий в среднем в 14.9 блоках, дразнили воду 7% времени"
1790487127,chase,3,10843,250263,58469,0.05,4.8,0.1568,0.4548,0.578,0.4567,"{""distance_dm"": 1975539, ""won"": 10, ""caught"": 13}","осалил 13 раз (4.8 за 10 мин вождения), поймали всех 10 раз, в среднем в 18.2 блоках от убегающего"
1790487437,flee,11,12863,442411,100437,0.05,13.68,0.3991,0.4611,0.4561,0.3704,"{""with_threat"": 12832, ""distance_dm"": 1755698, ""teasing"": 1887, ""caught"": 31}","осалили 31 раз (в среднем через 62 с беготни), водящий в среднем в 13.7 блоках, дразнили воду 15% времени"
1790487437,chase,1,10090,260351,60991,0.05,12.29,0.3039,0.5148,0.6561,0.5196,"{""distance_dm"": 1985058, ""won"": 30, ""caught"": 31}","осалил 31 раз (12.3 за 10 мин вождения), поймали всех 30 раз, в среднем в 19.7 блоках от убегающего"
1790487745,flee,6,13041,455447,103696,0.05,14.27,0.453,0.4772,0.4908,0.3926,"{""with_threat"": 13025, ""distance_dm"": 1858529, ""teasing"": 1471, ""caught"": 16}","осалили 16 раз (в среднем через 122 с беготни), водящий в среднем в 14.3 блоках, дразнили воду 11% времени"
1790487745,chase,6,10545,270901,63629,0.05,6.07,0.1742,0.5398,0.6881,0.5433,"{""distance_dm"": 1734367, ""won"": 10, ""caught"": 16}","осалил 16 раз (6.1 за 10 мин вождения), поймали всех 10 раз, в среднем в 16.4 блоках от убегающего"
1790488068,flee,4,10257,465702,106260,0.05,13.13,0.4699,0.4541,0.4723,0.362,"{""with_threat"": 10247, ""distance_dm"": 1345549, ""teasing"": 1669, ""caught"": 10, ""survived"": 3}","осалили 10 раз (в среднем через 154 с беготни), продержались до конца раунда 3 раза, водящий в среднем в 13.1 блоках, дразнили воду 16% времени"
1790488068,chase,8,13398,284301,66979,0.05,2.99,0.104,0.5273,0.6583,0.5393,"{""distance_dm"": 2572832, ""time_up"": 9, ""caught"": 10}","осалил 10 раз (3.0 за 10 мин вождения), не успели за раунд 9 раз, в среднем в 19.2 блоках от убегающего"
1790489088,flee,11,10689,477096,108973,0.05,14.03,0.472,0.3659,0.3425,0.2825,"{""with_threat"": 10677, ""distance_dm"": 1497793, ""teasing"": 1511, ""caught"": 11}","осалили 11 раз (в среднем через 146 с беготни), водящий в среднем в 14.0 блоках, дразнили воду 14% времени"
1790489088,chase,1,12942,299519,70651,0.05,3.4,0.1056,0.5167,0.6087,0.5402,"{""distance_dm"": 2722796, ""won"": 10, ""caught"": 11}","осалил 11 раз (3.4 за 10 мин вождения), поймали всех 10 раз, в среднем в 21.0 блоках от убегающего"
1790489412,flee,1,14206,491292,112522,0.05,14.2,0.3947,0.408,0.4089,0.2896,"{""with_threat"": 14174, ""distance_dm"": 2013289, ""teasing"": 1428, ""caught"": 32}","осалили 32 раза (в среднем через 67 с беготни), водящий в среднем в 14.2 блоках, дразнили воду 10% времени"
1790489412,chase,11,8993,308522,72901,0.05,14.23,0.2605,0.6516,0.7179,0.6807,"{""distance_dm"": 1945297, ""caught"": 32, ""won"": 20}","осалил 32 раза (14.2 за 10 мин вождения), поймали всех 20 раз, в среднем в 21.6 блоках от убегающего"
1790489733,chase,9,7378,315898,74745,0.05,4.88,0.1034,0.7333,0.793,0.7446,"{""distance_dm"": 1698363, ""won"": 10, ""caught"": 9}","осалил 9 раз (4.9 за 10 мин вождения), поймали всех 10 раз, в среднем в 23.0 блоках от убегающего"
1790489733,flee,3,16296,507590,116597,0.05,15.15,0.4781,0.4173,0.4208,0.2995,"{""with_threat"": 16287, ""distance_dm"": 2468111, ""teasing"": 862, ""caught"": 9}","осалили 9 раз (в среднем через 272 с беготни), водящий в среднем в 15.2 блоках, дразнили воду 5% времени"
1790490059,flee,5,10837,518429,119306,0.05,13.95,0.44,0.3927,0.4103,0.2899,"{""with_threat"": 10820, ""distance_dm"": 1509329, ""teasing"": 1462, ""survived"": 3, ""caught"": 17}","осалили 17 раз (в среднем через 96 с беготни), продержались до конца раунда 3 раза, водящий в среднем в 13.9 блоках, дразнили воду 14% времени"
1790490059,chase,7,12469,328365,77862,0.05,5.45,0.1224,0.6625,0.7274,0.6715,"{""distance_dm"": 2637231, ""time_up"": 9, ""caught"": 17, ""won"": 10}","осалил 17 раз (5.5 за 10 мин вождения), поймали всех 10 раз, не успели за раунд 9 раз, в среднем в 21.2 блоках от убегающего"
1790490392,flee,1,7750,526175,121243,0.05,11.79,0.4367,0.4139,0.4374,0.3368,"{""with_threat"": 7735, ""distance_dm"": 912078, ""teasing"": 2263, ""caught"": 15}","осалили 15 раз (в среднем через 78 с беготни), водящий в среднем в 11.8 блоках, дразнили воду 29% времени"
1790490392,chase,11,15846,344215,81825,0.05,3.79,0.1173,0.645,0.7228,0.6403,"{""distance_dm"": 2786389, ""won"": 10, ""caught"": 15}","осалил 15 раз (3.8 за 10 мин вождения), поймали всех 10 раз, в среднем в 17.6 блоках от убегающего"
1790490477,flee,1,515,526690,121372,0.05,4.67,0.6231,0.4345,0.4503,0.36,"{""with_threat"": 515, ""distance_dm"": 24036, ""teasing"": 515}","осалили 0 раз, водящий в среднем в 4.7 блоках, дразнили воду 100% времени"
1790490477,chase,11,5665,349880,83241,0.05,0.0,0.0502,0.6218,0.7146,0.6188,"{""distance_dm"": 1052095}","осалил 0 раз (0.0 за 10 мин вождения), в среднем в 18.6 блоках от убегающего"
1790490689,hunt,8,15816,190763,14859,0.05,4.3,0.1012,0.4666,1.1461,0.4603,"{""distance_dm"": 1823676, ""hits"": 170, ""full_hits"": 170, ""crits"": 1}","попал по цели 170 раз (4.3 в минуту охоты, в полную силу 100%, критов 1%), в среднем в 11.5 блоках от неё"
1790490904,hunt,8,16000,206763,18859,0.05,4.3,0.1152,0.4059,0.8522,0.4259,"{""distance_dm"": 1889635, ""hits"": 172, ""full_hits"": 172, ""crits"": 1}","попал по цели 172 раза (4.3 в минуту охоты, в полную силу 100%, критов 1%), в среднем в 11.8 блоках от неё"
1790491124,hunt,8,16008,222771,22861,0.05,4.35,0.1187,0.3844,0.7689,0.422,"{""distance_dm"": 1768168, ""hits"": 174, ""full_hits"": 173}","попал по цели 174 раза (4.3 в минуту охоты, в полную силу 99%), в среднем в 11.0 блоках от неё"
1790491343,hunt,8,16000,238771,26861,0.05,4.5,0.115,0.3763,0.7158,0.4258,"{""distance_dm"": 2063121, ""hits"": 180, ""full_hits"": 180}","попал по цели 180 раз (4.5 в минуту охоты, в полную силу 100%), в среднем в 12.9 блоках от неё"
1790491560,hunt,8,16000,254771,30861,0.05,4.55,0.1158,0.3751,0.6694,0.4239,"{""distance_dm"": 1916788, ""hits"": 182, ""full_hits"": 182, ""crits"": 1}","попал по цели 182 раза (4.5 в минуту охоты, в полную силу 100%, критов 1%), в среднем в 12.0 блоках от неё"
1790491793,hunt,8,16000,270771,34861,0.05,4.25,0.1097,0.3744,0.6297,0.4229,"{""distance_dm"": 2094927, ""hits"": 170, ""full_hits"": 170, ""crits"": 1}","попал по цели 170 раз (4.2 в минуту охоты, в полную силу 100%, критов 1%), в среднем в 13.1 блоках от неё"
1790492116,hunt,8,16000,286771,38861,0.05,4.28,0.1064,0.379,0.616,0.4317,"{""distance_dm"": 2028456, ""hits"": 171, ""full_hits"": 171}","попал по цели 171 раз (4.3 в минуту охоты, в полную силу 100%), в среднем в 12.7 блоках от неё"
1790492368,hunt,8,16000,302771,42861,0.05,4.5,0.1159,0.3725,0.5961,0.4277,"{""distance_dm"": 2091387, ""hits"": 180, ""full_hits"": 180}","попал по цели 180 раз (4.5 в минуту охоты, в полную силу 100%), в среднем в 13.1 блоках от неё"
1790492629,hunt,8,15992,318763,46859,0.05,4.53,0.1119,0.3742,0.5806,0.4272,"{""distance_dm"": 2016497, ""hits"": 181, ""full_hits"": 180}","попал по цели 181 раз (4.5 в минуту охоты, в полную силу 99%), в среднем в 12.6 блоках от неё"
1790493106,hunt,8,16000,334763,50859,0.05,4.35,0.1146,0.3791,0.5844,0.4396,"{""distance_dm"": 2061338, ""hits"": 174, ""full_hits"": 174}","попал по цели 174 раза (4.3 в минуту охоты, в полную силу 100%), в среднем в 12.9 блоках от неё"
1790493618,hunt,8,16000,350763,54859,0.05,4.53,0.0965,0.3799,0.5746,0.4424,"{""distance_dm"": 2418660, ""hits"": 181, ""full_hits"": 181}","попал по цели 181 раз (4.5 в минуту охоты, в полную силу 100%), в среднем в 15.1 блоках от неё"
1790494081,hunt,8,15656,366419,58773,0.05,4.52,0.1027,0.392,0.5798,0.4515,"{""distance_dm"": 2398106, ""hits"": 177, ""full_hits"": 176}","попал по цели 177 раз (4.5 в минуту охоты, в полную силу 99%), в среднем в 15.3 блоках от неё"
1790501333,hunt,8,1040,367467,58773,0.05,7.31,0.3969,,,,"{""distance_dm"": 201020, ""hits"": 19, ""full_hits"": 19, ""crits"": 9, ""killed"": 8, ""kills"": 1}","попал по цели 19 раз (7.3 в минуту охоты, в полную силу 100%, критов 47%), остановили цель 1 раз, в среднем в 19.3 блоках от неё"
1790501342,hunt,8,1488,368947,58773,0.05,6.18,0.0159,,,,"{""distance_dm"": 259584, ""hits"": 23, ""full_hits"": 23, ""crits"": 2, ""kills"": 1, ""killed"": 8}","попал по цели 23 раза (6.2 в минуту охоты, в полную силу 100%, критов 9%), остановили цель 1 раз, в среднем в 17.4 блоках от неё"
1790501347,hunt,8,1336,370291,58773,0.05,4.49,0.3578,,,,"{""distance_dm"": 387851, ""hits"": 15, ""full_hits"": 15, ""crits"": 3}","попал по цели 15 раз (4.5 в минуту охоты, в полную силу 100%, критов 20%), в среднем в 29.0 блоках от неё"
1790501353,hunt,8,1216,371507,58773,0.05,3.95,0.6619,,,,"{""distance_dm"": 365508, ""hits"": 12, ""full_hits"": 12, ""killed"": 8, ""kills"": 1}","попал по цели 12 раз (3.9 в минуту охоты, в полную силу 100%), остановили цель 1 раз, в среднем в 30.1 блоках от неё"
1790501370,hunt,8,1224,372731,58773,0.05,6.54,-0.0465,,,,"{""distance_dm"": 251315, ""hits"": 20, ""full_hits"": 20, ""killed"": 8, ""kills"": 1}","попал по цели 20 раз (6.5 в минуту охоты, в полную силу 100%), остановили цель 1 раз, в среднем в 20.5 блоках от неё"
1790501375,hunt,8,1216,373947,58773,0.05,7.89,0.6549,,,,"{""distance_dm"": 210251, ""hits"": 24, ""full_hits"": 24, ""killed"": 8, ""kills"": 1, ""crits"": 1}","попал по цели 24 раза (7.9 в минуту охоты, в полную силу 100%, критов 4%), остановили цель 1 раз, в среднем в 17.3 блоках от неё"
1790501380,hunt,8,1304,375243,58773,0.05,7.36,0.4666,,,,"{""distance_dm"": 196012, ""hits"": 24, ""full_hits"": 24, ""killed"": 8, ""kills"": 1}","попал по цели 24 раза (7.4 в минуту охоты, в полную силу 100%), остановили цель 1 раз, в среднем в 15.0 блоках от неё"
1790501388,hunt,8,1496,376739,58773,0.05,5.88,0.1511,,,,"{""distance_dm"": 318308, ""hits"": 22, ""full_hits"": 22, ""kills"": 1, ""killed"": 8, ""crits"": 3}","попал по цели 22 раза (5.9 в минуту охоты, в полную силу 100%, критов 14%), остановили цель 1 раз, в среднем в 21.3 блоках от неё"
1790501395,hunt,8,1248,377995,58773,0.05,2.88,0.3325,,,,"{""distance_dm"": 330342, ""hits"": 9, ""full_hits"": 9, ""crits"": 1}","попал по цели 9 раз (2.9 в минуту охоты, в полную силу 100%, критов 11%), в среднем в 26.5 блоках от неё"
1790501400,hunt,8,1224,379219,58773,0.05,4.9,0.5076,,,,"{""distance_dm"": 387697, ""hits"": 15, ""full_hits"": 15, ""kills"": 1, ""killed"": 8}","попал по цели 15 раз (4.9 в минуту охоты, в полную силу 100%), остановили цель 1 раз, в среднем в 31.7 блоках от неё"
1790501404,hunt,8,1224,380443,58773,0.05,7.84,0.3647,,,,"{""distance_dm"": 225389, ""hits"": 24, ""full_hits"": 24, ""killed"": 8, ""kills"": 1}","попал по цели 24 раза (7.8 в минуту охоты, в полную силу 100%), остановили цель 1 раз, в среднем в 18.4 блоках от неё"
1790501408,hunt,8,1296,381731,58773,0.05,7.1,0.4415,,,,"{""distance_dm"": 153982, ""hits"": 23, ""full_hits"": 23, ""crits"": 2, ""killed"": 8, ""kills"": 1}","попал по цели 23 раза (7.1 в минуту охоты, в полную силу 100%, критов 9%), остановили цель 1 раз, в среднем в 11.9 блоках от неё"
1790501413,hunt,8,1528,383267,58773,0.05,5.76,-0.0956,,,,"{""distance_dm"": 401505, ""hits"": 22, ""full_hits"": 22}","попал по цели 22 раза (5.8 в минуту охоты, в полную силу 100%), в среднем в 26.3 блоках от неё"
1790501418,hunt,8,1224,384491,58773,0.05,2.29,0.5856,,,,"{""distance_dm"": 344261, ""hits"": 7, ""full_hits"": 7, ""kills"": 1, ""killed"": 8}","попал по цели 7 раз (2.3 в минуту охоты, в полную силу 100%), остановили цель 1 раз, в среднем в 28.1 блоках от неё"
1790501423,hunt,8,1224,385715,58773,0.05,6.21,0.4076,,,,"{""distance_dm"": 385432, ""hits"": 19, ""full_hits"": 19, ""killed"": 8, ""kills"": 1}","попал по цели 19 раз (6.2 в минуту охоты, в полную силу 100%), остановили цель 1 раз, в среднем в 31.5 блоках от неё"
1790501433,hunt,8,1224,386939,58773,0.05,6.86,0.2048,,,,"{""distance_dm"": 260169, ""hits"": 21, ""full_hits"": 21, ""crits"": 4, ""killed"": 8, ""kills"": 1}","попал по цели 21 раз (6.9 в минуту охоты, в полную силу 100%, критов 19%), остановили цель 1 раз, в среднем в 21.3 блоках от неё"
1790501437,hunt,8,1224,388163,58773,0.05,7.19,0.4442,,,,"{""distance_dm"": 150728, ""hits"": 22, ""full_hits"": 22, ""killed"": 8, ""crits"": 2, ""kills"": 1}","попал по цели 22 раза (7.2 в минуту охоты, в полную силу 100%, критов 9%), остановили цель 1 раз, в среднем в 12.3 блоках от неё"
1790501443,hunt,8,1600,389763,58773,0.05,5.75,0.2818,,,,"{""distance_dm"": 357416, ""hits"": 23, ""full_hits"": 23}","попал по цели 23 раза (5.8 в минуту охоты, в полную силу 100%), в среднем в 22.3 блоках от неё"
1790501448,hunt,8,1216,390979,58773,0.05,3.29,0.5378,,,,"{""killed"": 8, ""distance_dm"": 188119, ""hits"": 10, ""full_hits"": 10, ""kills"": 1, ""crits"": 1}","попал по цели 10 раз (3.3 в минуту охоты, в полную силу 100%, критов 10%), остановили цель 1 раз, в среднем в 15.5 блоках от неё"
1790501453,hunt,8,1216,392195,58773,0.05,4.93,0.6571,,,,"{""distance_dm"": 371962, ""hits"": 15, ""full_hits"": 15, ""kills"": 1, ""killed"": 8}","попал по цели 15 раз (4.9 в минуту охоты, в полную силу 100%), остановили цель 1 раз, в среднем в 30.6 блоках от неё"
1790501458,hunt,8,1224,393419,58773,0.05,7.84,-0.0541,,,,"{""distance_dm"": 240532, ""killed"": 8, ""hits"": 24, ""full_hits"": 24, ""kills"": 1}","попал по цели 24 раза (7.8 в минуту охоты, в полную силу 100%), остановили цель 1 раз, в среднем в 19.7 блоках от неё"
1790501462,hunt,8,1288,394699,58773,0.05,7.45,0.5782,,,,"{""distance_dm"": 155589, ""hits"": 24, ""full_hits"": 24, ""killed"": 8, ""kills"": 1, ""crits"": 1}","попал по цели 24 раза (7.5 в минуту охоты, в полную силу 100%, критов 4%), остановили цель 1 раз, в среднем в 12.1 блоках от неё"
1790501468,hunt,8,1528,396235,58773,0.05,2.36,0.2665,,,,"{""distance_dm"": 332941, ""hits"": 9, ""full_hits"": 9}","попал по цели 9 раз (2.4 в минуту охоты, в полную силу 100%), в среднем в 21.8 блоках от неё"
1790501472,hunt,8,1216,397451,58773,0.05,4.93,0.409,,,,"{""distance_dm"": 395369, ""killed"": 8, ""hits"": 15, ""full_hits"": 15, ""kills"": 1}","попал по цели 15 раз (4.9 в минуту охоты, в полную силу 100%), остановили цель 1 раз, в среднем в 32.5 блоках от неё"
1790501476,hunt,8,1216,398667,58773,0.05,7.89,0.5309,,,,"{""distance_dm"": 267356, ""hits"": 24, ""full_hits"": 24, ""killed"": 8, ""kills"": 1}","попал по цели 24 раза (7.9 в минуту охоты, в полную силу 100%), остановили цель 1 раз, в среднем в 22.0 блоках от неё"
1790501478,hunt,8,248,398915,58773,0.05,0.0,0.5306,,,,"{""distance_dm"": 92879}","попал по цели 0 раз (0.0 в минуту охоты), в среднем в 37.5 блоках от неё"
1790501745,hunt,8,13544,379971,62029,0.05,4.73,0.3044,0.7063,0.8611,0.7457,"{""distance_dm"": 2884656, ""hits"": 160, ""full_hits"": 160, ""killed"": 48, ""crits"": 7, ""kills"": 6}","попал по цели 160 раз (4.7 в минуту охоты, в полную силу 100%, критов 4%), остановили цель 6 раз, в среднем в 21.3 блоках от неё"
1790501949,hunt,8,14112,394083,65557,0.05,4.51,0.2958,0.9017,1.0327,0.9121,"{""distance_dm"": 2993458, ""hits"": 159, ""full_hits"": 159, ""kills"": 5, ""killed"": 40, ""crits"": 4}","попал по цели 159 раз (4.5 в минуту охоты, в полную силу 100%, критов 3%), остановили цель 5 раз, в среднем в 21.2 блоках от неё"
1790502145,hunt,8,13704,407787,68983,0.05,4.41,0.3139,0.9075,1.0528,0.9154,"{""distance_dm"": 2775150, ""killed"": 48, ""hits"": 151, ""full_hits"": 151, ""crits"": 3, ""kills"": 6, ""goals"": 1}","попал по цели 151 раз (4.4 в минуту охоты, в полную силу 100%, критов 2%), остановили цель 6 раз, в среднем в 20.3 блоках от неё"
1790502351,hunt,8,13696,421483,72407,0.05,4.64,0.3163,0.9499,1.1164,0.9607,"{""distance_dm"": 2970133, ""hits"": 159, ""full_hits"": 159, ""killed"": 48, ""kills"": 6, ""crits"": 3}","попал по цели 159 раз (4.6 в минуту охоты, в полную силу 100%, критов 2%), остановили цель 6 раз, в среднем в 21.7 блоках от неё"
1790502545,hunt,8,14080,435563,75927,0.05,4.18,0.279,0.9641,1.1406,0.9738,"{""distance_dm"": 2626115, ""hits"": 147, ""full_hits"": 147, ""killed"": 40, ""crits"": 3, ""kills"": 5}","попал по цели 147 раз (4.2 в минуту охоты, в полную силу 100%, критов 2%), остановили цель 5 раз, в среднем в 18.7 блоках от неё"
1790502745,hunt,8,13312,448875,79255,0.05,5.35,0.3309,1.0066,1.1793,1.0196,"{""distance_dm"": 2922071, ""hits"": 178, ""full_hits"": 178, ""killed"": 56, ""crits"": 11, ""kills"": 7}","попал по цели 178 раз (5.3 в минуту охоты, в полную силу 100%, критов 6%), остановили цель 7 раз, в среднем в 22.0 блоках от неё"
1790502935,hunt,8,13712,462587,82683,0.05,4.81,0.2933,1.0136,1.1961,1.0253,"{""distance_dm"": 2689732, ""hits"": 165, ""full_hits"": 165, ""killed"": 48, ""kills"": 6, ""crits"": 3}","попал по цели 165 раз (4.8 в минуту охоты, в полную силу 100%, критов 2%), остановили цель 6 раз, в среднем в 19.6 блоках от неё"
1790503132,hunt,8,14120,476707,86213,0.05,4.14,0.287,1.045,1.2377,1.0591,"{""distance_dm"": 2963369, ""hits"": 146, ""full_hits"": 146, ""killed"": 40, ""crits"": 3, ""kills"": 5}","попал по цели 146 раз (4.1 в минуту охоты, в полную силу 100%, критов 2%), остановили цель 5 раз, в среднем в 21.0 блоках от неё"
1790503362,hunt,8,13736,490443,89647,0.05,4.98,0.2809,1.0485,1.2382,1.0829,"{""distance_dm"": 2675511, ""hits"": 171, ""full_hits"": 171, ""kills"": 6, ""killed"": 48, ""crits"": 5}","попал по цели 171 раз (5.0 в минуту охоты, в полную силу 100%, критов 3%), остановили цель 6 раз, в среднем в 19.5 блоках от неё"
1790503589,hunt,8,13744,504187,93083,0.05,4.6,0.3165,1.0719,1.2641,1.1159,"{""distance_dm"": 2675712, ""killed"": 48, ""hits"": 158, ""full_hits"": 158, ""crits"": 4, ""kills"": 6}","попал по цели 158 раз (4.6 в минуту охоты, в полную силу 100%, критов 3%), остановили цель 6 раз, в среднем в 19.5 блоках от неё"
1790503821,hunt,8,13368,517555,96425,0.05,5.33,0.3276,1.0895,1.2763,1.1337,"{""distance_dm"": 2963258, ""hits"": 178, ""full_hits"": 178, ""killed"": 56, ""crits"": 12, ""kills"": 7}","попал по цели 178 раз (5.3 в минуту охоты, в полную силу 100%, критов 7%), остановили цель 7 раз, в среднем в 22.2 блоках от неё"
1790504102,hunt,8,13368,530923,99767,0.05,5.15,0.3344,1.114,1.2964,1.1492,"{""distance_dm"": 2811037, ""hits"": 172, ""full_hits"": 172, ""killed"": 56, ""kills"": 7, ""crits"": 7}","попал по цели 172 раза (5.1 в минуту охоты, в полную силу 100%, критов 4%), остановили цель 7 раз, в среднем в 21.0 блоках от неё"
1790504208,hunt,8,3712,534635,100695,0.05,5.71,0.34,1.1512,1.336,1.1826,"{""distance_dm"": 803324, ""hits"": 53, ""full_hits"": 52, ""killed"": 16, ""crits"": 4, ""kills"": 2}","попал по цели 53 раза (5.7 в минуту охоты, в полную силу 98%, критов 8%), остановили цель 2 раза, в среднем в 21.6 блоках от неё"
1790504473,hunt,7,13264,547906,103879,0.05,2.05,0.1123,0.4703,0.5703,0.5012,"{""distance_dm"": 2315842, ""killed"": 14, ""hits"": 68, ""full_hits"": 68, ""kills"": 2}","попал по цели 68 раз (2.1 в минуту охоты, в полную силу 100%), остановили цель 2 раза, в среднем в 17.5 блоках от неё"
1790504473,flee,1,1954,528647,121732,0.05,5.16,0.5109,2.8584,2.7026,2.5918,"{""with_threat"": 1954, ""distance_dm"": 100800, ""teasing"": 1371}","осалили 0 раз, водящий в среднем в 5.2 блоках, дразнили воду 70% времени"
1790504773,hunt,7,14000,561906,107379,0.05,0.14,0.0117,0.5011,0.5914,0.5138,"{""distance_dm"": 3029285, ""hits"": 5, ""full_hits"": 5}","попал по цели 5 раз (0.1 в минуту охоты, в полную силу 100%), в среднем в 21.6 блоках от неё"
1790504773,flee,1,2000,530647,122232,0.05,5.04,0.6657,1.6712,1.6371,1.4755,"{""with_threat"": 2000, ""distance_dm"": 100821, ""teasing"": 1982}","осалили 0 раз, водящий в среднем в 5.0 блоках, дразнили воду 99% времени"
1790505035,hunt,7,14007,575913,110881,0.05,0.14,0.0228,0.4274,0.5096,0.4631,"{""distance_dm"": 3022260, ""hits"": 5, ""full_hits"": 5}","попал по цели 5 раз (0.1 в минуту охоты, в полную силу 100%), в среднем в 21.6 блоках от неё"
1790505035,flee,1,2001,532648,122733,0.05,5.11,0.6817,0.6232,0.5958,0.5692,"{""with_threat"": 2001, ""distance_dm"": 102185, ""teasing"": 1985}","осалили 0 раз, водящий в среднем в 5.1 блоках, дразнили воду 99% времени"
1790505290,hunt,7,14000,589913,114381,0.05,0.09,0.0139,0.3622,0.4368,0.4005,"{""distance_dm"": 3048031, ""hits"": 3, ""full_hits"": 3}","попал по цели 3 раза (0.1 в минуту охоты, в полную силу 100%), в среднем в 21.8 блоках от неё"
1790505290,flee,1,2000,534648,123233,0.05,5.02,0.669,0.3042,0.3776,0.2736,"{""with_threat"": 2000, ""distance_dm"": 100327, ""teasing"": 1981}","осалили 0 раз, водящий в среднем в 5.0 блоках, дразнили воду 99% времени"
1790505416,hunt,7,6944,596857,116117,0.05,0.12,0.0092,0.3269,0.4005,0.3559,"{""distance_dm"": 1435705, ""hits"": 2, ""full_hits"": 2}","попал по цели 2 раза (0.1 в минуту охоты, в полную силу 100%), в среднем в 20.7 блоках от неё"
1790505416,flee,1,992,535640,123481,0.05,5.15,0.6569,0.2401,0.3339,0.2303,"{""with_threat"": 992, ""distance_dm"": 51061, ""teasing"": 929}","осалили 0 раз, водящий в среднем в 5.1 блоках, дразнили воду 94% времени"
1790505973,hunt,8,13168,610033,119279,0.05,5.44,0.432,0.9523,1.0916,1.0682,"{""distance_dm"": 2687515, ""hits"": 179, ""full_hits"": 176, ""killed"": 56, ""kills"": 7, ""crits"": 4, ""goals"": 19}","попал по цели 179 раз (5.4 в минуту охоты, в полную силу 98%, критов 2%), остановили цель 7 раз, в среднем в 20.4 блоках от неё"
1790506222,hunt,8,13728,623761,122711,0.05,4.6,0.313,1.088,1.1875,1.1194,"{""distance_dm"": 3069926, ""hits"": 158, ""full_hits"": 158, ""kills"": 6, ""killed"": 48, ""crits"": 6, ""goals"": 3}","попал по цели 158 раз (4.6 в минуту охоты, в полную силу 100%, критов 4%), остановили цель 6 раз, в среднем в 22.4 блоках от неё"
1790506446,hunt,8,14464,638217,126325,0.05,4.12,0.2535,1.0272,1.1111,1.041,"{""distance_dm"": 2963406, ""hits"": 149, ""full_hits"": 149, ""killed"": 40, ""goals"": 4, ""crits"": 2, ""kills"": 5}","попал по цели 149 раз (4.1 в минуту охоты, в полную силу 100%, критов 1%), остановили цель 5 раз, в среднем в 20.5 блоках от неё"
1790506656,hunt,8,13704,651929,129753,0.05,4.41,0.2545,1.0113,1.084,0.9946,"{""distance_dm"": 2757852, ""hits"": 151, ""full_hits"": 151, ""crits"": 1, ""killed"": 40, ""kills"": 5, ""goals"": 5}","попал по цели 151 раз (4.4 в минуту охоты, в полную силу 100%, критов 1%), остановили цель 5 раз, в среднем в 20.1 блоках от неё"
1790506857,hunt,8,14080,666009,133273,0.05,4.35,0.2665,1.0154,1.1011,0.9989,"{""distance_dm"": 2788217, ""hits"": 153, ""full_hits"": 153, ""kills"": 5, ""killed"": 40, ""crits"": 1, ""goals"": 3}","попал по цели 153 раза (4.3 в минуту охоты, в полную силу 100%, критов 1%), остановили цель 5 раз, в среднем в 19.8 блоках от неё"
1790507065,hunt,8,13760,679761,136711,0.05,4.77,0.2607,1.0415,1.1599,1.0411,"{""distance_dm"": 2220934, ""hits"": 164, ""full_hits"": 163, ""killed"": 48, ""kills"": 6, ""goals"": 6, ""crits"": 5}","попал по цели 164 раза (4.8 в минуту охоты, в полную силу 99%, критов 3%), остановили цель 6 раз, в среднем в 16.1 блоках от неё"
1790507283,hunt,8,14408,694177,140315,0.05,3.72,0.2056,1.004,1.1196,1.0129,"{""distance_dm"": 2798726, ""hits"": 134, ""full_hits"": 134, ""killed"": 32, ""kills"": 4}","попал по цели 134 раза (3.7 в минуту охоты, в полную силу 100%), остановили цель 4 раза, в среднем в 19.4 блоках от неё"
1790507503,hunt,8,14496,708673,143939,0.05,3.78,0.2061,0.9801,1.0968,0.9984,"{""distance_dm"": 2747382, ""hits"": 137, ""full_hits"": 137, ""killed"": 32, ""kills"": 4}","попал по цели 137 раз (3.8 в минуту охоты, в полную силу 100%), остановили цель 4 раза, в среднем в 19.0 блоках от неё"
1790507592,hunt,8,5920,714593,145419,0.05,2.97,0.1798,1.0067,1.1158,1.0186,"{""distance_dm"": 1296611, ""hits"": 44, ""full_hits"": 44, ""killed"": 8, ""kills"": 1}","попал по цели 44 раза (3.0 в минуту охоты, в полную силу 100%), остановили цель 1 раз, в среднем в 21.9 блоках от неё"
1790507832,hunt,7,13839,728439,148747,0.05,0.38,0.0165,0.3978,0.4878,0.408,"{""distance_dm"": 2904617, ""hits"": 13, ""full_hits"": 13}","попал по цели 13 раз (0.4 в минуту охоты, в полную силу 100%), в среднем в 21.0 блоках от неё"
1790507832,flee,1,1998,537639,123852,0.05,5.48,0.6683,0.4633,0.6157,0.3949,"{""with_threat"": 1998, ""distance_dm"": 109414, ""teasing"": 1827}","осалили 0 раз, водящий в среднем в 5.5 блоках, дразнили воду 91% времени"
1790508073,hunt,7,14000,742439,152247,0.05,0.63,0.0101,0.3997,0.4574,0.4158,"{""distance_dm"": 3004285, ""hits"": 22, ""full_hits"": 22}","попал по цели 22 раза (0.6 в минуту охоты, в полную силу 100%), в среднем в 21.5 блоках от неё"
1790508073,flee,1,2000,539639,124352,0.05,4.9,0.6426,0.4255,0.5966,0.4429,"{""with_threat"": 2000, ""distance_dm"": 97999, ""teasing"": 1880}","осалили 0 раз, водящий в среднем в 4.9 блоках, дразнили воду 94% времени"
1790508314,hunt,7,14007,756446,155749,0.05,0.66,0.0097,0.3604,0.411,0.3747,"{""distance_dm"": 2890553, ""hits"": 23, ""full_hits"": 23, ""crits"": 1}","попал по цели 23 раза (0.7 в минуту охоты, в полную силу 100%, критов 4%), в среднем в 20.6 блоках от неё"
1790508314,flee,1,2001,541640,124852,0.05,4.64,0.6151,0.3258,0.4288,0.3755,"{""with_threat"": 2001, ""distance_dm"": 92856, ""teasing"": 1726}","осалили 0 раз, водящий в среднем в 4.6 блоках, дразнили воду 86% времени"
1790508557,hunt,7,14000,770446,159249,0.05,0.57,0.0163,0.3124,0.3581,0.3342,"{""distance_dm"": 3140694, ""hits"": 20, ""full_hits"": 20}","попал по цели 20 раз (0.6 в минуту охоты, в полную силу 100%), в среднем в 22.4 блоках от неё"
1790508557,flee,1,2000,543640,125352,0.05,5.2,0.6752,0.2452,0.3481,0.2688,"{""with_threat"": 2000, ""distance_dm"": 103933, ""teasing"": 1856}","осалили 0 раз, водящий в среднем в 5.2 блоках, дразнили воду 93% времени"
1790508797,hunt,7,14000,784446,162749,0.05,0.37,0.0133,0.2769,0.344,0.313,"{""distance_dm"": 3022275, ""hits"": 13, ""full_hits"": 13}","попал по цели 13 раз (0.4 в минуту охоты, в полную силу 100%), в среднем в 21.6 блоках от неё"
1790508797,flee,1,2000,545640,125852,0.05,5.36,0.6404,0.2171,0.3241,0.2432,"{""with_threat"": 2000, ""distance_dm"": 107194, ""teasing"": 1775}","осалили 0 раз, водящий в среднем в 5.4 блоках, дразнили воду 89% времени"
1790508806,hunt,7,504,784950,162875,0.05,0.79,0.0403,0.2573,0.3378,0.2983,"{""distance_dm"": 106247, ""hits"": 1, ""full_hits"": 1}","попал по цели 1 раз (0.8 в минуту охоты, в полную силу 100%), в среднем в 21.1 блоках от неё"
1790508806,flee,1,72,545712,125870,0.05,5.41,0.7037,0.1994,0.3168,0.2628,"{""with_threat"": 72, ""distance_dm"": 3894, ""teasing"": 69}","осалили 0 раз, водящий в среднем в 5.4 блоках, дразнили воду 96% времени"
1790510221,hunt,8,13912,610777,119465,0.05,4.46,0.2975,0.9276,1.0328,0.979,"{""distance_dm"": 2678609, ""hits"": 155, ""full_hits"": 154, ""killed"": 40, ""kills"": 5, ""crits"": 2}","попал по цели 155 раз (4.5 в минуту охоты, в полную силу 99%, критов 1%), остановили цель 5 раз, в среднем в 19.3 блоках от неё"
1790510455,hunt,8,14112,624889,122993,0.05,4.22,0.2682,0.9488,1.039,0.9884,"{""distance_dm"": 2748612, ""hits"": 149, ""full_hits"": 149, ""killed"": 40, ""kills"": 5, ""goals"": 3, ""crits"": 1}","попал по цели 149 раз (4.2 в минуту охоты, в полную силу 100%, критов 1%), остановили цель 5 раз, в среднем в 19.5 блоках от неё"
1790510680,hunt,8,14088,638977,126515,0.05,4.29,0.2608,0.9648,1.0575,1.0132,"{""distance_dm"": 2677568, ""hits"": 151, ""full_hits"": 151, ""kills"": 5, ""killed"": 40, ""goals"": 2, ""crits"": 2}","попал по цели 151 раз (4.3 в минуту охоты, в полную силу 100%, критов 1%), остановили цель 5 раз, в среднем в 19.0 блоках от неё"
1790510912,hunt,8,14080,653057,130035,0.05,4.18,0.2417,0.8851,0.9856,0.9336,"{""distance_dm"": 2405208, ""hits"": 147, ""full_hits"": 147, ""killed"": 40, ""kills"": 5}","попал по цели 147 раз (4.2 в минуту охоты, в полную силу 100%), остановили цель 5 раз, в среднем в 17.1 блоках от неё"
1790511158,hunt,8,14080,667137,133555,0.05,4.23,0.2507,0.9337,1.0564,0.9901,"{""distance_dm"": 2824000, ""hits"": 149, ""full_hits"": 149, ""crits"": 5, ""killed"": 40, ""kills"": 5, ""goals"": 3}","попал по цели 149 раз (4.2 в минуту охоты, в полную силу 100%, критов 3%), остановили цель 5 раз, в среднем в 20.1 блоках от неё"
1790511458,hunt,8,14080,681217,137075,0.05,4.49,0.2587,0.9404,1.0583,0.9806,"{""distance_dm"": 2742703, ""hits"": 158, ""full_hits"": 158, ""kills"": 5, ""killed"": 40, ""goals"": 3, ""crits"": 8}","попал по цели 158 раз (4.5 в минуту охоты, в полную силу 100%, критов 5%), остановили цель 5 раз, в среднем в 19.5 блоках от неё"
1790511722,hunt,8,13704,694921,140501,0.05,4.67,0.29,0.9809,1.1089,1.0254,"{""distance_dm"": 2697045, ""killed"": 48, ""hits"": 160, ""full_hits"": 160, ""crits"": 6, ""kills"": 6, ""goals"": 1}","попал по цели 160 раз (4.7 в минуту охоты, в полную силу 100%, критов 4%), остановили цель 6 раз, в среднем в 19.7 блоках от неё"
1790511810,hunt,8,4672,699593,141669,0.05,4.88,0.3259,0.9788,1.1118,1.0228,"{""distance_dm"": 922006, ""hits"": 57, ""full_hits"": 57, ""killed"": 16, ""kills"": 2, ""crits"": 1}","попал по цели 57 раз (4.9 в минуту охоты, в полную силу 100%, критов 2%), остановили цель 2 раза, в среднем в 19.7 блоках от неё"
1790512092,hunt,7,13016,712616,144791,0.05,3.38,0.1792,0.5255,0.5916,0.5548,"{""distance_dm"": 1820286, ""killed"": 21, ""hits"": 110, ""full_hits"": 110, ""kills"": 3}","попал по цели 110 раз (3.4 в минуту охоты, в полную силу 100%), остановили цель 3 раза, в среднем в 14.0 блоках от неё"
1790512092,flee,1,1935,547651,126226,0.05,5.18,0.4079,1.8669,2.3014,2.2013,"{""with_threat"": 1935, ""distance_dm"": 100268, ""teasing"": 1020}","осалили 0 раз, водящий в среднем в 5.2 блоках, дразнили воду 53% времени"
1790512402,hunt,7,14000,726616,148291,0.05,1.03,0.0037,0.5639,0.6394,0.6035,"{""distance_dm"": 2923387, ""hits"": 36, ""full_hits"": 36}","попал по цели 36 раз (1.0 в минуту охоты, в полную силу 100%), в среднем в 20.9 блоках от неё"
1790512402,flee,1,2000,549651,126726,0.05,4.88,0.6062,0.636,0.9149,0.7766,"{""with_threat"": 2000, ""distance_dm"": 97561, ""teasing"": 1657}","осалили 0 раз, водящий в среднем в 4.9 блоках, дразнили воду 83% времени"
1790512701,hunt,7,14007,740623,151793,0.05,0.97,0.018,0.5098,0.5934,0.5272,"{""distance_dm"": 2905805, ""hits"": 34, ""full_hits"": 34}","попал по цели 34 раза (1.0 в минуту охоты, в полную силу 100%), в среднем в 20.7 блоках от неё"
1790512701,flee,1,2001,551652,127226,0.05,5.38,0.6174,0.3826,0.632,0.4482,"{""with_threat"": 2001, ""distance_dm"": 107622, ""teasing"": 1603}","осалили 0 раз, водящий в среднем в 5.4 блоках, дразнили воду 80% времени"
1790512716,hunt,7,700,741323,151968,0.05,1.71,0.0012,0.3987,0.4748,0.4055,"{""distance_dm"": 158598, ""hits"": 3, ""full_hits"": 3}","попал по цели 3 раза (1.7 в минуту охоты, в полную силу 100%), в среднем в 22.7 блоках от неё"
1790512716,flee,1,100,551752,127251,0.05,4.67,0.5936,0.3238,0.5498,0.37,"{""with_threat"": 100, ""distance_dm"": 4670, ""teasing"": 77}","осалили 0 раз, водящий в среднем в 4.7 блоках, дразнили воду 77% времени"
1790515190,hunt,8,1848,743179,151968,0.05,5.19,0.2602,,,,"{""distance_dm"": 495336, ""hits"": 24, ""full_hits"": 24, ""killed"": 8, ""kills"": 1}","попал по цели 24 раза (5.2 в минуту охоты, в полную силу 100%), остановили цель 1 раз, в среднем в 26.8 блоках от неё"
1790515200,hunt,8,2016,745195,151968,0.05,4.56,0.4674,,,,"{""distance_dm"": 336543, ""hits"": 23, ""full_hits"": 23, ""kills"": 1, ""killed"": 8, ""crits"": 2, ""goals"": 1}","попал по цели 23 раза (4.6 в минуту охоты, в полную силу 100%, критов 9%), остановили цель 1 раз, в среднем в 16.7 блоках от неё"
1790515210,hunt,8,2016,747211,151968,0.05,5.95,0.4884,,,,"{""distance_dm"": 342844, ""hits"": 30, ""full_hits"": 30, ""goals"": 4, ""killed"": 8, ""kills"": 1}","попал по цели 30 раз (6.0 в минуту охоты, в полную силу 100%), остановили цель 1 раз, в среднем в 17.0 блоках от неё"
1790515219,hunt,8,2016,749227,151968,0.05,7.34,0.5118,,,,"{""distance_dm"": 400876, ""hits"": 37, ""full_hits"": 37, ""killed"": 8, ""goals"": 3, ""crits"": 1, ""kills"": 1}","попал по цели 37 раз (7.3 в минуту охоты, в полную силу 100%, критов 3%), остановили цель 1 раз, в среднем в 19.9 блоках от неё"
1790515226,hunt,8,1688,750907,151968,0.05,6.87,0.8493,,,,"{""distance_dm"": 362092, ""killed"": 16, ""hits"": 29, ""full_hits"": 29, ""goals"": 2, ""kills"": 2, ""crits"": 1}","попал по цели 29 раз (6.9 в минуту охоты, в полную силу 100%, критов 3%), остановили цель 2 раза, в среднем в 21.5 блоках от неё"
1790515236,hunt,8,1984,752899,151968,0.05,4.84,0.4667,,,,"{""distance_dm"": 521139, ""hits"": 24, ""full_hits"": 24, ""kills"": 1, ""killed"": 8}","попал по цели 24 раза (4.8 в минуту охоты, в полную силу 100%), остановили цель 1 раз, в среднем в 26.3 блоках от неё"
1790515245,hunt,8,2024,754923,151968,0.05,4.74,0.4807,,,,"{""distance_dm"": 320969, ""hits"": 24, ""full_hits"": 24, ""killed"": 8, ""kills"": 1}","попал по цели 24 раза (4.7 в минуту охоты, в полную силу 100%), остановили цель 1 раз, в среднем в 15.9 блоках от неё"
1790515255,hunt,8,2024,756947,151968,0.05,6.32,0.5205,,,,"{""distance_dm"": 401465, ""hits"": 32, ""full_hits"": 32, ""killed"": 8, ""goals"": 1, ""crits"": 2, ""kills"": 1}","попал по цели 32 раза (6.3 в минуту охоты, в полную силу 100%, критов 6%), остановили цель 1 раз, в среднем в 19.8 блоках от неё"
1790515263,hunt,8,2024,758971,151968,0.05,6.52,0.4732,,,,"{""distance_dm"": 297556, ""hits"": 33, ""full_hits"": 33, ""kills"": 1, ""killed"": 8, ""crits"": 1, ""goals"": 1}","попал по цели 33 раза (6.5 в минуту охоты, в полную силу 100%, критов 3%), остановили цель 1 раз, в среднем в 14.7 блоках от неё"
1790515272,hunt,8,1744,760707,151968,0.05,7.11,0.8163,,,,"{""distance_dm"": 408897, ""hits"": 31, ""full_hits"": 31, ""killed"": 16, ""kills"": 2, ""goals"": 1}","попал по цели 31 раз (7.1 в минуту охоты, в полную силу 100%), остановили цель 2 раза, в среднем в 23.4 блоках от неё"
1790515281,hunt,8,1928,762643,151968,0.05,4.98,0.4722,,,,"{""distance_dm"": 366877, ""hits"": 24, ""full_hits"": 24, ""kills"": 1, ""killed"": 8}","попал по цели 24 раза (5.0 в минуту охоты, в полную силу 100%), остановили цель 1 раз, в среднем в 19.0 блоках от неё"
1790515290,hunt,8,2016,764659,151968,0.05,4.76,0.4609,,,,"{""distance_dm"": 359990, ""hits"": 24, ""full_hits"": 24, ""crits"": 1, ""goals"": 3, ""killed"": 8, ""kills"": 1}","попал по цели 24 раза (4.8 в минуту охоты, в полную силу 100%, критов 4%), остановили цель 1 раз, в среднем в 17.9 блоках от неё"
1790515300,hunt,8,2016,766675,151968,0.05,4.76,0.1724,,,,"{""distance_dm"": 443708, ""hits"": 24, ""full_hits"": 24, ""crits"": 1, ""killed"": 8, ""kills"": 1}","попал по цели 24 раза (4.8 в минуту охоты, в полную силу 100%, критов 4%), остановили цель 1 раз, в среднем в 22.0 блоках от неё"
1790515310,hunt,8,2024,768699,151968,0.05,4.74,0.432,,,,"{""distance_dm"": 315080, ""hits"": 24, ""full_hits"": 24, ""crits"": 2, ""killed"": 8, ""goals"": 3, ""kills"": 1}","попал по цели 24 раза (4.7 в минуту охоты, в полную силу 100%, критов 8%), остановили цель 1 раз, в среднем в 15.6 блоках от неё"
1790515319,hunt,8,2016,770715,151968,0.05,7.14,0.4519,,,,"{""distance_dm"": 320047, ""hits"": 36, ""full_hits"": 36, ""killed"": 8, ""goals"": 6, ""kills"": 1, ""crits"": 3}","попал по цели 36 раз (7.1 в минуту охоты, в полную силу 100%, критов 8%), остановили цель 1 раз, в среднем в 15.9 блоках от неё"
1790515328,hunt,8,1904,772611,151968,0.05,7.14,0.7384,,,,"{""distance_dm"": 403156, ""hits"": 34, ""full_hits"": 34, ""killed"": 16, ""kills"": 2}","попал по цели 34 раза (7.1 в минуту охоты, в полную силу 100%), остановили цель 2 раза, в среднем в 21.2 блоках от неё"
1790515338,hunt,8,1744,774363,151968,0.05,5.5,0.4729,,,,"{""distance_dm"": 240301, ""hits"": 24, ""full_hits"": 24, ""crits"": 1, ""kills"": 1, ""killed"": 8, ""goals"": 1}","попал по цели 24 раза (5.5 в минуту охоты, в полную силу 100%, критов 4%), остановили цель 1 раз, в среднем в 13.8 блоках от неё"
1790515348,hunt,8,2016,776379,151968,0.05,4.76,0.5416,,,,"{""distance_dm"": 628942, ""hits"": 24, ""full_hits"": 24, ""killed"": 8, ""goals"": 2, ""kills"": 1, ""crits"": 1}","попал по цели 24 раза (4.8 в минуту охоты, в полную силу 100%, критов 4%), остановили цель 1 раз, в среднем в 31.2 блоках от неё"
1790515355,hunt,8,616,776995,151968,0.05,2.6,0.3114,,,,"{""distance_dm"": 147613, ""hits"": 4, ""full_hits"": 4, ""crits"": 1}","попал по цели 4 раза (2.6 в минуту охоты, в полную силу 100%, критов 25%), в среднем в 24.0 блоках от неё"
1790515651,hunt,8,13928,610793,119469,0.05,4.71,0.2718,1.0246,1.0863,1.0457,"{""distance_dm"": 2967328, ""hits"": 164, ""full_hits"": 162, ""goals"": 5, ""kills"": 5, ""killed"": 40, ""crits"": 2}","попал по цели 164 раза (4.7 в минуту охоты, в полную силу 99%, критов 1%), остановили цель 5 раз, в среднем в 21.3 блоках от неё"
1790515935,hunt,8,14008,624793,122969,0.05,4.31,0.2643,0.9641,1.1062,0.9986,"{""distance_dm"": 3139907, ""kills"": 6, ""killed"": 48, ""hits"": 151, ""full_hits"": 151, ""crits"": 2}","попал по цели 151 раз (4.3 в минуту охоты, в полную силу 100%, критов 1%), остановили цель 6 раз, в среднем в 22.4 блоках от неё"
1790516203,hunt,8,14192,638993,126519,0.05,3.95,0.2338,0.9057,1.0352,0.9379,"{""distance_dm"": 3122295, ""hits"": 140, ""full_hits"": 140, ""killed"": 32, ""kills"": 4}","попал по цели 140 раз (3.9 в минуту охоты, в полную силу 100%), остановили цель 4 раза, в среднем в 22.0 блоках от неё"
1790516507,hunt,8,13696,652689,129943,0.05,4.41,0.2643,0.8688,1.0204,0.9058,"{""distance_dm"": 2902901, ""hits"": 151, ""full_hits"": 151, ""killed"": 48, ""kills"": 6, ""goals"": 2, ""crits"": 4}","попал по цели 151 раз (4.4 в минуту охоты, в полную силу 100%, критов 3%), остановили цель 6 раз, в среднем в 21.2 блоках от неё"
1790516777,hunt,8,14080,666769,133463,0.05,4.74,0.2389,0.9403,1.1059,0.9759,"{""distance_dm"": 2925549, ""hits"": 167, ""full_hits"": 167, ""killed"": 40, ""kills"": 5, ""crits"": 2, ""goals"": 2}","попал по цели 167 раз (4.7 в минуту охоты, в полную силу 100%, критов 1%), остановили цель 5 раз, в среднем в 20.8 блоках от неё"
1790517043,hunt,8,14080,680849,136983,0.05,4.12,0.2572,0.9334,1.114,0.9849,"{""distance_dm"": 3464187, ""killed"": 40, ""hits"": 145, ""full_hits"": 145, ""goals"": 2, ""kills"": 5, ""crits"": 1}","попал по цели 145 раз (4.1 в минуту охоты, в полную силу 100%, критов 1%), остановили цель 5 раз, в среднем в 24.6 блоках от неё"
1790517189,hunt,8,7352,688201,138821,0.05,3.7,0.2981,0.9102,1.0973,0.9699,"{""distance_dm"": 1566530, ""killed"": 24, ""hits"": 68, ""full_hits"": 68, ""kills"": 3}","попал по цели 68 раз (3.7 в минуту охоты, в полную силу 100%), остановили цель 3 раза, в среднем в 21.3 блоках от неё"
1790517449,hunt,7,13839,702047,142149,0.05,0.55,0.0303,0.4266,0.5401,0.4502,"{""distance_dm"": 2831827, ""hits"": 19, ""full_hits"": 19}","попал по цели 19 раз (0.5 в минуту охоты, в полную силу 100%), в среднем в 20.5 блоках от неё"
1790517449,flee,1,1998,553751,127622,0.05,6.15,0.6315,0.4459,0.7037,0.4113,"{""with_threat"": 1998, ""distance_dm"": 122891, ""teasing"": 1565}","осалили 0 раз, водящий в среднем в 6.2 блоках, дразнили воду 78% времени"
1790517735,hunt,7,14000,716047,145649,0.05,0.51,0.0115,0.4493,0.5322,0.487,"{""distance_dm"": 2998656, ""hits"": 18, ""full_hits"": 18}","попал по цели 18 раз (0.5 в минуту охоты, в полную силу 100%), в среднем в 21.4 блоках от неё"
1790517735,flee,1,2000,555751,128122,0.05,6.02,0.6567,0.4271,0.607,0.3909,"{""with_threat"": 2000, ""distance_dm"": 120464, ""teasing"": 1687}","осалили 0 раз, водящий в среднем в 6.0 блоках, дразнили воду 84% времени"
1790517992,hunt,7,14007,730054,149151,0.05,0.51,0.031,0.3896,0.4407,0.409,"{""distance_dm"": 2759308, ""hits"": 18, ""full_hits"": 18}","попал по цели 18 раз (0.5 в минуту охоты, в полную силу 100%), в среднем в 19.7 блоках от неё"
1790517992,flee,1,2001,557752,128622,0.05,4.92,0.6412,0.3294,0.4052,0.324,"{""with_threat"": 2001, ""distance_dm"": 98381, ""teasing"": 1810}","осалили 0 раз, водящий в среднем в 4.9 блоках, дразнили воду 90% времени"
1790518094,hunt,7,5285,735339,150472,0.05,0.15,0.0179,0.3189,0.376,0.3491,"{""distance_dm"": 1107490, ""hits"": 2, ""full_hits"": 2}","попал по цели 2 раза (0.2 в минуту охоты, в полную силу 100%), в среднем в 21.0 блоках от неё"
1790518094,flee,1,755,558507,128811,0.05,5.83,0.6722,0.2218,0.3006,0.2393,"{""with_threat"": 755, ""distance_dm"": 44010, ""teasing"": 622}","осалили 0 раз, водящий в среднем в 5.8 блоках, дразнили воду 82% времени"
1790523333,hunt,8,10720,607585,118667,0.05,5.04,0.3709,0.7981,0.8367,0.8326,"{""distance_dm"": 2283115, ""hits"": 135, ""full_hits"": 134, ""kills"": 5, ""killed"": 40, ""goals"": 10, ""crits"": 3}","попал по цели 135 раз (5.0 в минуту охоты, в полную силу 99%, критов 2%), остановили цель 5 раз, в среднем в 21.3 блоках от неё"
1790523576,hunt,8,10920,618505,121397,0.05,4.91,0.3572,0.9853,1.0764,1.065,"{""distance_dm"": 2181267, ""hits"": 134, ""full_hits"": 134, ""killed"": 40, ""kills"": 5, ""goals"": 1}","попал по цели 134 раза (4.9 в минуту охоты, в полную силу 100%), остановили цель 5 раз, в среднем в 20.0 блоках от неё"
1790523828,hunt,8,10720,629225,124077,0.05,4.89,0.3656,0.9965,1.1067,1.0533,"{""distance_dm"": 2693164, ""hits"": 131, ""full_hits"": 130, ""kills"": 5, ""killed"": 40, ""crits"": 2, ""goals"": 5}","попал по цели 131 раз (4.9 в минуту охоты, в полную силу 99%, критов 2%), остановили цель 5 раз, в среднем в 25.1 блоках от неё"
1790524211,hunt,8,8440,637673,126057,0.05,0.62,0.7695,1.2535,1.292,1.4298,"{""distance_dm"": 2630343, ""killed"": 88, ""kills"": 11, ""hits"": 13, ""full_hits"": 13}","попал по цели 13 раз (0.6 в минуту охоты, в полную силу 100%), остановили цель 11 раз, в среднем в 31.2 блоках от неё"
1790524350,hunt,8,5792,643465,127505,0.05,0.69,0.7661,1.4847,1.583,1.5455,"{""distance_dm"": 1811499, ""killed"": 64, ""kills"": 8, ""hits"": 10, ""full_hits"": 10}","попал по цели 10 раз (0.7 в минуту охоты, в полную силу 100%), остановили цель 8 раз, в среднем в 31.3 блоках от неё"
1790524749,hunt,8,8056,651521,129387,0.05,0.65,0.8374,1.9087,2.0462,2.0359,"{""distance_dm"": 2507933, ""killed"": 104, ""kills"": 13, ""hits"": 13, ""full_hits"": 13}","попал по цели 13 раз (0.6 в минуту охоты, в полную силу 100%), остановили цель 13 раз, в среднем в 31.1 блоках от неё"
1790524955,hunt,8,8296,659825,131463,0.05,0.77,0.741,1.967,2.0819,2.0472,"{""distance_dm"": 2873070, ""killed"": 88, ""kills"": 11, ""hits"": 16, ""full_hits"": 12}","попал по цели 16 раз (0.8 в минуту охоты, в полную силу 75%), остановили цель 11 раз, в среднем в 34.6 блоках от неё"
1790525016,hunt,8,2856,662681,132177,0.05,0.42,0.5708,2.1154,2.1593,2.1304,"{""distance_dm"": 901874, ""killed"": 24, ""kills"": 3, ""hits"": 3, ""full_hits"": 3}","попал по цели 3 раза (0.4 в минуту охоты, в полную силу 100%), остановили цель 3 раза, в среднем в 31.6 блоках от неё"
1790525543,hunt,8,8440,671129,134157,0.05,0.57,0.429,2.0473,2.172,2.1366,"{""distance_dm"": 1831533, ""killed"": 88, ""kills"": 11, ""hits"": 12, ""full_hits"": 11, ""stood_still"": 3}","попал по цели 12 раз (0.6 в минуту охоты, в полную силу 92%), остановили цель 11 раз, в среднем в 21.7 блоках от неё, застаивались 3 раза"
1790525999,hunt,8,9040,680169,136417,0.05,0.75,0.5424,2.0432,2.2337,2.1596,"{""distance_dm"": 2782190, ""killed"": 80, ""hits"": 17, ""full_hits"": 15, ""crits"": 2, ""kills"": 10}","попал по цели 17 раз (0.8 в минуту охоты, в полную силу 88%, критов 12%), остановили цель 10 раз, в среднем в 30.8 блоках от неё"
1790526508,hunt,8,7640,687809,138327,0.05,0.68,0.2232,1.9465,2.0462,2.0096,"{""distance_dm"": 1663198, ""stood_still"": 4, ""killed"": 64, ""kills"": 8, ""hits"": 13, ""full_hits"": 13, ""crits"": 1}","попал по цели 13 раз (0.7 в минуту охоты, в полную силу 100%, критов 8%), остановили цель 8 раз, в среднем в 21.8 блоках от неё, застаивались 4 раза"
1790526797,hunt,8,7624,695433,140101,0.05,1.1,0.8534,1.9606,1.9667,1.9066,"{""distance_dm"": 2087547, ""killed"": 112, ""hits"": 21, ""full_hits"": 21, ""kills"": 14, ""crits"": 3}","попал по цели 21 раз (1.1 в минуту охоты, в полную силу 100%, критов 14%), остановили цель 14 раз, в среднем в 27.4 блоках от неё"
1790527138,hunt,8,8944,704385,142339,0.05,0.67,0.2843,2.0838,2.1571,2.0518,"{""distance_dm"": 2538936, ""killed"": 72, ""kills"": 9, ""hits"": 15, ""full_hits"": 14, ""stood_still"": 4, ""crits"": 1}","попал по цели 15 раз (0.7 в минуту охоты, в полную силу 93%, критов 7%), остановили цель 9 раз, в среднем в 28.4 блоках от неё, застаивались 4 раза"
1790527425,hunt,8,7672,712049,144255,0.05,0.42,0.1859,1.8111,1.9697,1.873,"{""distance_dm"": 2043667, ""killed"": 56, ""hits"": 8, ""full_hits"": 7, ""crits"": 1, ""kills"": 7, ""stood_still"": 4}","попал по цели 8 раз (0.4 в минуту охоты, в полную силу 88%, критов 12%), остановили цель 7 раз, в среднем в 26.6 блоках от неё, застаивались 4 раза"
1790527675,hunt,8,7880,719929,146093,0.05,1.12,0.7586,1.8638,2.0453,1.8534,"{""distance_dm"": 2095371, ""hits"": 22, ""full_hits"": 20, ""crits"": 4, ""killed"": 104, ""kills"": 13}","попал по цели 22 раза (1.1 в минуту охоты, в полную силу 91%, критов 18%), остановили цель 13 раз, в среднем в 26.6 блоках от неё"
1790527702,hunt,8,896,720825,146317,0.05,0.45,0.5803,2.8072,3.2234,2.7599,"{""distance_dm"": 341330, ""killed"": 8, ""kills"": 1, ""hits"": 1, ""full_hits"": 1}","попал по цели 1 раз (0.4 в минуту охоты, в полную силу 100%), остановили цель 1 раз, в среднем в 38.1 блоках от неё"
1790527984,hunt,8,7688,728521,148109,0.05,0.83,0.9288,1.8729,2.1588,1.8988,"{""distance_dm"": 2541675, ""killed"": 104, ""kills"": 13, ""hits"": 16, ""full_hits"": 15, ""crits"": 1}","попал по цели 16 раз (0.8 в минуту охоты, в полную силу 94%, критов 6%), остановили цель 13 раз, в среднем в 33.1 блоках от неё"
1790528321,hunt,8,8456,736969,150221,0.05,0.76,0.8179,1.9995,2.3655,2.1667,"{""distance_dm"": 2662444, ""kills"": 12, ""killed"": 96, ""hits"": 16, ""full_hits"": 14, ""crits"": 1}","попал по цели 16 раз (0.8 в минуту охоты, в полную силу 88%, критов 6%), остановили цель 12 раз, в среднем в 31.5 блоках от неё"
1790528689,hunt,8,7552,744529,152111,0.05,0.85,0.8584,1.9033,2.2599,2.0602,"{""distance_dm"": 2453926, ""killed"": 96, ""kills"": 12, ""hits"": 16, ""full_hits"": 16}","попал по цели 16 раз (0.8 в минуту охоты, в полную силу 100%), остановили цель 12 раз, в среднем в 32.5 блоках от неё"
1790529060,hunt,8,8296,752825,154053,0.05,1.01,0.7766,1.4609,1.7482,1.5084,"{""distance_dm"": 2315685, ""killed"": 96, ""kills"": 12, ""hits"": 21, ""full_hits"": 20}","попал по цели 21 раз (1.0 в минуту охоты, в полную силу 95%), остановили цель 12 раз, в среднем в 27.9 блоках от неё"
1790529340,hunt,8,7000,759833,155805,0.05,1.54,0.712,1.7027,2.0527,1.7625,"{""distance_dm"": 2406728, ""killed"": 64, ""hits"": 27, ""full_hits"": 26, ""crits"": 4, ""kills"": 8}","попал по цели 27 раз (1.5 в минуту охоты, в полную силу 96%, критов 15%), остановили цель 8 раз, в среднем в 34.4 блоках от неё"
1790529784,hunt,8,8072,767913,157693,0.05,1.24,0.8353,1.5745,1.8035,1.6552,"{""distance_dm"": 2006209, ""killed"": 96, ""hits"": 25, ""full_hits"": 23, ""crits"": 2, ""kills"": 12, ""goals"": 1}","попал по цели 25 раз (1.2 в минуту охоты, в полную силу 92%, критов 8%), остановили цель 12 раз, в среднем в 24.9 блоках от неё"
1790530257,hunt,8,8288,776201,159765,0.05,1.01,0.7817,1.7629,1.9998,1.9199,"{""distance_dm"": 1895293, ""killed"": 96, ""hits"": 21, ""full_hits"": 21, ""kills"": 12, ""crits"": 1}","попал по цели 21 раз (1.0 в минуту охоты, в полную силу 100%, критов 5%), остановили цель 12 раз, в среднем в 22.9 блоках от неё"
1790530814,hunt,8,9784,785977,162209,0.05,0.78,0.4096,1.8225,2.0415,1.9527,"{""distance_dm"": 1506205, ""hits"": 19, ""full_hits"": 18, ""killed"": 64, ""stood_still"": 8, ""kills"": 8, ""crits"": 1}","попал по цели 19 раз (0.8 в минуту охоты, в полную силу 95%, критов 5%), остановили цель 8 раз, в среднем в 15.4 блоках от неё, застаивались 8 раз"
1790531404,hunt,8,7720,793705,164141,0.05,0.47,0.4208,1.5398,1.7751,1.735,"{""distance_dm"": 1407302, ""killed"": 48, ""kills"": 6, ""hits"": 9, ""full_hits"": 9, ""stood_still"": 4, ""crits"": 2}","попал по цели 9 раз (0.5 в минуту охоты, в полную силу 100%, критов 22%), остановили цель 6 раз, в среднем в 18.2 блоках от неё, застаивались 4 раза"
1790538110,bridge,8,11945,11953,2855,0.7161,1.0,-0.3168,2.412,2.8521,2.4319,"{""crossed"": 30}",перешёл пропасть 30 раз (1.00 в минуту на бота)
1790538648,bridge,8,12086,24038,5876,0.4291,0.0,-0.5041,1.6636,1.8564,1.8494,{},перешёл пропасть 0 раз (0.00 в минуту на бота)
1790539205,bridge,8,12523,36561,9007,0.1317,0.0,-0.2,1.4641,1.5904,1.5655,{},перешёл пропасть 0 раз (0.00 в минуту на бота)
1790539638,bridge,8,9399,45961,11357,0.05,0.0,0.0284,1.1587,1.2777,1.2366,{},перешёл пропасть 0 раз (0.00 в минуту на бота)
1790540176,bridge,8,12507,58476,14352,0.05,2.59,0.5704,1.9847,2.6074,2.0289,"{""crossed"": 81, ""time_up"": 20}","перешёл пропасть 81 раз (2.59 в минуту на бота), застрял 20 раз"
1790540679,bridge,8,10265,68741,16918,0.05,2.22,0.5403,1.1905,1.9398,1.2303,"{""crossed"": 57, ""time_up"": 19}","перешёл пропасть 57 раз (2.22 в минуту на бота), застрял 19 раз"
1790541101,bridge,8,12551,81300,19924,0.05,2.84,0.6489,1.6087,1.5689,1.4171,"{""crossed"": 89, ""time_up"": 15}","перешёл пропасть 89 раз (2.84 в минуту на бота), застрял 15 раз"
1790541694,bridge,8,12524,93824,23055,0.05,3.1,0.7318,1.4428,1.7125,1.4538,"{""crossed"": 97, ""time_up"": 15}","перешёл пропасть 97 раз (3.10 в минуту на бота), застрял 15 раз"
1790542309,bridge,8,12556,106380,26194,0.05,2.9,0.6892,1.3353,1.5493,1.3728,"{""time_up"": 19, ""crossed"": 91}","перешёл пропасть 91 раз (2.90 в минуту на бота), застрял 19 раз"
1790543104,bridge,8,12501,118880,29319,0.05,3.04,0.6981,1.3298,1.5445,1.4613,"{""crossed"": 95, ""time_up"": 14}","перешёл пропасть 95 раз (3.04 в минуту на бота), застрял 14 раз"
1790543953,bridge,8,12592,131473,32468,0.05,3.27,0.8505,1.3599,1.6089,1.5565,"{""crossed"": 103, ""time_up"": 19}","перешёл пропасть 103 раза (3.27 в минуту на бота), застрял 19 раз"
1790544443,bridge,8,11025,142498,35224,0.05,2.61,0.6612,1.3807,1.5857,1.5759,"{""crossed"": 72, ""time_up"": 16}","перешёл пропасть 72 раза (2.61 в минуту на бота), застрял 16 раз"
1790544892,bridge,8,12630,155136,38250,0.01,3.39,0.8169,1.4036,1.6131,1.4594,"{""crossed"": 107, ""time_up"": 38, ""fell"": 17}","перешёл пропасть 107 раз (3.39 в минуту на бота), упал 17 раз, застрял 38 раз"
1790545464,bridge,8,12634,167770,41408,0.01,3.55,0.8503,1.5741,1.6522,1.5987,"{""crossed"": 112, ""time_up"": 36, ""fell"": 18}","перешёл пропасть 112 раз (3.55 в минуту на бота), упал 18 раз, застрял 36 раз"
1790546083,bridge,8,12641,180411,44569,0.01,3.54,0.8569,1.5885,1.6949,1.611,"{""crossed"": 112, ""time_up"": 40, ""fell"": 15}","перешёл пропасть 112 раз (3.54 в минуту на бота), упал 15 раз, застрял 40 раз"
1790546607,bridge,8,12642,193053,47729,0.01,3.39,0.845,1.5861,1.6929,1.607,"{""crossed"": 107, ""time_up"": 43, ""fell"": 8}","перешёл пропасть 107 раз (3.39 в минуту на бота), упал 8 раз, застрял 43 раза"
1790547164,bridge,8,12633,205686,50887,0.01,3.51,0.8579,1.6095,1.6627,1.598,"{""crossed"": 111, ""time_up"": 42, ""fell"": 14}","перешёл пропасть 111 раз (3.51 в минуту на бота), упал 14 раз, застрял 42 раза"
1790547695,bridge,8,12638,218324,54047,0.01,3.45,0.852,1.5942,1.6568,1.6103,"{""crossed"": 109, ""time_up"": 41, ""fell"": 12}","перешёл пропасть 109 раз (3.45 в минуту на бота), упал 12 раз, застрял 41 раз"
1790548148,bridge,8,9942,228266,56532,0.01,3.82,0.9644,1.6154,1.6687,1.653,"{""crossed"": 95, ""time_up"": 28, ""fell"": 7}","перешёл пропасть 95 раз (3.82 в минуту на бота), упал 7 раз, застрял 28 раз"
1790613909,bridge,12,18766,247044,61136,0.01,2.34,0.5003,3.0067,2.5933,2.1828,"{""start_up"": 49, ""cross_ms"": 1052817, ""crossed_up"": 17, ""crossed"": 110, ""start_straight"": 88, ""crossed_straight"": 51, ""start_down"": 46, ""crossed_down"": 24, ""start_turn"": 33, ""crossed_turn"": 18, ""time_up"": 57, ""time_up_down"": 10, ""fell_turn"": 6, ""fell"": 37, ""fell_up"": 9, ""time_up_up"": 19, ""time_up_straight"": 19, ""time_up_turn"": 9, ""fell_straight"": 14, ""fell_down"": 8}","перешёл пропасть 110 раз (2.34 в минуту на бота), в среднем за 9.6 с, упал 37 раз, застрял 57 раз · дошёл из попыток: прямо 51/88, вверх 17/49, вниз 24/46, Г 18/33"
1790614323,bridge,12,18763,265807,65827,0.01,2.6,0.547,2.665,2.381,2.1393,"{""cross_ms"": 1215579, ""crossed_down"": 30, ""crossed"": 122, ""start_down"": 46, ""start_straight"": 91, ""crossed_straight"": 52, ""start_up"": 51, ""crossed_up"": 24, ""start_turn"": 30, ""crossed_turn"": 16, ""fell_straight"": 17, ""fell"": 43, ""fell_up"": 6, ""time_up"": 53, ""time_up_straight"": 21, ""fell_down"": 13, ""time_up_turn"": 5, ""time_up_up"": 22, ""fell_turn"": 7, ""time_up_down"": 5}","перешёл пропасть 122 раза (2.60 в минуту на бота), в среднем за 10.0 с, упал 43 раза, застрял 53 раза · дошёл из попыток: прямо 52/91, вверх 24/51, вниз 30/46, Г 16/30"
1790614892,bridge,12,18752,284559,70515,0.01,2.88,0.6161,2.5028,2.3704,2.1901,"{""cross_ms"": 1295673, ""crossed_up"": 16, ""crossed"": 135, ""start_straight"": 95, ""crossed_straight"": 72, ""start_down"": 47, ""crossed_down"": 28, ""start_up"": 49, ""start_turn"": 39, ""crossed_turn"": 19, ""fell_straight"": 16, ""fell"": 46, ""fell_down"": 7, ""time_up"": 49, ""time_up_down"": 11, ""time_up_up"": 22, ""fell_turn"": 12, ""fell_up"": 11, ""time_up_straight"": 6, ""time_up_turn"": 10}","перешёл пропасть 135 раз (2.88 в минуту на бота), в среднем за 9.6 с, упал 46 раз, застрял 49 раз · дошёл из попыток: прямо 72/95, вверх 16/49, вниз 28/47, Г 19/39"
1790615317,bridge,12,18732,303291,75198,0.01,3.29,0.7539,2.5408,2.4973,2.3464,"{""cross_ms"": 1483007, ""crossed_up"": 23, ""crossed"": 154, ""start_turn"": 43, ""crossed_turn"": 27, ""start_up"": 47, ""start_straight"": 100, ""crossed_straight"": 70, ""start_down"": 44, ""crossed_down"": 34, ""fell_straight"": 18, ""fell"": 37, ""fell_up"": 6, ""time_up"": 43, ""time_up_straight"": 12, ""time_up_up"": 20, ""time_up_turn"": 7, ""fell_down"": 6, ""time_up_down"": 4, ""fell_turn"": 7}","перешёл пропасть 154 раза (3.29 в минуту на бота), в среднем за 9.6 с, упал 37 раз, застрял 43 раза · дошёл из попыток: прямо 70/100, вверх 23/47, вниз 34/44, Г 27/43"
1790615704,bridge,12,13328,316619,78530,0.01,3.48,0.798,2.5854,2.591,2.4391,"{""cross_ms"": 1099320, ""crossed_turn"": 19, ""crossed"": 116, ""start_up"": 29, ""crossed_up"": 13, ""start_straight"": 78, ""crossed_straight"": 62, ""start_down"": 31, ""crossed_down"": 22, ""start_turn"": 32, ""fell_straight"": 12, ""fell"": 26, ""fell_turn"": 9, ""time_up"": 28, ""time_up_up"": 14, ""time_up_turn"": 4, ""time_up_straight"": 3, ""time_up_down"": 7, ""fell_up"": 1, ""fell_down"": 4}","перешёл пропасть 116 раз (3.48 в минуту на бота), в среднем за 9.5 с, упал 26 раз, застрял 28 раз · дошёл из попыток: прямо 62/78, вверх 13/29, вниз 22/31, Г 19/32"
1790616176,bridge,12,18705,335336,83119,0.01,2.93,0.5931,2.1108,2.43,2.1225,"{""start_up"": 53, ""cross_ms"": 1329716, ""crossed_up"": 26, ""crossed"": 137, ""start_straight"": 95, ""crossed_straight"": 61, ""start_turn"": 45, ""crossed_turn"": 19, ""start_down"": 47, ""crossed_down"": 31, ""fell_up"": 12, ""fell"": 54, ""time_up"": 37, ""time_up_straight"": 11, ""fell_down"": 7, ""time_up_up"": 13, ""time_up_turn"": 7, ""fell_turn"": 16, ""time_up_down"": 6, ""fell_straight"": 19}","перешёл пропасть 137 раз (2.93 в минуту на бота), в среднем за 9.7 с, упал 54 раза, застрял 37 раз · дошёл из попыток: прямо 61/95, вверх 26/53, вниз 31/47, Г 19/45"
1790616516,bridge,12,18726,354062,87801,0.01,3.18,0.6789,2.2935,2.4509,2.214,"{""cross_ms"": 1510315, ""crossed_down"": 26, ""crossed"": 149, ""start_down"": 45, ""start_up"": 44, ""crossed_up"": 24, ""start_straight"": 104, ""crossed_straight"": 80, ""start_turn"": 40, ""crossed_turn"": 19, ""time_up"": 34, ""time_up_up"": 10, ""fell_turn"": 15, ""fell"": 50, ""time_up_straight"": 11, ""fell_straight"": 14, ""fell_up"": 9, ""fell_down"": 12, ""time_up_down"": 8, ""time_up_turn"": 5}","перешёл пропасть 149 раз (3.18 в минуту на бота), в среднем за 10.1 с, упал 50 раз, застрял 34 раза · дошёл из попыток: прямо 80/104, вверх 24/44, вниз 26/45, Г 19/40"
1790617075,bridge,12,18720,372782,92481,0.01,3.57,0.7908,2.2521,2.3963,2.1765,"{""cross_ms"": 1695713, ""crossed_straight"": 62, ""crossed"": 167, ""start_down"": 64, ""crossed_down"": 50, ""start_turn"": 39, ""crossed_turn"": 23, ""start_straight"": 90, ""start_up"": 52, ""crossed_up"": 32, ""time_up"": 32, ""time_up_down"": 6, ""time_up_straight"": 10, ""fell_straight"": 16, ""fell"": 46, ""time_up_up"": 8, ""fell_turn"": 9, ""fell_up"": 11, ""time_up_turn"": 8, ""fell_down"": 10}","перешёл пропасть 167 раз (3.57 в минуту на бота), в среднем за 10.2 с, упал 46 раз, застрял 32 раза · дошёл из попыток: прямо 62/90, вверх 32/52, вниз 50/64, Г 23/39"
1790617354,bridge,12,10036,382817,94990,0.01,3.71,0.8182,2.2772,2.3999,2.1993,"{""cross_ms"": 895629, ""crossed_straight"": 35, ""crossed"": 93, ""start_turn"": 32, ""crossed_turn"": 16, ""start_down"": 33, ""crossed_down"": 22, ""start_straight"": 48, ""start_up"": 21, ""crossed_up"": 20, ""time_up"": 13, ""time_up_turn"": 4, ""fell_turn"": 11, ""fell"": 29, ""fell_straight"": 12, ""fell_down"": 5, ""time_up_down"": 4, ""time_up_straight"": 3, ""time_up_up"": 2, ""fell_up"": 1}","перешёл пропасть 93 раза (3.71 в минуту на бота), в среднем за 9.6 с, упал 29 раз, застрял 13 раз · дошёл из попыток: прямо 35/48, вверх 20/21, вниз 22/33, Г 16/32"
1790617926,bridge,12,18698,401527,99577,0.01,3.27,0.7487,1.7524,1.8977,1.7214,"{""start_up"": 44, ""cross_ms"": 1399906, ""crossed_up"": 29, ""crossed"": 153, ""start_straight"": 109, ""crossed_straight"": 79, ""start_turn"": 41, ""crossed_turn"": 18, ""start_down"": 47, ""crossed_down"": 27, ""time_up"": 40, ""time_up_straight"": 13, ""fell_straight"": 14, ""fell"": 36, ""time_up_up"": 6, ""time_up_down"": 9, ""time_up_turn"": 12, ""fell_turn"": 8, ""fell_down"": 10, ""fell_up"": 4}","перешёл пропасть 153 раза (3.27 в минуту на бота), в среднем за 9.1 с, упал 36 раз, застрял 40 раз · дошёл из попыток: прямо 79/109, вверх 29/44, вниз 27/47, Г 18/41"
1790618292,bridge,12,18692,420219,104250,0.01,3.7,0.8192,2.0208,2.0789,1.9736,"{""cross_ms"": 1643205, ""crossed_turn"": 35, ""crossed"": 173, ""start_turn"": 58, ""start_up"": 55, ""crossed_up"": 40, ""start_straight"": 97, ""crossed_straight"": 72, ""start_down"": 40, ""crossed_down"": 26, ""fell_turn"": 12, ""fell"": 48, ""fell_down"": 8, ""time_up"": 29, ""time_up_straight"": 8, ""fell_straight"": 18, ""time_up_down"": 6, ""time_up_up"": 5, ""time_up_turn"": 10, ""fell_up"": 10}","перешёл пропасть 173 раза (3.70 в минуту на бота), в среднем за 9.5 с, упал 48 раз, застрял 29 раз · дошёл из попыток: прямо 72/97, вверх 40/55, вниз 26/40, Г 35/58"
1790618837,bridge,12,18730,438949,108933,0.01,3.46,0.7599,2.0683,2.0897,2.0087,"{""cross_ms"": 1643813, ""crossed_down"": 30, ""crossed"": 162, ""start_straight"": 109, ""crossed_straight"": 79, ""start_turn"": 41, ""crossed_turn"": 27, ""start_down"": 46, ""start_up"": 39, ""crossed_up"": 26, ""time_up"": 28, ""time_up_up"": 7, ""time_up_turn"": 8, ""fell_down"": 11, ""fell"": 45, ""fell_straight"": 17, ""time_up_straight"": 11, ""fell_up"": 10, ""fell_turn"": 7, ""time_up_down"": 2}","перешёл пропасть 162 раза (3.46 в минуту на бота), в среднем за 10.1 с, упал 45 раз, застрял 28 раз · дошёл из попыток: прямо 79/109, вверх 26/39, вниз 30/46, Г 27/41"
1790619323,bridge,12,18684,457632,113603,0.01,3.73,0.8147,2.0404,2.0422,2.016,"{""cross_ms"": 1647248, ""crossed_down"": 33, ""crossed"": 174, ""start_down"": 47, ""start_straight"": 112, ""crossed_straight"": 88, ""start_turn"": 50, ""crossed_turn"": 27, ""start_up"": 44, ""crossed_up"": 26, ""time_up"": 27, ""time_up_down"": 8, ""fell_straight"": 17, ""fell"": 53, ""fell_down"": 9, ""time_up_straight"": 8, ""fell_turn"": 16, ""fell_up"": 11, ""time_up_up"": 4, ""time_up_turn"": 7}","перешёл пропасть 174 раза (3.73 в минуту на бота), в среднем за 9.5 с, упал 53 раза, застрял 27 раз · дошёл из попыток: прямо 88/112, вверх 26/44, вниз 33/47, Г 27/50"
1790619888,bridge,12,18668,476301,118271,0.01,4.03,0.9066,2.1174,2.0874,2.1012,"{""cross_ms"": 1811507, ""crossed_up"": 42, ""crossed"": 188, ""start_straight"": 95, ""crossed_straight"": 80, ""start_turn"": 56, ""crossed_turn"": 36, ""start_down"": 53, ""crossed_down"": 30, ""start_up"": 54, ""time_up"": 22, ""time_up_down"": 7, ""fell_straight"": 8, ""fell"": 47, ""fell_turn"": 13, ""fell_down"": 13, ""fell_up"": 13, ""time_up_straight"": 7, ""time_up_turn"": 6, ""time_up_up"": 2}","перешёл пропасть 188 раз (4.03 в минуту на бота), в среднем за 9.6 с, упал 47 раз, застрял 22 раза · дошёл из попыток: прямо 80/95, вверх 42/54, вниз 30/53, Г 36/56"
1790620441,bridge,12,18662,494963,122936,0.01,4.01,0.8868,2.1793,2.1184,2.1553,"{""cross_ms"": 1861158, ""crossed_turn"": 42, ""crossed"": 187, ""start_down"": 51, ""crossed_down"": 36, ""start_up"": 46, ""crossed_up"": 37, ""start_straight"": 99, ""crossed_straight"": 72, ""start_turn"": 62, ""fell_down"": 14, ""fell"": 55, ""time_up"": 16, ""time_up_turn"": 6, ""fell_straight"": 21, ""time_up_straight"": 7, ""fell_turn"": 14, ""fell_up"": 6, ""time_up_down"": 2, ""time_up_up"": 1}","перешёл пропасть 187 раз (4.01 в минуту на бота), в среднем за 10.0 с, упал 55 раз, застрял 16 раз · дошёл из попыток: прямо 72/99, вверх 37/46, вниз 36/51, Г 42/62"
1790620470,bridge,12,922,495885,123167,0.01,4.77,1.1903,2.1731,2.128,2.1573,"{""cross_ms"": 115795, ""crossed_turn"": 3, ""crossed"": 11, ""start_down"": 1, ""start_turn"": 5, ""start_up"": 3, ""crossed_straight"": 4, ""crossed_down"": 2, ""crossed_up"": 2, ""start_straight"": 4, ""time_up"": 2, ""time_up_down"": 1, ""time_up_turn"": 1}","перешёл пропасть 11 раз (4.77 в минуту на бота), в среднем за 10.5 с, застрял 2 раза · дошёл из попыток: прямо 4/4, вверх 2/3, вниз 2/1, Г 3/5"
1790621178,bridge,12,18640,514535,127739,0.01,4.12,0.9733,1.4981,1.5022,1.4909,"{""start_straight"": 110, ""cross_ms"": 1835805, ""crossed_straight"": 88, ""crossed"": 192, ""start_turn"": 55, ""crossed_turn"": 35, ""start_down"": 52, ""crossed_down"": 36, ""start_up"": 45, ""crossed_up"": 33, ""fell_down"": 10, ""fell"": 35, ""fell_straight"": 11, ""time_up"": 25, ""time_up_straight"": 7, ""fell_turn"": 9, ""time_up_up"": 4, ""fell_up"": 5, ""time_up_down"": 6, ""time_up_turn"": 8}","перешёл пропасть 192 раза (4.12 в минуту на бота), в среднем за 9.6 с, упал 35 раз, застрял 25 раз · дошёл из попыток: прямо 88/110, вверх 33/45, вниз 36/52, Г 35/55"
1790621533,bridge,12,18637,533174,132399,0.01,4.53,1.0615,1.6691,1.6061,1.6201,"{""cross_ms"": 2016550, ""crossed_turn"": 34, ""crossed"": 211, ""start_straight"": 120, ""crossed_straight"": 109, ""start_down"": 54, ""crossed_down"": 40, ""start_up"": 40, ""crossed_up"": 28, ""start_turn"": 54, ""fell_turn"": 14, ""fell"": 39, ""fell_up"": 9, ""time_up"": 16, ""time_up_up"": 2, ""fell_straight"": 8, ""time_up_down"": 3, ""time_up_straight"": 4, ""time_up_turn"": 7, ""fell_down"": 8}","перешёл пропасть 211 раз (4.53 в минуту на бота), в среднем за 9.6 с, упал 39 раз, застрял 16 раз · дошёл из попыток: прямо 109/120, вверх 28/40, вниз 40/54, Г 34/54"
1790622103,bridge,12,18666,551840,137065,0.01,4.5,1.0597,1.7159,1.6768,1.6988,"{""cross_ms"": 1983399, ""crossed_up"": 47, ""crossed"": 210, ""start_straight"": 101, ""crossed_straight"": 81, ""start_down"": 63, ""crossed_down"": 46, ""start_turn"": 46, ""crossed_turn"": 36, ""start_up"": 56, ""fell_straight"": 13, ""fell"": 42, ""time_up"": 14, ""time_up_up"": 1, ""fell_down"": 11, ""fell_turn"": 10, ""time_up_down"": 5, ""time_up_straight"": 6, ""fell_up"": 8, ""time_up_turn"": 2}","перешёл пропасть 210 раз (4.50 в минуту на бота), в среднем за 9.4 с, упал 42 раза, застрял 14 раз · дошёл из попыток: прямо 81/101, вверх 47/56, вниз 46/63, Г 36/46"
1790622546,bridge,12,18639,570478,141725,0.01,4.38,0.9912,1.7731,1.7422,1.7642,"{""cross_ms"": 2011446, ""crossed_straight"": 87, ""crossed"": 204, ""start_turn"": 60, ""crossed_turn"": 41, ""start_up"": 61, ""crossed_up"": 49, ""start_straight"": 108, ""start_down"": 35, ""crossed_down"": 27, ""fell_straight"": 18, ""fell"": 48, ""time_up"": 13, ""time_up_straight"": 2, ""fell_turn"": 13, ""time_up_turn"": 4, ""fell_down"": 5, ""fell_up"": 12, ""time_up_up"": 2, ""time_up_down"": 5}","перешёл пропасть 204 раза (4.38 в минуту на бота), в среднем за 9.9 с, упал 48 раз, застрял 13 раз · дошёл из попыток: прямо 87/108, вверх 49/61, вниз 27/35, Г 41/60"
1790623014,bridge,12,8611,579090,143878,0.01,4.41,1.0423,1.7967,1.7692,1.7903,"{""cross_ms"": 962971, ""crossed_down"": 21, ""crossed"": 95, ""start_straight"": 47, ""crossed_straight"": 43, ""start_down"": 28, ""start_turn"": 27, ""crossed_turn"": 18, ""start_up"": 15, ""crossed_up"": 13, ""fell_turn"": 9, ""fell"": 16, ""time_up"": 5, ""time_up_turn"": 2, ""fell_up"": 2, ""fell_straight"": 3, ""fell_down"": 2, ""time_up_straight"": 1, ""time_up_down"": 2}","перешёл пропасть 95 раз (4.41 в минуту на бота), в среднем за 10.1 с, упал 16 раз, застрял 5 раз · дошёл из попыток: прямо 43/47, вверх 13/15, вниз 21/28, Г 18/27"
1790623444,bridge,12,18662,597764,148457,0.01,3.9,0.8922,1.4927,1.5884,1.5759,"{""start_down"": 59, ""cross_ms"": 1729451, ""crossed_down"": 39, ""crossed"": 182, ""start_turn"": 54, ""crossed_turn"": 30, ""start_straight"": 97, ""crossed_straight"": 78, ""start_up"": 49, ""crossed_up"": 35, ""fell_straight"": 8, ""fell"": 40, ""fell_up"": 7, ""fell_down"": 11, ""time_up"": 25, ""time_up_turn"": 6, ""fell_turn"": 14, ""time_up_down"": 8, ""time_up_straight"": 6, ""time_up_up"": 5}","перешёл пропасть 182 раза (3.90 в минуту на бота), в среднем за 9.5 с, упал 40 раз, застрял 25 раз · дошёл из попыток: прямо 78/97, вверх 35/49, вниз 39/59, Г 30/54"
1790623789,bridge,12,18652,616416,153120,0.01,3.99,0.8974,1.6889,1.6924,1.7014,"{""cross_ms"": 1874657, ""crossed_turn"": 34, ""crossed"": 186, ""start_turn"": 58, ""start_straight"": 97, ""crossed_straight"": 85, ""start_down"": 52, ""crossed_down"": 37, ""start_up"": 40, ""crossed_up"": 30, ""time_up"": 24, ""time_up_turn"": 6, ""time_up_down"": 7, ""time_up_straight"": 7, ""fell_down"": 6, ""fell"": 37, ""fell_turn"": 18, ""fell_straight"": 7, ""fell_up"": 6, ""time_up_up"": 4}","перешёл пропасть 186 раз (3.99 в минуту на бота), в среднем за 10.1 с, упал 37 раз, застрял 24 раза · дошёл из попыток: прямо 85/97, вверх 30/40, вниз 37/52, Г 34/58"
1790624305,bridge,12,18642,635058,157780,0.01,4.25,0.9775,1.7822,1.7838,1.78,"{""cross_ms"": 1945749, ""crossed_down"": 37, ""crossed"": 198, ""start_up"": 55, ""crossed_up"": 44, ""start_turn"": 55, ""crossed_turn"": 32, ""start_straight"": 105, ""crossed_straight"": 85, ""start_down"": 43, ""time_up"": 21, ""time_up_turn"": 9, ""fell_straight"": 13, ""fell"": 39, ""fell_turn"": 15, ""time_up_straight"": 8, ""time_up_up"": 3, ""time_up_down"": 1, ""fell_up"": 6, ""fell_down"": 5}","перешёл пропасть 198 раз (4.25 в минуту на бота), в среднем за 9.8 с, упал 39 раз, застрял 21 раз · дошёл из попыток: прямо 85/105, вверх 44/55, вниз 37/43, Г 32/55"
1790624661,bridge,12,18634,653692,162439,0.01,4.46,1.0494,1.8302,1.8509,1.8532,"{""cross_ms"": 2038909, ""crossed_up"": 34, ""crossed"": 208, ""start_straight"": 111, ""crossed_straight"": 83, ""start_up"": 44, ""start_down"": 51, ""crossed_down"": 42, ""start_turn"": 58, ""crossed_turn"": 49, ""fell_straight"": 18, ""fell"": 41, ""fell_turn"": 7, ""fell_up"": 7, ""time_up"": 15, ""time_up_up"": 4, ""time_up_turn"": 4, ""time_up_down"": 3, ""fell_down"": 9, ""time_up_straight"": 4}","перешёл пропасть 208 раз (4.46 в минуту на бота), в среднем за 9.8 с, упал 41 раз, застрял 15 раз · дошёл из попыток: прямо 83/111, вверх 34/44, вниз 42/51, Г 49/58"
1790625166,bridge,12,18665,672357,167105,0.01,4.16,0.9577,1.8441,1.8477,1.8345,"{""cross_ms"": 1975142, ""crossed_straight"": 75, ""crossed"": 194, ""start_straight"": 93, ""start_turn"": 49, ""crossed_turn"": 31, ""start_up"": 52, ""crossed_up"": 45, ""start_down"": 55, ""crossed_down"": 43, ""fell_turn"": 11, ""fell"": 33, ""fell_straight"": 11, ""fell_up"": 6, ""time_up"": 22, ""time_up_turn"": 7, ""time_up_up"": 2, ""time_up_down"": 3, ""time_up_straight"": 10, ""fell_down"": 5}","перешёл пропасть 194 раза (4.16 в минуту на бота), в среднем за 10.2 с, упал 33 раза, застрял 22 раза · дошёл из попыток: прямо 75/93, вверх 45/52, вниз 43/55, Г 31/49"
1790625483,bridge,12,11868,684225,170072,0.01,4.62,1.0701,1.8448,1.8462,1.8235,"{""cross_ms"": 1361214, ""crossed_down"": 28, ""crossed"": 137, ""start_straight"": 76, ""crossed_straight"": 64, ""start_down"": 34, ""start_up"": 30, ""crossed_up"": 25, ""start_turn"": 32, ""crossed_turn"": 20, ""fell_down"": 6, ""fell"": 27, ""fell_straight"": 11, ""fell_turn"": 6, ""time_up"": 8, ""time_up_turn"": 5, ""time_up_down"": 2, ""fell_up"": 4, ""time_up_straight"": 1}","перешёл пропасть 137 раз (4.62 в минуту на бота), в среднем за 9.9 с, упал 27 раз, застрял 8 раз · дошёл из попыток: прямо 64/76, вверх 25/30, вниз 28/34, Г 20/32"
1790625984,bridge,12,9316,693553,172314,0.01,3.18,0.6216,1.2921,1.3979,1.3379,"{""start_up"": 21, ""cross_ms"": 729429, ""crossed_up"": 15, ""crossed"": 74, ""start_straight"": 55, ""crossed_straight"": 36, ""start_down"": 30, ""crossed_down"": 14, ""start_turn"": 22, ""crossed_turn"": 9, ""time_up"": 11, ""time_up_straight"": 5, ""fell_straight"": 8, ""fell"": 31, ""fell_down"": 10, ""fell_up"": 4, ""fell_turn"": 9, ""time_up_down"": 2, ""time_up_up"": 2, ""time_up_turn"": 2}","перешёл пропасть 74 раза (3.18 в минуту на бота), в среднем за 9.9 с, упал 31 раз, застрял 11 раз · дошёл из попыток: прямо 36/55, вверх 15/21, вниз 14/30, Г 9/22"
1790627854,bridge,12,11439,705003,175086,0.01,2.87,0.5694,1.4161,1.314,1.3029,"{""start_turn"": 30, ""cross_ms"": 908682, ""crossed_turn"": 11, ""crossed"": 82, ""start_up"": 33, ""crossed_up"": 19, ""start_straight"": 62, ""crossed_straight"": 44, ""start_down"": 16, ""crossed_down"": 8, ""fell_turn"": 10, ""fell"": 25, ""time_up"": 23, ""time_up_turn"": 6, ""time_up_down"": 6, ""fell_up"": 6, ""fell_straight"": 8, ""time_up_up"": 7, ""time_up_straight"": 4, ""fell_down"": 1}","перешёл пропасть 82 раза (2.87 в минуту на бота), в среднем за 11.1 с, упал 25 раз, застрял 23 раза · дошёл из попыток: прямо 44/62, вверх 19/33, вниз 8/16, Г 11/30"
1790628008,bridge,12,18682,723697,175086,0.01,3.0,0.6504,,,,"{""start_straight"": 103, ""cross_ms"": 1448964, ""crossed_straight"": 74, ""crossed"": 140, ""start_down"": 40, ""crossed_down"": 23, ""start_turn"": 40, ""crossed_turn"": 18, ""start_up"": 42, ""crossed_up"": 25, ""time_up"": 43, ""time_up_up"": 12, ""time_up_turn"": 9, ""time_up_straight"": 16, ""fell_straight"": 9, ""fell"": 30, ""fell_up"": 3, ""fell_turn"": 11, ""fell_down"": 7, ""time_up_down"": 6}","перешёл пропасть 140 раз (3.00 в минуту на бота), в среднем за 10.3 с, упал 30 раз, застрял 43 раза · дошёл из попыток: прямо 74/103, вверх 25/42, вниз 23/40, Г 18/40"
1790628467,bridge,12,18660,742357,179462,0.01,3.37,0.7173,1.7515,1.7253,1.7407,"{""cross_ms"": 1576901, ""crossed_down"": 31, ""crossed"": 157, ""start_up"": 59, ""crossed_up"": 46, ""start_turn"": 44, ""crossed_turn"": 22, ""start_straight"": 87, ""crossed_straight"": 58, ""start_down"": 44, ""fell_down"": 7, ""fell"": 45, ""fell_turn"": 15, ""time_up"": 32, ""time_up_down"": 9, ""time_up_straight"": 10, ""time_up_turn"": 8, ""fell_straight"": 16, ""fell_up"": 7, ""time_up_up"": 5}","перешёл пропасть 157 раз (3.37 в минуту на бота), в среднем за 10.0 с, упал 45 раз, застрял 32 раза · дошёл из попыток: прямо 58/87, вверх 46/59, вниз 31/44, Г 22/44"
1790629271,bridge,12,18662,761018,184127,0.01,3.75,0.8115,1.523,1.4953,1.5115,"{""cross_ms"": 1751220, ""crossed_straight"": 75, ""crossed"": 175, ""start_straight"": 90, ""start_turn"": 50, ""crossed_turn"": 19, ""start_up"": 55, ""crossed_up"": 45, ""start_down"": 49, ""crossed_down"": 36, ""time_up"": 21, ""time_up_straight"": 8, ""fell_up"": 9, ""fell"": 49, ""fell_turn"": 17, ""time_up_down"": 2, ""fell_down"": 11, ""time_up_turn"": 9, ""fell_straight"": 12, ""time_up_up"": 2}","перешёл пропасть 175 раз (3.75 в минуту на бота), в среднем за 10.0 с, упал 49 раз, застрял 21 раз · дошёл из попыток: прямо 75/90, вверх 45/55, вниз 36/49, Г 19/50"
1790630076,bridge,12,17210,778229,188430,0.01,3.9,0.8588,1.568,1.5215,1.5455,"{""cross_ms"": 1675001, ""crossed_down"": 32, ""crossed"": 168, ""start_turn"": 41, ""crossed_turn"": 18, ""start_up"": 41, ""crossed_up"": 35, ""start_straight"": 105, ""crossed_straight"": 83, ""start_down"": 47, ""fell_turn"": 18, ""fell"": 48, ""time_up"": 17, ""time_up_turn"": 9, ""fell_straight"": 14, ""fell_down"": 10, ""fell_up"": 6, ""time_up_down"": 4, ""time_up_up"": 2, ""time_up_straight"": 2}","перешёл пропасть 168 раз (3.90 в минуту на бота), в среднем за 10.0 с, упал 48 раз, застрял 17 раз · дошёл из попыток: прямо 83/105, вверх 35/41, вниз 32/47, Г 18/41"
1790630349,bridge,12,18568,796809,188430,0.01,3.9,0.8636,,,,"{""start_straight"": 95, ""cross_ms"": 1754965, ""crossed_straight"": 74, ""crossed"": 181, ""start_up"": 49, ""crossed_up"": 36, ""start_down"": 46, ""crossed_down"": 34, ""start_turn"": 70, ""crossed_turn"": 37, ""fell_straight"": 9, ""fell"": 48, ""time_up"": 19, ""time_up_turn"": 8, ""fell_down"": 9, ""fell_turn"": 22, ""time_up_up"": 4, ""fell_up"": 8, ""time_up_down"": 2, ""time_up_straight"": 5}","перешёл пропасть 181 раз (3.90 в минуту на бота), в среднем за 9.7 с, упал 48 раз, застрял 19 раз · дошёл из попыток: прямо 74/95, вверх 36/49, вниз 34/46, Г 37/70"
1790631095,bridge,12,18591,815400,192761,0.01,3.57,0.7742,2.0684,1.9185,1.9779,"{""cross_ms"": 1700199, ""crossed_down"": 34, ""crossed"": 166, ""start_straight"": 85, ""crossed_straight"": 72, ""start_down"": 54, ""start_up"": 46, ""crossed_up"": 32, ""start_turn"": 52, ""crossed_turn"": 28, ""time_up"": 27, ""time_up_down"": 6, ""fell_straight"": 11, ""fell"": 44, ""fell_turn"": 17, ""time_up_turn"": 8, ""fell_up"": 7, ""time_up_up"": 6, ""time_up_straight"": 7, ""fell_down"": 9}","перешёл пропасть 166 раз (3.57 в минуту на бота), в среднем за 10.2 с, упал 44 раза, застрял 27 раз · дошёл из попыток: прямо 72/85, вверх 32/46, вниз 34/54, Г 28/52"
1790631768,bridge,12,18582,833982,197407,0.01,4.0,0.9088,1.7166,1.6608,1.6929,"{""cross_ms"": 1841356, ""crossed_straight"": 85, ""crossed"": 186, ""start_turn"": 56, ""crossed_turn"": 29, ""start_straight"": 101, ""start_up"": 51, ""crossed_up"": 39, ""start_down"": 48, ""crossed_down"": 33, ""fell_down"": 10, ""fell"": 43, ""time_up"": 27, ""time_up_down"": 9, ""fell_turn"": 15, ""time_up_turn"": 9, ""fell_straight"": 12, ""time_up_straight"": 5, ""time_up_up"": 4, ""fell_up"": 6}","перешёл пропасть 186 раз (4.00 в минуту на бота), в среднем за 9.9 с, упал 43 раза, застрял 27 раз · дошёл из попыток: прямо 85/101, вверх 39/51, вниз 33/48, Г 29/56"
1790632287,bridge,12,18533,852515,202040,0.01,4.12,0.9101,1.7129,1.646,1.675,"{""cross_ms"": 1817362, ""crossed_straight"": 92, ""crossed"": 191, ""start_straight"": 108, ""start_up"": 47, ""crossed_up"": 30, ""start_down"": 51, ""crossed_down"": 38, ""start_turn"": 60, ""crossed_turn"": 31, ""fell_up"": 12, ""fell"": 56, ""fell_turn"": 25, ""fell_down"": 9, ""time_up"": 19, ""time_up_up"": 6, ""time_up_turn"": 4, ""fell_straight"": 10, ""time_up_down"": 4, ""time_up_straight"": 5}","перешёл пропасть 191 раз (4.12 в минуту на бота), в среднем за 9.5 с, упал 56 раз, застрял 19 раз · дошёл из попыток: прямо 92/108, вверх 30/47, вниз 38/51, Г 31/60"
1790633018,bridge,12,18522,871036,206670,0.01,3.63,0.7438,1.7416,1.6943,1.7225,"{""cross_ms"": 1620565, ""crossed_up"": 34, ""crossed"": 168, ""start_turn"": 46, ""crossed_turn"": 28, ""start_up"": 47, ""start_straight"": 105, ""crossed_straight"": 77, ""start_down"": 57, ""crossed_down"": 29, ""fell_straight"": 22, ""fell"": 71, ""fell_turn"": 17, ""fell_up"": 11, ""fell_down"": 21, ""time_up"": 17, ""time_up_turn"": 5, ""time_up_straight"": 3, ""time_up_down"": 6, ""time_up_up"": 3}","перешёл пропасть 168 раз (3.63 в минуту на бота), в среднем за 9.6 с, упал 71 раз, застрял 17 раз · дошёл из попыток: прямо 77/105, вверх 34/47, вниз 29/57, Г 28/46"
1790633597,bridge,12,18516,889553,211300,0.01,4.15,0.9109,1.7631,1.7267,1.7495,"{""start_down"": 58, ""cross_ms"": 1856957, ""crossed_down"": 39, ""crossed"": 192, ""start_turn"": 55, ""crossed_turn"": 33, ""start_straight"": 102, ""crossed_straight"": 79, ""start_up"": 56, ""crossed_up"": 41, ""time_up"": 13, ""time_up_up"": 3, ""fell_up"": 10, ""fell"": 65, ""fell_turn"": 18, ""fell_straight"": 20, ""time_up_turn"": 3, ""fell_down"": 17, ""time_up_down"": 3, ""time_up_straight"": 4}","перешёл пропасть 192 раза (4.15 в минуту на бота), в среднем за 9.7 с, упал 65 раз, застрял 13 раз · дошёл из попыток: прямо 79/102, вверх 41/56, вниз 39/58, Г 33/55"
1790634055,bridge,12,11804,901357,214251,0.01,4.17,0.9405,1.7835,1.737,1.7703,"{""cross_ms"": 1178529, ""crossed_straight"": 51, ""crossed"": 123, ""start_up"": 39, ""crossed_up"": 32, ""start_straight"": 65, ""start_down"": 32, ""crossed_down"": 24, ""start_turn"": 31, ""crossed_turn"": 16, ""fell_up"": 7, ""fell"": 34, ""fell_straight"": 10, ""time_up"": 10, ""time_up_turn"": 4, ""fell_down"": 6, ""fell_turn"": 11, ""time_up_straight"": 2, ""time_up_down"": 3, ""time_up_up"": 1}","перешёл пропасть 123 раза (4.17 в минуту на бота), в среднем за 9.6 с, упал 34 раза, застрял 10 раз · дошёл из попыток: прямо 51/65, вверх 32/39, вниз 24/32, Г 16/31"
1790634231,bridge,12,18586,919955,214251,0.01,4.43,1.0347,,,,"{""start_straight"": 103, ""cross_ms"": 2041610, ""crossed_straight"": 90, ""crossed"": 206, ""start_up"": 58, ""crossed_up"": 44, ""start_turn"": 52, ""crossed_turn"": 34, ""start_down"": 54, ""crossed_down"": 38, ""fell_straight"": 6, ""fell"": 34, ""time_up"": 15, ""time_up_up"": 4, ""fell_up"": 7, ""fell_down"": 10, ""time_up_turn"": 4, ""time_up_down"": 5, ""fell_turn"": 11, ""time_up_straight"": 2}","перешёл пропасть 206 раз (4.43 в минуту на бота), в среднем за 9.9 с, упал 34 раза, застрял 15 раз · дошёл из попыток: прямо 90/103, вверх 44/58, вниз 38/54, Г 34/52"
1790634830,bridge,12,18586,938541,218584,0.01,4.5,1.0658,1.8152,1.7147,1.7104,"{""cross_ms"": 1951756, ""crossed_up"": 50, ""crossed"": 209, ""start_up"": 57, ""start_straight"": 110, ""crossed_straight"": 99, ""start_down"": 44, ""crossed_down"": 29, ""start_turn"": 50, ""crossed_turn"": 31, ""fell_up"": 6, ""fell"": 29, ""time_up"": 23, ""time_up_down"": 8, ""fell_straight"": 6, ""fell_turn"": 11, ""time_up_up"": 4, ""time_up_turn"": 7, ""time_up_straight"": 4, ""fell_down"": 6}","перешёл пропасть 209 раз (4.50 в минуту на бота), в среднем за 9.3 с, упал 29 раз, застрял 23 раза · дошёл из попыток: прямо 99/110, вверх 50/57, вниз 29/44, Г 31/50"
1790635647,bridge,12,18575,957116,223228,0.01,4.61,1.0768,1.4565,1.4312,1.4156,"{""cross_ms"": 2114357, ""crossed_down"": 48, ""crossed"": 214, ""start_down"": 55, ""start_straight"": 114, ""crossed_straight"": 101, ""start_turn"": 53, ""crossed_turn"": 33, ""start_up"": 45, ""crossed_up"": 32, ""time_up"": 10, ""time_up_turn"": 6, ""fell_up"": 9, ""fell"": 43, ""fell_straight"": 13, ""fell_down"": 6, ""time_up_straight"": 2, ""time_up_down"": 2, ""fell_turn"": 15}","перешёл пропасть 214 раз (4.61 в минуту на бота), в среднем за 9.9 с, упал 43 раза, застрял 10 раз · дошёл из попыток: прямо 101/114, вверх 32/45, вниз 48/55, Г 33/53"
1790636263,bridge,12,18548,975664,227865,0.01,4.68,1.0907,1.4407,1.4103,1.4041,"{""cross_ms"": 2112707, ""crossed_up"": 50, ""crossed"": 217, ""start_straight"": 120, ""crossed_straight"": 101, ""start_turn"": 55, ""crossed_turn"": 29, ""start_up"": 53, ""start_down"": 46, ""crossed_down"": 37, ""fell_turn"": 22, ""fell"": 44, ""time_up"": 13, ""time_up_up"": 2, ""fell_straight"": 13, ""time_up_down"": 2, ""time_up_turn"": 6, ""time_up_straight"": 3, ""fell_down"": 6, ""fell_up"": 3}","перешёл пропасть 217 раз (4.68 в минуту на бота), в среднем за 9.7 с, упал 44 раза, застрял 13 раз · дошёл из попыток: прямо 101/120, вверх 50/53, вниз 37/46, Г 29/55"
1790637017,bridge,12,18606,994270,232516,0.01,4.62,1.1068,1.44,1.4289,1.4327,"{""cross_ms"": 2182297, ""crossed_down"": 43, ""crossed"": 215, ""start_straight"": 118, ""crossed_straight"": 107, ""start_down"": 52, ""start_turn"": 34, ""crossed_turn"": 20, ""start_up"": 54, ""crossed_up"": 45, ""time_up"": 15, ""time_up_turn"": 5, ""fell_up"": 5, ""fell"": 28, ""fell_straight"": 9, ""time_up_down"": 4, ""fell_turn"": 9, ""time_up_straight"": 5, ""fell_down"": 5, ""time_up_up"": 1}","перешёл пропасть 215 раз (4.62 в минуту на бота), в среднем за 10.2 с, упал 28 раз, застрял 15 раз · дошёл из попыток: прямо 107/118, вверх 45/54, вниз 43/52, Г 20/34"
1790637620,bridge,12,18586,1012855,237163,0.01,4.67,1.0999,1.428,1.4255,1.4386,"{""cross_ms"": 2262859, ""crossed_up"": 50, ""crossed"": 217, ""start_turn"": 60, ""crossed_turn"": 34, ""start_straight"": 101, ""crossed_straight"": 88, ""start_up"": 52, ""start_down"": 49, ""crossed_down"": 45, ""fell_turn"": 21, ""fell"": 38, ""time_up"": 8, ""time_up_turn"": 3, ""fell_down"": 4, ""fell_up"": 2, ""fell_straight"": 11, ""time_up_down"": 1, ""time_up_up"": 2, ""time_up_straight"": 2}","перешёл пропасть 217 раз (4.67 в минуту на бота), в среднем за 10.4 с, упал 38 раз, застрял 8 раз · дошёл из попыток: прямо 88/101, вверх 50/52, вниз 45/49, Г 34/60"
1790638420,bridge,12,18608,1031464,241815,0.01,4.84,1.1697,1.4477,1.4358,1.4517,"{""cross_ms"": 2275446, ""crossed_down"": 46, ""crossed"": 225, ""start_up"": 60, ""crossed_up"": 54, ""start_straight"": 102, ""crossed_straight"": 92, ""start_down"": 55, ""start_turn"": 49, ""crossed_turn"": 33, ""fell_turn"": 14, ""fell"": 32, ""fell_down"": 7, ""time_up"": 8, ""time_up_turn"": 3, ""fell_straight"": 8, ""time_up_up"": 1, ""time_up_straight"": 2, ""time_up_down"": 2, ""fell_up"": 3}","перешёл пропасть 225 раз (4.84 в минуту на бота), в среднем за 10.1 с, упал 32 раза, застрял 8 раз · дошёл из попыток: прямо 92/102, вверх 54/60, вниз 46/55, Г 33/49"
1790638882,bridge,12,18579,1050043,246460,0.01,5.04,1.2214,1.476,1.4507,1.4787,"{""cross_ms"": 2238983, ""crossed_turn"": 36, ""crossed"": 234, ""start_straight"": 104, ""crossed_straight"": 96, ""start_turn"": 59, ""start_up"": 53, ""crossed_up"": 51, ""start_down"": 59, ""crossed_down"": 51, ""fell_up"": 3, ""fell"": 32, ""fell_turn"": 19, ""fell_down"": 5, ""fell_straight"": 5, ""time_up"": 9, ""time_up_down"": 1, ""time_up_turn"": 6, ""time_up_up"": 1, ""time_up_straight"": 1}","перешёл пропасть 234 раза (5.04 в минуту на бота), в среднем за 9.6 с, упал 32 раза, застрял 9 раз · дошёл из попыток: прямо 96/104, вверх 51/53, вниз 51/59, Г 36/59"
1790639406,bridge,12,18600,1068643,251110,0.01,4.73,1.1295,1.4869,1.4585,1.4797,"{""cross_ms"": 2240198, ""crossed_down"": 40, ""crossed"": 220, ""start_straight"": 108, ""crossed_straight"": 98, ""start_turn"": 54, ""crossed_turn"": 36, ""start_down"": 46, ""start_up"": 56, ""crossed_up"": 46, ""fell_straight"": 7, ""fell"": 36, ""time_up"": 8, ""time_up_down"": 1, ""fell_turn"": 13, ""fell_down"": 8, ""time_up_straight"": 3, ""fell_up"": 8, ""time_up_up"": 2, ""time_up_turn"": 2}","перешёл пропасть 220 раз (4.73 в минуту на бота), в среднем за 10.2 с, упал 36 раз, застрял 8 раз · дошёл из попыток: прямо 98/108, вверх 46/56, вниз 40/46, Г 36/54"
1790639761,bridge,12,18571,1087213,255752,0.01,4.87,1.1464,1.4917,1.4637,1.4745,"{""cross_ms"": 2228646, ""crossed_straight"": 93, ""crossed"": 226, ""start_turn"": 53, ""crossed_turn"": 34, ""start_straight"": 109, ""start_up"": 61, ""crossed_up"": 60, ""start_down"": 51, ""crossed_down"": 39, ""fell_straight"": 14, ""fell"": 41, ""fell_down"": 8, ""fell_turn"": 15, ""time_up"": 8, ""time_up_down"": 1, ""time_up_straight"": 3, ""time_up_turn"": 4, ""fell_up"": 4}","перешёл пропасть 226 раз (4.87 в минуту на бота), в среднем за 9.9 с, упал 41 раз, застрял 8 раз · дошёл из попыток: прямо 93/109, вверх 60/61, вниз 39/51, Г 34/53"
1790640283,bridge,12,18555,1105768,260391,0.01,4.87,1.1696,1.4864,1.4693,1.4748,"{""cross_ms"": 2237643, ""crossed_straight"": 86, ""crossed"": 226, ""start_turn"": 53, ""crossed_turn"": 35, ""start_straight"": 92, ""start_down"": 73, ""crossed_down"": 57, ""start_up"": 57, ""crossed_up"": 48, ""time_up"": 9, ""time_up_turn"": 6, ""fell_down"": 13, ""fell"": 40, ""fell_turn"": 12, ""fell_straight"": 8, ""fell_up"": 7, ""time_up_straight"": 2, ""time_up_down"": 1}","перешёл пропасть 226 раз (4.87 в минуту на бота), в среднем за 9.9 с, упал 40 раз, застрял 9 раз · дошёл из попыток: прямо 86/92, вверх 48/57, вниз 57/73, Г 35/53"
1790640651,bridge,12,18557,1124326,265030,0.01,4.94,1.1789,1.483,1.474,1.4901,"{""cross_ms"": 2219938, ""crossed_down"": 50, ""crossed"": 229, ""start_straight"": 125, ""crossed_straight"": 109, ""start_down"": 60, ""start_turn"": 50, ""crossed_turn"": 33, ""start_up"": 44, ""crossed_up"": 37, ""time_up"": 7, ""time_up_up"": 1, ""time_up_straight"": 3, ""fell_turn"": 16, ""fell"": 42, ""fell_straight"": 11, ""fell_down"": 12, ""time_up_turn"": 3, ""fell_up"": 3}","перешёл пропасть 229 раз (4.94 в минуту на бота), в среднем за 9.7 с, упал 42 раза, застрял 7 раз · дошёл из попыток: прямо 109/125, вверх 37/44, вниз 50/60, Г 33/50"
1790641167,bridge,12,18583,1142908,269676,0.01,5.14,1.2533,1.4779,1.4763,1.4876,"{""cross_ms"": 2398140, ""crossed_up"": 48, ""crossed"": 239, ""start_straight"": 124, ""crossed_straight"": 109, ""start_turn"": 51, ""crossed_turn"": 35, ""start_down"": 52, ""crossed_down"": 47, ""start_up"": 47, ""fell_down"": 7, ""fell"": 30, ""fell_straight"": 10, ""fell_turn"": 12, ""fell_up"": 1, ""time_up"": 6, ""time_up_straight"": 3, ""time_up_turn"": 3}","перешёл пропасть 239 раз (5.14 в минуту на бота), в среднем за 10.0 с, упал 30 раз, застрял 6 раз · дошёл из попыток: прямо 109/124, вверх 48/47, вниз 47/52, Г 35/51"
1790641533,bridge,12,18589,1161498,274323,0.01,5.06,1.2059,1.48,1.4613,1.4768,"{""cross_ms"": 2348346, ""crossed_straight"": 99, ""crossed"": 235, ""start_up"": 55, ""crossed_up"": 47, ""start_turn"": 59, ""crossed_turn"": 41, ""start_straight"": 106, ""start_down"": 54, ""crossed_down"": 48, ""time_up"": 3, ""time_up_turn"": 2, ""fell_turn"": 14, ""fell"": 35, ""fell_straight"": 9, ""fell_down"": 4, ""fell_up"": 8, ""time_up_straight"": 1}","перешёл пропасть 235 раз (5.06 в минуту на бота), в среднем за 10.0 с, упал 35 раз, застрял 3 раза · дошёл из попыток: прямо 99/106, вверх 47/55, вниз 48/54, Г 41/59"
1790642015,bridge,12,18573,1180070,278966,0.01,4.95,1.1867,1.4853,1.4719,1.4954,"{""cross_ms"": 2307850, ""crossed_down"": 54, ""crossed"": 230, ""start_up"": 58, ""crossed_up"": 52, ""start_straight"": 90, ""crossed_straight"": 81, ""start_turn"": 61, ""crossed_turn"": 43, ""start_down"": 65, ""fell_down"": 11, ""fell"": 41, ""fell_turn"": 14, ""fell_up"": 7, ""time_up"": 4, ""time_up_turn"": 2, ""time_up_down"": 1, ""fell_straight"": 9, ""time_up_up"": 1}","перешёл пропасть 230 раз (4.95 в минуту на бота), в среднем за 10.0 с, упал 41 раз, застрял 4 раза · дошёл из попыток: прямо 81/90, вверх 52/58, вниз 54/65, Г 43/61"
1790642395,bridge,12,18601,1198672,283617,0.01,5.16,1.2729,1.4642,1.4502,1.4803,"{""cross_ms"": 2363943, ""crossed_turn"": 43, ""crossed"": 240, ""start_turn"": 49, ""start_straight"": 124, ""crossed_straight"": 108, ""start_down"": 49, ""crossed_down"": 41, ""start_up"": 52, ""crossed_up"": 48, ""fell_turn"": 9, ""fell"": 28, ""fell_down"": 8, ""fell_straight"": 8, ""fell_up"": 3, ""time_up"": 5, ""time_up_turn"": 1, ""time_up_up"": 1, ""time_up_straight"": 3}","перешёл пропасть 240 раз (5.16 в минуту на бота), в среднем за 9.8 с, упал 28 раз, застрял 5 раз · дошёл из попыток: прямо 108/124, вверх 48/52, вниз 41/49, Г 43/49"
1790642892,bridge,12,18558,1217230,288256,0.01,5.0,1.2148,1.4576,1.4364,1.4679,"{""cross_ms"": 2232251, ""crossed_straight"": 90, ""crossed"": 232, ""start_up"": 59, ""crossed_up"": 50, ""start_turn"": 57, ""crossed_turn"": 43, ""start_straight"": 102, ""start_down"": 58, ""crossed_down"": 49, ""fell_turn"": 13, ""fell"": 39, ""fell_straight"": 12, ""fell_down"": 6, ""fell_up"": 8, ""time_up"": 5, ""time_up_turn"": 2, ""time_up_up"": 1, ""time_up_down"": 2}","перешёл пропасть 232 раза (5.00 в минуту на бота), в среднем за 9.6 с, упал 39 раз, застрял 5 раз · дошёл из попыток: прямо 90/102, вверх 50/59, вниз 49/58, Г 43/57"
1790643264,bridge,12,18571,1235801,292899,0.01,5.0,1.2123,1.4413,1.4229,1.4512,"{""cross_ms"": 2308004, ""crossed_down"": 52, ""crossed"": 232, ""start_straight"": 104, ""crossed_straight"": 91, ""start_down"": 60, ""start_turn"": 63, ""crossed_turn"": 42, ""start_up"": 50, ""crossed_up"": 47, ""time_up"": 5, ""time_up_turn"": 2, ""fell_down"": 8, ""fell"": 40, ""fell_straight"": 13, ""fell_turn"": 18, ""time_up_straight"": 2, ""fell_up"": 1, ""time_up_down"": 1}","перешёл пропасть 232 раза (5.00 в минуту на бота), в среднем за 9.9 с, упал 40 раз, застрял 5 раз · дошёл из попыток: прямо 91/104, вверх 47/50, вниз 52/60, Г 42/63"
1790643737,bridge,12,18591,1254392,297547,0.01,4.84,1.1625,1.4315,1.3989,1.4302,"{""cross_ms"": 2316996, ""crossed_straight"": 95, ""crossed"": 225, ""start_straight"": 102, ""start_down"": 59, ""crossed_down"": 46, ""start_up"": 43, ""crossed_up"": 39, ""start_turn"": 62, ""crossed_turn"": 45, ""fell_turn"": 14, ""fell"": 35, ""fell_up"": 5, ""fell_down"": 7, ""time_up"": 6, ""time_up_down"": 4, ""fell_straight"": 9, ""time_up_up"": 1, ""time_up_straight"": 1}","перешёл пропасть 225 раз (4.84 в минуту на бота), в среднем за 10.3 с, упал 35 раз, застрял 6 раз · дошёл из попыток: прямо 95/102, вверх 39/43, вниз 46/59, Г 45/62"
1790644126,bridge,12,18527,1272919,302179,0.01,5.25,1.2431,1.4454,1.4099,1.4324,"{""cross_ms"": 2340234, ""crossed_down"": 35, ""crossed"": 243, ""start_turn"": 63, ""crossed_turn"": 51, ""start_up"": 65, ""crossed_up"": 55, ""start_straight"": 122, ""crossed_straight"": 102, ""start_down"": 41, ""fell_turn"": 15, ""fell"": 46, ""fell_straight"": 18, ""fell_up"": 7, ""time_up"": 2, ""time_up_up"": 2, ""fell_down"": 6}","перешёл пропасть 243 раза (5.25 в минуту на бота), в среднем за 9.6 с, упал 46 раз, застрял 2 раза · дошёл из попыток: прямо 102/122, вверх 55/65, вниз 35/41, Г 51/63"
1790644639,bridge,12,18576,1291495,306823,0.01,5.04,1.2176,1.4442,1.4139,1.4468,"{""cross_ms"": 2310393, ""crossed_straight"": 104, ""crossed"": 234, ""start_straight"": 112, ""start_down"": 51, ""crossed_down"": 46, ""start_turn"": 62, ""crossed_turn"": 40, ""start_up"": 53, ""crossed_up"": 44, ""time_up"": 6, ""time_up_up"": 1, ""fell_turn"": 16, ""fell"": 38, ""fell_up"": 6, ""fell_straight"": 10, ""fell_down"": 6, ""time_up_down"": 3, ""time_up_turn"": 2}","перешёл пропасть 234 раза (5.04 в минуту на бота), в среднем за 9.9 с, упал 38 раз, застрял 6 раз · дошёл из попыток: прямо 104/112, вверх 44/53, вниз 46/51, Г 40/62"
1790645014,bridge,12,18555,1310050,311461,0.01,5.35,1.3146,1.4219,1.4028,1.4262,"{""cross_ms"": 2378346, ""crossed_straight"": 102, ""crossed"": 248, ""start_down"": 60, ""crossed_down"": 53, ""start_turn"": 48, ""crossed_turn"": 35, ""start_straight"": 111, ""start_up"": 67, ""crossed_up"": 58, ""fell_up"": 11, ""fell"": 35, ""fell_turn"": 15, ""time_up"": 3, ""time_up_turn"": 2, ""fell_straight"": 6, ""time_up_down"": 1, ""fell_down"": 3}","перешёл пропасть 248 раз (5.35 в минуту на бота), в среднем за 9.6 с, упал 35 раз, застрял 3 раза · дошёл из попыток: прямо 102/111, вверх 58/67, вниз 53/60, Г 35/48"
1790645507,bridge,12,18553,1328603,316100,0.01,5.33,1.3062,1.4136,1.407,1.4324,"{""cross_ms"": 2352855, ""crossed_down"": 46, ""crossed"": 247, ""start_straight"": 113, ""crossed_straight"": 103, ""start_up"": 59, ""crossed_up"": 48, ""start_down"": 49, ""start_turn"": 65, ""crossed_turn"": 50, ""fell_turn"": 16, ""fell"": 34, ""time_up"": 5, ""time_up_straight"": 2, ""fell_down"": 4, ""fell_up"": 8, ""fell_straight"": 6, ""time_up_down"": 1, ""time_up_up"": 2}","перешёл пропасть 247 раз (5.33 в минуту на бота), в среднем за 9.5 с, упал 34 раза, застрял 5 раз · дошёл из попыток: прямо 103/113, вверх 48/59, вниз 46/49, Г 50/65"
1790645897,bridge,12,18585,1347188,320746,0.01,4.93,1.1896,1.4196,1.4139,1.4438,"{""cross_ms"": 2339941, ""crossed_up"": 47, ""crossed"": 229, ""start_up"": 55, ""start_turn"": 62, ""crossed_turn"": 44, ""start_straight"": 92, ""crossed_straight"": 86, ""start_down"": 60, ""crossed_down"": 52, ""fell_turn"": 17, ""fell"": 38, ""fell_down"": 7, ""fell_up"": 7, ""time_up"": 2, ""time_up_turn"": 1, ""fell_straight"": 7, ""time_up_straight"": 1}","перешёл пропасть 229 раз (4.93 в минуту на бота), в среднем за 10.2 с, упал 38 раз, застрял 2 раза · дошёл из попыток: прямо 86/92, вверх 47/55, вниз 52/60, Г 44/62"
1790648346,bridge,12,18546,1365734,325382,0.01,5.28,1.2844,1.4223,1.3983,1.4406,"{""cross_ms"": 2417644, ""crossed_straight"": 100, ""crossed"": 245, ""start_up"": 56, ""crossed_up"": 55, ""start_straight"": 118, ""start_down"": 59, ""crossed_down"": 53, ""start_turn"": 54, ""crossed_turn"": 37, ""fell_turn"": 14, ""fell"": 40, ""fell_straight"": 15, ""fell_up"": 5, ""fell_down"": 6, ""time_up"": 2, ""time_up_turn"": 1, ""time_up_straight"": 1}","перешёл пропасть 245 раз (5.28 в минуту на бота), в среднем за 9.9 с, упал 40 раз, застрял 2 раза · дошёл из попыток: прямо 100/118, вверх 55/56, вниз 53/59, Г 37/54"
1790648588,bridge,12,18536,1384270,330016,0.01,5.27,1.2496,1.415,1.3945,1.4209,"{""cross_ms"": 2294486, ""crossed_straight"": 116, ""crossed"": 244, ""start_up"": 65, ""crossed_up"": 52, ""start_straight"": 123, ""start_turn"": 49, ""crossed_turn"": 31, ""start_down"": 54, ""crossed_down"": 45, ""fell_turn"": 18, ""fell"": 44, ""fell_down"": 9, ""fell_up"": 6, ""time_up"": 3, ""time_up_down"": 1, ""fell_straight"": 11, ""time_up_turn"": 1, ""time_up_up"": 1}","перешёл пропасть 244 раза (5.27 в минуту на бота), в среднем за 9.4 с, упал 44 раза, застрял 3 раза · дошёл из попыток: прямо 116/123, вверх 52/65, вниз 45/54, Г 31/49"
1790648835,bridge,12,18551,1402821,334654,0.01,5.33,1.292,1.3991,1.3695,1.4032,"{""cross_ms"": 2413906, ""crossed_down"": 36, ""crossed"": 247, ""start_turn"": 56, ""crossed_turn"": 42, ""start_down"": 47, ""start_straight"": 119, ""crossed_straight"": 111, ""start_up"": 61, ""crossed_up"": 58, ""fell_turn"": 14, ""fell"": 33, ""fell_up"": 6, ""fell_straight"": 3, ""fell_down"": 10, ""time_up"": 3, ""time_up_down"": 1, ""time_up_turn"": 1, ""time_up_up"": 1}","перешёл пропасть 247 раз (5.33 в минуту на бота), в среднем за 9.8 с, упал 33 раза, застрял 3 раза · дошёл из попыток: прямо 111/119, вверх 58/61, вниз 36/47, Г 42/56"
1790649483,bridge,12,18570,1421391,339297,0.01,5.34,1.3075,1.3779,1.3574,1.392,"{""cross_ms"": 2399642, ""crossed_up"": 48, ""crossed"": 248, ""start_turn"": 59, ""crossed_turn"": 40, ""start_straight"": 115, ""crossed_straight"": 107, ""start_up"": 47, ""start_down"": 65, ""crossed_down"": 53, ""fell_turn"": 15, ""fell"": 33, ""fell_down"": 8, ""fell_straight"": 10, ""time_up"": 5, ""time_up_straight"": 2, ""time_up_turn"": 2, ""time_up_up"": 1}","перешёл пропасть 248 раз (5.34 в минуту на бота), в среднем за 9.7 с, упал 33 раза, застрял 5 раз · дошёл из попыток: прямо 107/115, вверх 48/47, вниз 53/65, Г 40/59"
1790649500,bridge,12,1165,1422555,339588,0.01,4.81,1.1887,1.3561,1.3482,1.3881,"{""cross_ms"": 126299, ""crossed_down"": 4, ""crossed"": 14, ""start_straight"": 7, ""crossed_straight"": 7, ""start_up"": 5, ""start_turn"": 3, ""crossed_turn"": 3, ""fell_straight"": 1, ""fell"": 2, ""start_down"": 1, ""fell_up"": 1, ""time_up"": 1, ""time_up_turn"": 1}","перешёл пропасть 14 раз (4.81 в минуту на бота), в среднем за 9.0 с, упал 2 раза, застрял 1 раз · дошёл из попыток: прямо 7/7, вверх 0/5, вниз 4/1, Г 3/3"
