time,task,bots,ticks,steps,learn_steps,epsilon,score,reward,loss_legs,loss_head,loss_hands,events,summary
1790401090,flee,11,1064,1076,170,0.9898,12.74,0.5147,0.0904,0.0982,0.1037,"{""with_threat"": 1061, ""distance_dm"": 135204, ""teasing"": 144}","осалили 0 раз, водящий в среднем в 12.7 блоках, дразнили воду 14% времени"
1790401090,chase,1,85,86,0,0.998,0.0,-0.2634,,,,"{""distance_dm"": 8833}","осалил 0 раз (0.0 за 10 мин вождения), в среднем в 10.4 блоках от убегающего"
1790401121,chase,1,116,202,0,0.9952,0.0,-0.1638,,,,"{""distance_dm"": 9700}","осалил 0 раз (0.0 за 10 мин вождения), в среднем в 8.4 блоках от убегающего"
1790401121,flee,11,1275,2351,603,0.9777,14.09,0.5017,0.0146,0.0197,0.0205,"{""with_threat"": 1275, ""distance_dm"": 179592, ""teasing"": 78}","осалили 0 раз, водящий в среднем в 14.1 блоках, дразнили воду 6% времени"
1790401151,flee,10,1122,3472,1049,0.967,12.75,0.4516,0.0507,0.0551,0.0541,"{""with_threat"": 1121, ""distance_dm"": 142964, ""caught"": 1, ""teasing"": 166, ""stood_still"": 2}","осалили 1 раз (в среднем через 168 с беготни), застаивались 2 раза, водящий в среднем в 12.8 блоках, дразнили воду 15% времени"
1790401151,chase,2,155,358,0,0.9915,0.0,-0.2152,,,,"{""distance_dm"": 13814}","осалил 0 раз (0.0 за 10 мин вождения), в среднем в 8.9 блоках от убегающего"
1790401181,chase,4,279,639,52,0.9848,14.34,0.0152,0.6152,0.6169,0.619,"{""distance_dm"": 20847, ""caught"": 1}","осалил 1 раз (14.3 за 10 мин вождения), в среднем в 7.5 блоках от убегающего"
1790401181,flee,8,747,4217,1397,0.9599,11.58,0.3813,0.1112,0.1148,0.1142,"{""with_threat"": 745, ""distance_dm"": 86279, ""caught"": 2, ""teasing"": 160}","осалили 2 раза (в среднем через 56 с беготни), водящий в среднем в 11.6 блоках, дразнили воду 21% времени"
1790401211,chase,4,372,1011,237,0.976,0.0,-0.2031,0.4356,0.4456,0.4347,"{""distance_dm"": 32685}","осалил 0 раз (0.0 за 10 мин вождения), в среднем в 8.8 блоках от убегающего"
1790401211,flee,8,744,4961,1641,0.9529,11.03,0.5307,0.1118,0.1146,0.1147,"{""with_threat"": 744, ""distance_dm"": 82027, ""teasing"": 181}","осалили 0 раз, водящий в среднем в 11.0 блоках, дразнили воду 24% времени"
1790401241,chase,5,376,1387,428,0.9671,10.64,-0.0304,0.2996,0.3063,0.2866,"{""distance_dm"": 24539, ""caught"": 1}","осалил 1 раз (10.6 за 10 мин вождения), в среднем в 6.5 блоках от убегающего"
1790401241,flee,7,746,5706,1964,0.9458,10.73,0.4379,0.0994,0.1016,0.1017,"{""with_threat"": 745, ""distance_dm"": 79958, ""teasing"": 164, ""caught"": 1}","осалили 1 раз (в среднем через 112 с беготни), водящий в среднем в 10.7 блоках, дразнили воду 22% времени"
1790401271,chase,5,465,1853,652,0.956,0.0,-0.1777,0.3275,0.3323,0.3103,"{""distance_dm"": 57416}","осалил 0 раз (0.0 за 10 мин вождения), в среднем в 12.3 блоках от убегающего"
1790401271,flee,7,665,6371,2232,0.9395,11.99,0.5131,0.1543,0.1586,0.1607,"{""with_threat"": 665, ""distance_dm"": 79766, ""teasing"": 123}","осалили 0 раз, водящий в среднем в 12.0 блоках, дразнили воду 18% времени"
1790401301,chase,6,475,2329,886,0.9447,0.0,-0.1494,0.2943,0.2959,0.2748,"{""distance_dm"": 74181}","осалил 0 раз (0.0 за 10 мин вождения), в среднем в 15.6 блоках от убегающего"
1790401301,flee,6,578,6948,2443,0.934,11.09,0.3968,0.1342,0.1374,0.1381,"{""with_threat"": 577, ""distance_dm"": 63974, ""teasing"": 60, ""caught"": 1}","осалили 1 раз (в среднем через 87 с беготни), водящий в среднем в 11.1 блоках, дразнили воду 10% времени"
1790401331,chase,6,588,2917,1132,0.9307,0.0,-0.1635,0.2654,0.2662,0.2534,"{""distance_dm"": 130415}","осалил 0 раз (0.0 за 10 мин вождения), в среднем в 22.2 блоках от убегающего"
1790401331,flee,6,588,7536,2628,0.9284,9.9,0.4867,0.1416,0.1453,0.1457,"{""with_threat"": 588, ""distance_dm"": 58188, ""teasing"": 90}","осалили 0 раз, водящий в среднем в 9.9 блоках, дразнили воду 15% времени"
1790401361,chase,6,588,3505,1371,0.9168,0.0,-0.1152,0.2598,0.2607,0.2525,"{""distance_dm"": 92534}","осалил 0 раз (0.0 за 10 мин вождения), в среднем в 15.7 блоках от убегающего"
1790401361,flee,6,588,8124,2810,0.9228,12.62,0.5169,0.1118,0.1163,0.1162,"{""with_threat"": 588, ""distance_dm"": 74212, ""teasing"": 88}","осалили 0 раз, водящий в среднем в 12.6 блоках, дразнили воду 15% времени"
1790401391,chase,1,142,3642,1434,0.9135,0.0,-0.2942,0.2473,0.2507,0.2408,"{""distance_dm"": 16764, ""time_up"": 6}","осалил 0 раз (0.0 за 10 мин вождения), не успели за раунд 6 раз, в среднем в 11.8 блоках от убегающего"
1790401391,flee,11,756,8885,3145,0.9156,14.6,0.6679,0.1411,0.1454,0.1452,"{""with_threat"": 756, ""distance_dm"": 110358, ""teasing"": 48, ""survived"": 6}","осалили 0 раз, продержались до конца раунда 6 раз, водящий в среднем в 14.6 блоках, дразнили воду 6% времени"
1790401422,flee,11,847,9732,3534,0.9075,15.96,0.5011,0.1339,0.1377,0.1379,"{""with_threat"": 847, ""distance_dm"": 135183}","осалили 0 раз, водящий в среднем в 16.0 блоках, дразнили воду 0% времени"
1790401422,chase,1,77,3719,1474,0.9117,0.0,-0.1248,0.2441,0.2466,0.2369,"{""distance_dm"": 1748}","осалил 0 раз (0.0 за 10 мин вождения), в среднем в 2.3 блоках от убегающего"
1790401452,flee,11,803,10535,3889,0.8999,16.0,0.5116,0.1205,0.1237,0.1239,"{""with_threat"": 803, ""distance_dm"": 128480}","осалили 0 раз, водящий в среднем в 16.0 блоках, дразнили воду 0% времени"
1790401452,chase,1,73,3792,1509,0.9099,0.0,-0.1533,0.2489,0.2445,0.2391,"{""distance_dm"": 5475}","осалил 0 раз (0.0 за 10 мин вождения), в среднем в 7.5 блоках от убегающего"
1790401482,flee,11,891,11426,4274,0.8915,15.8,0.5045,0.1226,0.1284,0.1278,"{""with_threat"": 891, ""distance_dm"": 140743}","осалили 0 раз, водящий в среднем в 15.8 блоках, дразнили воду 0% времени"
1790401482,chase,1,81,3873,1549,0.908,0.0,-0.1489,0.2247,0.2238,0.2149,"{""distance_dm"": 3966}","осалил 0 раз (0.0 за 10 мин вождения), в среднем в 4.9 блоках от убегающего"
1790401512,flee,11,946,12372,4655,0.8825,15.09,0.4999,0.1058,0.111,0.1099,"{""with_threat"": 946, ""distance_dm"": 142716, ""teasing"": 15}","осалили 0 раз, водящий в среднем в 15.1 блоках, дразнили воду 2% времени"
1790401512,chase,1,86,3959,1592,0.906,0.0,-0.1356,0.2269,0.2215,0.2158,"{""distance_dm"": 12967}","осалил 0 раз (0.0 за 10 мин вождения), в среднем в 15.1 блоках от убегающего"
1790401542,flee,5,755,13121,4994,0.8754,14.1,0.0998,0.1252,0.1311,0.1294,"{""with_threat"": 749, ""distance_dm"": 105594, ""teasing"": 47, ""caught"": 6, ""stood_still"": 1}","осалили 6 раз (в среднем через 19 с беготни), застаивались 1 раз, водящий в среднем в 14.1 блоках, дразнили воду 6% времени"
1790401542,chase,7,203,4166,1693,0.9011,0.0,-0.2235,0.2237,0.2187,0.2079,"{""distance_dm"": 53256}","осалил 0 раз (0.0 за 10 мин вождения), в среднем в 26.2 блоках от убегающего"
1790401572,flee,11,444,13571,5212,0.8711,14.47,-0.0633,0.2061,0.2111,0.2102,"{""with_threat"": 439, ""distance_dm"": 63537, ""teasing"": 26, ""caught"": 5}","осалили 5 раз (в среднем через 13 с беготни), водящий в среднем в 14.5 блоках, дразнили воду 6% времени"
1790401572,chase,1,389,4551,1880,0.8919,0.0,0.4295,0.2256,0.2241,0.2121,"{""distance_dm"": 116103, ""won"": 11}","осалил 0 раз (0.0 за 10 мин вождения), поймали всех 11 раз, в среднем в 29.8 блоках от убегающего"
1790401602,flee,0,383,13943,5399,0.8675,12.09,-0.9403,0.2776,0.2823,0.2815,"{""with_threat"": 372, ""distance_dm"": 44957, ""teasing"": 59, ""caught"": 11}","осалили 11 раз (в среднем через 5 с беготни), водящий в среднем в 12.1 блоках, дразнили воду 16% времени"
1790401602,chase,12,505,5055,2128,0.8799,0.0,0.3096,0.3943,0.4134,0.4085,"{""distance_dm"": 112631, ""won"": 11}","осалил 0 раз (0.0 за 10 мин вождения), поймали всех 11 раз, в среднем в 22.3 блоках от убегающего"
1790401632,chase,5,112,5171,2182,0.8772,35.71,0.3559,0.551,0.5886,0.5821,"{""distance_dm"": 14665, ""caught"": 1}","осалил 1 раз (35.7 за 10 мин вождения), в среднем в 13.1 блоках от убегающего"
1790401632,flee,7,718,14668,5750,0.8607,14.94,0.2185,0.346,0.3508,0.3498,"{""with_threat"": 714, ""distance_dm"": 106696, ""teasing"": 28, ""caught"": 4}","осалили 4 раза (в среднем через 27 с беготни), водящий в среднем в 14.9 блоках, дразнили воду 4% времени"
1790401662,chase,12,664,5833,2469,0.8615,0.0,0.0477,0.5088,0.5443,0.5309,"{""distance_dm"": 179962, ""won"": 9}","осалил 0 раз (0.0 за 10 мин вождения), поймали всех 9 раз, в среднем в 27.1 блоках от убегающего"
1790401662,flee,0,338,14999,5905,0.8575,13.45,-0.547,0.3799,0.3847,0.3837,"{""with_threat"": 331, ""distance_dm"": 44531, ""teasing"": 16, ""caught"": 7}","осалили 7 раз (в среднем через 7 с беготни), водящий в среднем в 13.5 блоках, дразнили воду 5% времени"
1790401693,chase,1,55,5887,2497,0.8602,0.0,0.5398,0.58,0.6204,0.5983,"{""won"": 2, ""distance_dm"": 8352}","осалил 0 раз (0.0 за 10 мин вождения), поймали всех 2 раза, в среднем в 15.2 блоках от убегающего"
1790401693,flee,11,726,15736,6271,0.8505,15.9,0.4978,0.4404,0.4474,0.4466,"{""with_threat"": 726, ""distance_dm"": 115436}","осалили 0 раз, водящий в среднем в 15.9 блоках, дразнили воду 0% времени"
1790401723,flee,10,804,16539,6658,0.8429,15.37,0.4406,0.4179,0.4244,0.4229,"{""with_threat"": 803, ""distance_dm"": 123455, ""caught"": 1, ""teasing"": 9}","осалили 1 раз (в среднем через 121 с беготни), водящий в среднем в 15.4 блоках, дразнили воду 1% времени"
1790401723,chase,2,83,5971,2538,0.8582,48.19,0.5545,0.609,0.6445,0.6319,"{""distance_dm"": 10313, ""caught"": 1}","осалил 1 раз (48.2 за 10 мин вождения), в среднем в 12.4 блоках от убегающего"
1790401753,flee,7,711,17247,6949,0.8362,13.07,0.2983,0.4345,0.4408,0.4399,"{""with_threat"": 708, ""distance_dm"": 92504, ""caught"": 3, ""teasing"": 91}","осалили 3 раза (в среднем через 36 с беготни), водящий в среднем в 13.1 блоках, дразнили воду 13% времени"
1790401753,chase,5,299,6273,2686,0.851,0.0,-0.0512,0.5647,0.596,0.5797,"{""distance_dm"": 44622}","осалил 0 раз (0.0 за 10 мин вождения), в среднем в 14.9 блоках от убегающего"
1790401783,flee,5,506,17751,7137,0.8314,11.2,0.3163,0.4138,0.4199,0.4192,"{""with_threat"": 504, ""distance_dm"": 56423, ""teasing"": 112, ""caught"": 2}","осалили 2 раза (в среднем через 38 с беготни), водящий в среднем в 11.2 блоках, дразнили воду 22% времени"
1790401783,chase,7,472,6746,2915,0.8398,0.0,-0.1302,0.553,0.5814,0.5655,"{""distance_dm"": 59283}","осалил 0 раз (0.0 за 10 мин вождения), в среднем в 12.6 блоках от убегающего"
1790401813,flee,5,445,18196,7322,0.8271,9.8,0.5093,0.3785,0.3834,0.383,"{""with_threat"": 445, ""distance_dm"": 43614, ""teasing"": 102}","осалили 0 раз, водящий в среднем в 9.8 блоках, дразнили воду 23% времени"
1790401813,chase,7,613,7360,3170,0.8252,0.0,-0.1393,0.5287,0.5553,0.5412,"{""distance_dm"": 80868}","осалил 0 раз (0.0 за 10 мин вождения), в среднем в 13.2 блоках от убегающего"
1790401843,flee,2,301,18494,7469,0.8243,10.98,-0.0235,0.3921,0.397,0.3966,"{""with_threat"": 298, ""distance_dm"": 32729, ""caught"": 3, ""teasing"": 47}","осалили 3 раза (в среднем через 15 с беготни), водящий в среднем в 11.0 блоках, дразнили воду 16% времени"
1790401843,chase,10,685,8048,3432,0.8089,5.84,-0.0961,0.5069,0.5285,0.5188,"{""distance_dm"": 121153, ""caught"": 1}","осалил 1 раз (5.8 за 10 мин вождения), в среднем в 17.7 блоках от убегающего"
1790401873,chase,11,837,8886,3815,0.789,0.0,-0.1629,0.5021,0.5261,0.5118,"{""distance_dm"": 348172}","осалил 0 раз (0.0 за 10 мин вождения), в среднем в 41.6 блоках от убегающего"
1790401873,flee,1,86,18579,7515,0.8235,9.39,-0.0608,0.4025,0.4085,0.408,"{""with_threat"": 85, ""distance_dm"": 7979, ""caught"": 1, ""teasing"": 25}","осалили 1 раз (в среднем через 13 с беготни), водящий в среднем в 9.4 блоках, дразнили воду 29% времени"
1790401903,chase,0,248,9123,3927,0.7833,0.0,0.736,0.4902,0.5118,0.4965,"{""distance_dm"": 101015, ""won"": 11}","осалил 0 раз (0.0 за 10 мин вождения), поймали всех 11 раз, в среднем в 40.7 блоках от убегающего"
1790401903,flee,12,610,19200,7800,0.8176,14.7,0.4311,0.4379,0.4428,0.4423,"{""with_threat"": 609, ""distance_dm"": 89516, ""teasing"": 44, ""caught"": 1}","осалили 1 раз (в среднем через 92 с беготни), водящий в среднем в 14.7 блоках, дразнили воду 7% времени"
1790401933,flee,8,852,20048,8161,0.8095,14.04,0.2569,0.4602,0.4672,0.4648,"{""with_threat"": 848, ""distance_dm"": 119056, ""caught"": 4, ""teasing"": 34}","осалили 4 раза (в среднем через 32 с беготни), водящий в среднем в 14.0 блоках, дразнили воду 4% времени"
1790401933,chase,4,154,9281,3999,0.7796,0.0,-0.1291,0.5675,0.5835,0.5693,"{""distance_dm"": 23615}","осалил 0 раз (0.0 за 10 мин вождения), в среднем в 15.3 блоках от убегающего"
1790401964,flee,7,736,20783,8397,0.8026,12.66,0.4689,0.451,0.4561,0.4542,"{""with_threat"": 735, ""distance_dm"": 93082, ""teasing"": 122, ""caught"": 1}","осалили 1 раз (в среднем через 110 с беготни), водящий в среднем в 12.7 блоках, дразнили воду 17% времени"
1790401964,chase,5,368,9649,4183,0.7708,0.0,-0.1372,0.6082,0.6498,0.6508,"{""distance_dm"": 42499}","осалил 0 раз (0.0 за 10 мин вождения), в среднем в 11.5 блоках от убегающего"
1790401994,flee,5,538,21319,8597,0.7975,12.3,0.316,0.4457,0.4506,0.4493,"{""with_threat"": 536, ""distance_dm"": 65947, ""teasing"": 62, ""caught"": 2}","осалили 2 раза (в среднем через 40 с беготни), водящий в среднем в 12.3 блоках, дразнили воду 12% времени"
1790401994,chase,7,484,10136,4409,0.7593,0.0,-0.0975,0.5779,0.619,0.6094,"{""distance_dm"": 90515}","осалил 0 раз (0.0 за 10 мин вождения), в среднем в 18.7 блоках от убегающего"
1790402024,chase,7,637,10773,4660,0.7441,0.0,-0.0771,0.559,0.592,0.579,"{""distance_dm"": 101083}","осалил 0 раз (0.0 за 10 мин вождения), в среднем в 15.9 блоках от убегающего"
1790402024,flee,5,455,21774,8779,0.7931,9.18,0.4806,0.4554,0.4605,0.4588,"{""with_threat"": 455, ""distance_dm"": 41762, ""teasing"": 91}","осалили 0 раз, водящий в среднем в 9.2 блоках, дразнили воду 20% времени"
1790402054,chase,8,662,11436,4905,0.7284,6.04,-0.0166,0.537,0.5734,0.5546,"{""distance_dm"": 111643, ""caught"": 1}","осалил 1 раз (6.0 за 10 мин вождения), в среднем в 16.9 блоках от убегающего"
1790402054,flee,4,415,22188,8960,0.7892,8.15,0.3861,0.481,0.4859,0.4851,"{""with_threat"": 414, ""distance_dm"": 33729, ""teasing"": 124, ""caught"": 1}","осалили 1 раз (в среднем через 62 с беготни), водящий в среднем в 8.1 блоках, дразнили воду 30% времени"
1790402084,chase,8,696,12132,5135,0.7119,0.0,-0.0783,0.5246,0.563,0.5403,"{""distance_dm"": 107209}","осалил 0 раз (0.0 за 10 мин вождения), в среднем в 15.4 блоках от убегающего"
1790402084,flee,4,348,22536,9133,0.7859,10.12,0.5443,0.4659,0.4713,0.4697,"{""with_threat"": 348, ""distance_dm"": 35235, ""teasing"": 125}","осалили 0 раз, водящий в среднем в 10.1 блоках, дразнили воду 36% времени"
1790402114,chase,11,799,12934,5466,0.6928,0.0,-0.0674,0.5133,0.5497,0.5256,"{""distance_dm"": 176427}","осалил 0 раз (0.0 за 10 мин вождения), в среднем в 22.1 блоках от убегающего"
1790402114,flee,1,200,22733,9235,0.784,8.21,-0.2368,0.4507,0.4553,0.4537,"{""with_threat"": 197, ""distance_dm"": 16178, ""teasing"": 74, ""caught"": 3}","осалили 3 раза (в среднем через 10 с беготни), водящий в среднем в 8.2 блоках, дразнили воду 38% времени"
1790402144,chase,1,411,13335,5640,0.6833,0.0,0.5915,0.5136,0.5489,0.5252,"{""distance_dm"": 144335, ""won"": 11}","осалил 0 раз (0.0 за 10 мин вождения), поймали всех 11 раз, в среднем в 35.1 блоках от убегающего"
1790402144,flee,11,507,23250,9457,0.7791,14.83,0.3949,0.4564,0.4607,0.4606,"{""with_threat"": 506, ""distance_dm"": 75018, ""teasing"": 16, ""caught"": 1}","осалили 1 раз (в среднем через 76 с беготни), водящий в среднем в 14.8 блоках, дразнили воду 3% времени"
1790402174,flee,11,990,24240,9842,0.7697,15.04,0.5157,0.444,0.4484,0.4481,"{""with_threat"": 990, ""distance_dm"": 148889, ""teasing"": 55}","осалили 0 раз, водящий в среднем в 15.0 блоках, дразнили воду 6% времени"
1790402174,chase,1,90,13425,5685,0.6812,0.0,-0.1252,0.5299,0.5728,0.5393,"{""distance_dm"": 7201}","осалил 0 раз (0.0 за 10 мин вождения), в среднем в 8.0 блоках от убегающего"
1790402204,flee,11,1397,25637,10206,0.7564,15.2,0.5355,0.4679,0.4719,0.4697,"{""with_threat"": 1397, ""distance_dm"": 212375, ""teasing"": 54}","осалили 0 раз, водящий в среднем в 15.2 блоках, дразнили воду 4% времени"
1790402204,chase,1,127,13552,5747,0.6781,0.0,-0.212,0.5357,0.5738,0.5414,"{""distance_dm"": 8262}","осалил 0 раз (0.0 за 10 мин вождения), в среднем в 6.5 блоках от убегающего"
1790402234,flee,11,1419,27056,10534,0.743,14.79,0.5501,0.4191,0.4229,0.4218,"{""with_threat"": 1419, ""distance_dm"": 209816, ""teasing"": 133}","осалили 0 раз, водящий в среднем в 14.8 блоках, дразнили воду 9% времени"
1790402234,chase,1,129,13681,5810,0.6751,0.0,-0.2035,0.537,0.5754,0.5441,"{""distance_dm"": 7225}","осалил 0 раз (0.0 за 10 мин вождения), в среднем в 5.6 блоках от убегающего"
1790402265,flee,11,1133,28189,10895,0.7322,13.69,0.5206,0.4024,0.4066,0.4059,"{""with_threat"": 1133, ""distance_dm"": 155079, ""stood_still"": 1, ""teasing"": 107}","осалили 0 раз, застаивались 1 раз, водящий в среднем в 13.7 блоках, дразнили воду 9% времени"
1790402265,chase,1,103,13784,5864,0.6726,0.0,-0.1766,0.5492,0.5782,0.5633,"{""distance_dm"": 3324}","осалил 0 раз (0.0 за 10 мин вождения), в среднем в 3.2 блоках от убегающего"
1790402295,flee,11,1056,29245,11273,0.7222,13.95,0.5263,0.4137,0.4181,0.4169,"{""with_threat"": 1056, ""distance_dm"": 147276, ""teasing"": 89}","осалили 0 раз, водящий в среднем в 13.9 блоках, дразнили воду 8% времени"
1790402295,chase,1,96,13880,5912,0.6704,0.0,-0.1439,0.5505,0.5898,0.5592,"{""distance_dm"": 3816}","осалил 0 раз (0.0 за 10 мин вождения), в среднем в 4.0 блоках от убегающего"
1790402325,flee,11,1287,30532,11632,0.7099,14.84,0.5401,0.393,0.3964,0.3966,"{""with_threat"": 1287, ""distance_dm"": 191035, ""teasing"": 145}","осалили 0 раз, водящий в среднем в 14.8 блоках, дразнили воду 11% времени"
1790402325,chase,1,117,13997,5970,0.6676,0.0,-0.1214,0.5164,0.5472,0.5197,"{""distance_dm"": 8185}","осалил 0 раз (0.0 за 10 мин вождения), в среднем в 7.0 блоках от убегающего"
1790402355,flee,11,1012,31544,11983,0.7003,15.12,0.5392,0.3738,0.3769,0.3764,"{""with_threat"": 1012, ""distance_dm"": 153018, ""teasing"": 92}","осалили 0 раз, водящий в среднем в 15.1 блоках, дразнили воду 9% времени"
1790402355,chase,1,92,14089,6016,0.6654,0.0,-0.1779,0.5558,0.5956,0.588,"{""distance_dm"": 4939}","осалил 0 раз (0.0 за 10 мин вождения), в среднем в 5.4 блоках от убегающего"
1790402385,flee,11,1144,32688,12345,0.6895,14.89,0.5315,0.385,0.3864,0.3848,"{""with_threat"": 1144, ""distance_dm"": 170391, ""teasing"": 65, ""stood_still"": 1}","осалили 0 раз, застаивались 1 раз, водящий в среднем в 14.9 блоках, дразнили воду 6% времени"
1790402385,chase,1,104,14193,6068,0.6629,38.46,0.3326,0.6013,0.6418,0.6408,"{""distance_dm"": 9759, ""caught"": 1}","осалил 1 раз (38.5 за 10 мин вождения), в среднем в 9.4 блоках от убегающего"
1790402415,flee,10,1178,33865,12641,0.6783,11.32,0.5044,0.3565,0.3602,0.3588,"{""with_threat"": 1177, ""distance_dm"": 133226, ""caught"": 1, ""teasing"": 251, ""stood_still"": 1}","осалили 1 раз (в среднем через 177 с беготни), застаивались 1 раз, водящий в среднем в 11.3 блоках, дразнили воду 21% времени"
1790402415,chase,2,206,14400,6171,0.658,0.0,-0.142,0.601,0.6409,0.6345,"{""distance_dm"": 15595}","осалил 0 раз (0.0 за 10 мин вождения), в среднем в 7.6 блоках от убегающего"
1790402445,chase,1,106,14505,6225,0.6555,0.0,-0.1888,0.5849,0.6184,0.6136,"{""distance_dm"": 5271, ""time_up"": 2}","осалил 0 раз (0.0 за 10 мин вождения), не успели за раунд 2 раза, в среднем в 5.0 блоках от убегающего"
1790402445,flee,11,804,34670,12933,0.6706,11.82,0.8008,0.3673,0.3702,0.3691,"{""with_threat"": 804, ""distance_dm"": 94996, ""survived"": 10, ""teasing"": 217}","осалили 0 раз, продержались до конца раунда 10 раз, водящий в среднем в 11.8 блоках, дразнили воду 27% времени"
1790402475,flee,11,792,35462,13315,0.6631,13.78,0.5065,0.3703,0.374,0.374,"{""with_threat"": 792, ""distance_dm"": 109116, ""teasing"": 64}","осалили 0 раз, водящий в среднем в 13.8 блоках, дразнили воду 8% времени"
1790402475,chase,1,72,14577,6261,0.6538,0.0,-0.043,0.5864,0.627,0.6189,"{""distance_dm"": 3759}","осалил 0 раз (0.0 за 10 мин вождения), в среднем в 5.2 блоках от убегающего"
1790402505,flee,10,757,36218,13669,0.6559,13.04,0.4226,0.3705,0.373,0.373,"{""with_threat"": 756, ""distance_dm"": 98569, ""caught"": 1, ""teasing"": 49}","осалили 1 раз (в среднем через 114 с беготни), водящий в среднем в 13.0 блоках, дразнили воду 6% времени"
1790402505,chase,2,131,14709,6326,0.6507,30.53,0.2325,0.5827,0.6212,0.618,"{""distance_dm"": 5002, ""caught"": 1}","осалил 1 раз (30.5 за 10 мин вождения), в среднем в 3.8 блоках от убегающего"
1790402535,flee,10,960,37178,13969,0.6468,12.59,0.545,0.3432,0.346,0.346,"{""with_threat"": 960, ""distance_dm"": 120872, ""teasing"": 161}","осалили 0 раз, водящий в среднем в 12.6 блоках, дразнили воду 17% времени"
1790402535,chase,2,192,14901,6421,0.6461,0.0,-0.1535,0.5605,0.597,0.5875,"{""distance_dm"": 7357}","осалил 0 раз (0.0 за 10 мин вождения), в среднем в 3.8 блоках от убегающего"
1790402566,flee,9,827,38004,14233,0.639,13.34,0.4875,0.3619,0.3631,0.3633,"{""with_threat"": 826, ""distance_dm"": 110183, ""teasing"": 136, ""caught"": 1}","осалили 1 раз (в среднем через 124 с беготни), водящий в среднем в 13.3 блоках, дразнили воду 16% времени"
1790402566,chase,3,204,15106,6522,0.6412,39.22,0.3991,0.5487,0.5838,0.5712,"{""distance_dm"": 11090, ""caught"": 2}","осалил 2 раза (39.2 за 10 мин вождения), в среднем в 5.4 блоках от убегающего"
1790402596,flee,9,756,38760,14480,0.6318,13.44,0.5216,0.3727,0.375,0.3748,"{""with_threat"": 756, ""distance_dm"": 101636, ""teasing"": 91}","осалили 0 раз, водящий в среднем в 13.4 блоках, дразнили воду 12% времени"
1790402596,chase,3,252,15358,6648,0.6352,0.0,-0.1327,0.559,0.5967,0.5851,"{""distance_dm"": 13888}","осалил 0 раз (0.0 за 10 мин вождения), в среднем в 5.5 блоках от убегающего"
1790402626,flee,9,846,39606,14776,0.6237,12.96,0.5102,0.3412,0.3439,0.3432,"{""with_threat"": 846, ""distance_dm"": 109601, ""teasing"": 90}","осалили 0 раз, водящий в среднем в 13.0 блоках, дразнили воду 11% времени"
1790402626,chase,3,282,15640,6791,0.6285,0.0,-0.1959,0.5567,0.5885,0.576,"{""distance_dm"": 21523, ""stood_still"": 1}","осалил 0 раз (0.0 за 10 мин вождения), застаивался 1 раз, в среднем в 7.6 блоках от убегающего"
1790403343,flee,11,685,40410,14877,0.6161,13.45,0.562,0.0838,0.0787,0.0838,"{""with_threat"": 671, ""distance_dm"": 90222, ""teasing"": 99}","осалили 0 раз, водящий в среднем в 13.4 блоках, дразнили воду 15% времени"
1790403343,chase,1,53,15730,6809,0.6264,0.0,-0.2036,,,,"{""distance_dm"": 4289}","осалил 0 раз (0.0 за 10 мин вождения), в среднем в 8.1 блоках от убегающего"
1790403373,flee,11,902,41312,15263,0.6075,13.15,0.5481,0.0313,0.0312,0.0315,"{""with_threat"": 902, ""distance_dm"": 118641, ""teasing"": 108}","осалили 0 раз, водящий в среднем в 13.2 блоках, дразнили воду 12% времени"
1790403373,chase,1,82,15812,6809,0.6245,0.0,-0.1023,,,,"{""distance_dm"": 7443}","осалил 0 раз (0.0 за 10 мин вождения), в среднем в 9.1 блоках от убегающего"
1790403403,flee,11,946,42258,15654,0.5985,12.58,0.5453,0.0313,0.0313,0.0334,"{""with_threat"": 946, ""distance_dm"": 118967, ""teasing"": 115}","осалили 0 раз, водящий в среднем в 12.6 блоках, дразнили воду 12% времени"
1790403403,chase,1,86,15898,6809,0.6224,0.0,-0.1366,,,,"{""distance_dm"": 5879}","осалил 0 раз (0.0 за 10 мин вождения), в среднем в 6.8 блоках от убегающего"
1790403433,flee,11,1078,43336,16012,0.5883,13.86,0.5263,0.0379,0.034,0.0374,"{""with_threat"": 1078, ""distance_dm"": 149455, ""stood_still"": 1, ""teasing"": 70}","осалили 0 раз, застаивались 1 раз, водящий в среднем в 13.9 блоках, дразнили воду 6% времени"
1790403433,chase,1,98,15996,6809,0.6201,0.0,-0.1749,,,,"{""distance_dm"": 11917}","осалил 0 раз (0.0 за 10 мин вождения), в среднем в 12.2 блоках от убегающего"
1790403464,flee,11,1462,44798,16400,0.5744,12.42,0.4428,0.0682,0.0653,0.0667,"{""with_threat"": 1461, ""distance_dm"": 181458, ""stood_still"": 1, ""deaths"": 1, ""teasing"": 147}","осалили 0 раз, застаивались 1 раз, водящий в среднем в 12.4 блоках, дразнили воду 10% времени; умирал 1 раз"
1790403464,chase,1,132,16128,6809,0.617,0.0,-0.8697,,,,"{""distance_dm"": 15695, ""stood_still"": 1, ""deaths"": 1, ""goals"": 1}","осалил 0 раз (0.0 за 10 мин вождения), застаивался 1 раз, в среднем в 11.9 блоках от убегающего; умирал 1 раз"
1790403494,flee,9,1020,45816,16722,0.5647,12.32,0.421,0.142,0.1386,0.1408,"{""with_threat"": 1018, ""distance_dm"": 125451, ""caught"": 2, ""teasing"": 67, ""stood_still"": 1}","осалили 2 раза (в среднем через 76 с беготни), застаивались 1 раз, водящий в среднем в 12.3 блоках, дразнили воду 7% времени"
1790403494,chase,3,184,16313,6870,0.6126,21.74,0.1229,1.266,1.2556,1.3742,"{""distance_dm"": 8788, ""caught"": 1}","осалил 1 раз (21.7 за 10 мин вождения), в среднем в 4.8 блоках от убегающего"
1790403524,chase,3,274,16588,7006,0.606,0.0,-0.1315,0.8667,0.8644,0.8988,"{""distance_dm"": 17568}","осалил 0 раз (0.0 за 10 мин вождения), в среднем в 6.4 блоках от убегающего"
1790403524,flee,9,864,46680,16973,0.5565,13.04,0.5499,0.157,0.1546,0.1565,"{""with_threat"": 864, ""distance_dm"": 112701, ""teasing"": 114}","осалили 0 раз, водящий в среднем в 13.0 блоках, дразнили воду 13% времени"
1790403554,chase,4,362,16951,7179,0.5974,11.05,-0.0308,0.7161,0.7103,0.7345,"{""distance_dm"": 35797, ""caught"": 1}","осалил 1 раз (11.0 за 10 мин вождения), в среднем в 9.9 блоках от убегающего"
1790403554,flee,8,847,47526,17175,0.5485,13.09,0.4773,0.1566,0.1531,0.1553,"{""with_threat"": 846, ""distance_dm"": 110732, ""teasing"": 113, ""caught"": 1}","осалили 1 раз (в среднем через 127 с беготни), водящий в среднем в 13.1 блоках, дразнили воду 13% времени"
1790403584,chase,4,452,17403,7387,0.5867,0.0,-0.1027,0.6045,0.6038,0.6172,"{""distance_dm"": 49444}","осалил 0 раз (0.0 за 10 мин вождения), в среднем в 10.9 блоках от убегающего"
1790403584,flee,8,904,48430,17353,0.5399,13.76,0.5452,0.1636,0.1609,0.1627,"{""with_threat"": 904, ""distance_dm"": 124370, ""teasing"": 46}","осалили 0 раз, водящий в среднем в 13.8 блоках, дразнили воду 5% времени"
1790403614,chase,4,508,17911,7596,0.5746,0.0,-0.1218,0.5016,0.5004,0.5234,"{""distance_dm"": 37220}","осалил 0 раз (0.0 за 10 мин вождения), в среднем в 7.3 блоках от убегающего"
1790403614,flee,8,1016,49446,17535,0.5303,11.81,0.5522,0.1492,0.1501,0.1496,"{""with_threat"": 1016, ""distance_dm"": 119954, ""teasing"": 66}","осалили 0 раз, водящий в среднем в 11.8 блоках, дразнили воду 6% времени"
1790403644,chase,1,110,18018,7651,0.5721,0.0,-0.1664,0.421,0.3964,0.4158,"{""distance_dm"": 9846, ""time_up"": 4}","осалил 0 раз (0.0 за 10 мин вождения), не успели за раунд 4 раза, в среднем в 9.0 блоках от убегающего"
1790403644,flee,11,755,50204,17841,0.5231,15.1,0.7443,0.1546,0.1566,0.1571,"{""with_threat"": 755, ""distance_dm"": 114019, ""survived"": 8, ""teasing"": 34}","осалили 0 раз, продержались до конца раунда 8 раз, водящий в среднем в 15.1 блоках, дразнили воду 5% времени"
1790403674,flee,11,1023,51227,18216,0.5133,15.45,0.5291,0.1641,0.1659,0.1658,"{""with_threat"": 1023, ""distance_dm"": 158054, ""teasing"": 24}","осалили 0 раз, водящий в среднем в 15.5 блоках, дразнили воду 2% времени"
1790403674,chase,1,93,18111,7699,0.5699,0.0,-0.0985,0.4569,0.4304,0.4506,"{""distance_dm"": 9771}","осалил 0 раз (0.0 за 10 мин вождения), в среднем в 10.5 блоках от убегающего"
1790403704,flee,11,1265,52492,18567,0.5013,14.93,0.5479,0.1347,0.138,0.1398,"{""with_threat"": 1265, ""distance_dm"": 188919, ""teasing"": 38}","осалили 0 раз, водящий в среднем в 14.9 блоках, дразнили воду 3% времени"
1790403704,chase,1,115,18226,7755,0.5671,0.0,-0.1903,0.4299,0.3981,0.4272,"{""distance_dm"": 6973}","осалил 0 раз (0.0 за 10 мин вождения), в среднем в 6.1 блоках от убегающего"
1790403735,flee,11,1418,53910,18908,0.4879,14.6,0.4815,0.1402,0.1454,0.1449,"{""with_threat"": 1417, ""distance_dm"": 206945, ""teasing"": 73, ""stood_still"": 1, ""deaths"": 1}","осалили 0 раз, застаивались 1 раз, водящий в среднем в 14.6 блоках, дразнили воду 5% времени; умирал 1 раз"
1790403735,chase,1,129,18355,7820,0.5641,0.0,-0.1282,0.3981,0.3935,0.3992,"{""distance_dm"": 8975}","осалил 0 раз (0.0 за 10 мин вождения), в среднем в 7.0 блоках от убегающего"
1790403765,flee,11,1239,55149,19253,0.4761,15.55,0.5643,0.1433,0.1491,0.1475,"{""with_threat"": 1239, ""distance_dm"": 192604, ""teasing"": 42}","осалили 0 раз, водящий в среднем в 15.5 блоках, дразнили воду 3% времени"
1790403765,chase,1,113,18468,7875,0.5614,0.0,-0.2565,0.4104,0.3967,0.4136,"{""distance_dm"": 13148}","осалил 0 раз (0.0 за 10 мин вождения), в среднем в 11.6 блоках от убегающего"
1790403795,flee,11,1488,56637,19641,0.4619,14.63,0.4974,0.1438,0.1484,0.1471,"{""with_threat"": 1487, ""distance_dm"": 217591, ""teasing"": 135, ""stood_still"": 1, ""deaths"": 1}","осалили 0 раз, застаивались 1 раз, водящий в среднем в 14.6 блоках, дразнили воду 9% времени; умирал 1 раз"
1790403795,chase,1,135,18603,7943,0.5582,0.0,-0.095,0.3981,0.3884,0.4112,"{""distance_dm"": 5998}","осалил 0 раз (0.0 за 10 мин вождения), в среднем в 4.4 блоках от убегающего"
1790403825,flee,10,1188,57824,19940,0.4507,14.27,0.5484,0.1681,0.1732,0.1721,"{""with_threat"": 1187, ""distance_dm"": 169440, ""caught"": 1, ""teasing"": 128, ""stood_still"": 1}","осалили 1 раз (в среднем через 178 с беготни), застаивались 1 раз, водящий в среднем в 14.3 блоках, дразнили воду 11% времени"
1790403825,chase,2,212,18816,8049,0.5531,18.87,0.1047,0.4896,0.5124,0.5544,"{""distance_dm"": 13808, ""caught"": 1}","осалил 1 раз (18.9 за 10 мин вождения), в среднем в 6.5 блоках от убегающего"
1790403855,flee,8,1023,58845,20206,0.441,13.05,0.4443,0.188,0.19,0.189,"{""with_threat"": 1021, ""distance_dm"": 133210, ""stood_still"": 2, ""caught"": 2, ""teasing"": 115}","осалили 2 раза (в среднем через 77 с беготни), застаивались 2 раза, водящий в среднем в 13.0 блоках, дразнили воду 11% времени"
1790403855,chase,4,277,19094,8187,0.5465,28.88,0.2473,0.5063,0.556,0.6086,"{""distance_dm"": 13465, ""caught"": 2}","осалил 2 раза (28.9 за 10 мин вождения), в среднем в 4.9 блоках от убегающего"
1790403885,chase,4,389,19484,8381,0.5373,0.0,-0.169,0.4986,0.5255,0.5592,"{""distance_dm"": 21684}","осалил 0 раз (0.0 за 10 мин вождения), в среднем в 5.6 блоках от убегающего"
1790403885,flee,8,792,59637,20423,0.4334,12.57,0.5221,0.1898,0.1945,0.1944,"{""with_threat"": 792, ""distance_dm"": 99518, ""teasing"": 71}","осалили 0 раз, водящий в среднем в 12.6 блоках, дразнили воду 9% времени"
1790403915,chase,6,436,19921,8586,0.5269,18.35,0.069,0.4655,0.4874,0.4999,"{""distance_dm"": 24330, ""caught"": 2}","осалил 2 раза (18.3 за 10 мин вождения), в среднем в 5.6 блоках от убегающего"
1790403915,flee,6,778,60413,20625,0.4261,11.06,0.387,0.176,0.1806,0.1808,"{""with_threat"": 776, ""distance_dm"": 85791, ""teasing"": 142, ""caught"": 2, ""stood_still"": 1}","осалили 2 раза (в среднем через 58 с беготни), застаивались 1 раз, водящий в среднем в 11.1 блоках, дразнили воду 18% времени"
1790403945,chase,1,176,20093,8656,0.5228,0.0,-0.1715,0.4851,0.5097,0.513,"{""distance_dm"": 14776, ""time_up"": 6}","осалил 0 раз (0.0 за 10 мин вождения), не успели за раунд 6 раз, в среднем в 8.4 блоках от убегающего"
1790403945,flee,11,766,61184,20935,0.4188,14.13,0.6749,0.1932,0.1976,0.1978,"{""with_threat"": 766, ""distance_dm"": 108268, ""survived"": 6, ""teasing"": 55}","осалили 0 раз, продержались до конца раунда 6 раз, водящий в среднем в 14.1 блоках, дразнили воду 7% времени"
1790403975,flee,11,1001,62185,21318,0.4092,15.31,0.5373,0.1818,0.1854,0.1867,"{""with_threat"": 1001, ""distance_dm"": 153219, ""teasing"": 6}","осалили 0 раз, водящий в среднем в 15.3 блоках, дразнили воду 1% времени"
1790403975,chase,1,91,20184,8701,0.5206,0.0,-0.2496,0.4725,0.4857,0.5064,"{""distance_dm"": 9302}","осалил 0 раз (0.0 за 10 мин вождения), в среднем в 10.2 блоках от убегающего"
1790404006,flee,11,1034,63219,21693,0.3994,14.62,0.5487,0.1751,0.1796,0.1807,"{""with_threat"": 1034, ""distance_dm"": 151214, ""teasing"": 65}","осалили 0 раз, водящий в среднем в 14.6 блоках, дразнили воду 6% времени"
1790404006,chase,1,94,20278,8748,0.5184,0.0,-0.1899,0.4848,0.4966,0.5072,"{""distance_dm"": 5643}","осалил 0 раз (0.0 за 10 мин вождения), в среднем в 6.0 блоках от убегающего"
1790404036,flee,11,1056,64275,22043,0.3894,14.45,0.5588,0.172,0.1769,0.1774,"{""with_threat"": 1056, ""distance_dm"": 152604, ""teasing"": 67}","осалили 0 раз, водящий в среднем в 14.5 блоках, дразнили воду 6% времени"
1790404036,chase,1,96,20374,8796,0.5161,0.0,-0.1468,0.4976,0.5112,0.5226,"{""distance_dm"": 5527}","осалил 0 раз (0.0 за 10 мин вождения), в среднем в 5.8 блоках от убегающего"
1790404066,flee,11,1076,65351,22392,0.3792,14.59,0.3645,0.1736,0.1781,0.1776,"{""with_threat"": 1074, ""distance_dm"": 156746, ""stood_still"": 2, ""deaths"": 2, ""teasing"": 93}","осалили 0 раз, застаивались 2 раза, водящий в среднем в 14.6 блоках, дразнили воду 9% времени; умирал 2 раза"
1790404066,chase,1,98,20472,8844,0.5138,0.0,-0.2294,0.4428,0.4589,0.462,"{""distance_dm"": 3171}","осалил 0 раз (0.0 за 10 мин вождения), в среднем в 3.2 блоках от убегающего"
1790404096,flee,11,1397,66748,22721,0.3659,14.79,0.5981,0.2025,0.2075,0.2076,"{""with_threat"": 1397, ""distance_dm"": 206658, ""teasing"": 79}","осалили 0 раз, водящий в среднем в 14.8 блоках, дразнили воду 6% времени"
1790404096,chase,1,127,20599,8907,0.5108,0.0,-0.1906,0.431,0.442,0.4398,"{""distance_dm"": 5674}","осалил 0 раз (0.0 за 10 мин вождения), в среднем в 4.5 блоках от убегающего"
1790404126,flee,11,1210,67958,23068,0.3544,14.89,0.5522,0.1876,0.1941,0.1942,"{""with_threat"": 1210, ""distance_dm"": 180179, ""stood_still"": 1, ""teasing"": 39}","осалили 0 раз, застаивались 1 раз, водящий в среднем в 14.9 блоках, дразнили воду 3% времени"
1790404126,chase,1,110,20709,8963,0.5082,0.0,-0.2784,0.4649,0.475,0.4728,"{""distance_dm"": 4318}","осалил 0 раз (0.0 за 10 мин вождения), в среднем в 3.9 блоках от убегающего"
1790404156,flee,11,1606,69564,23384,0.3391,15.13,0.6084,0.1655,0.1726,0.1733,"{""with_threat"": 1606, ""distance_dm"": 242970, ""teasing"": 116}","осалили 0 раз, водящий в среднем в 15.1 блоках, дразнили воду 7% времени"
1790404156,chase,1,146,20855,9034,0.5047,0.0,-0.1412,0.4279,0.4439,0.4391,"{""distance_dm"": 9911}","осалил 0 раз (0.0 за 10 мин вождения), в среднем в 6.8 блоках от убегающего"
1790404186,flee,11,1539,71103,23703,0.3245,15.13,0.5365,0.1877,0.1944,0.194,"{""with_threat"": 1538, ""distance_dm"": 232718, ""stood_still"": 1, ""deaths"": 1, ""teasing"": 52}","осалили 0 раз, застаивались 1 раз, водящий в среднем в 15.1 блоках, дразнили воду 3% времени; умирал 1 раз"
1790404186,chase,1,140,20995,9105,0.5014,0.0,-0.1193,0.4376,0.4481,0.4431,"{""distance_dm"": 11470}","осалил 0 раз (0.0 за 10 мин вождения), в среднем в 8.2 блоках от убегающего"
1790404216,flee,11,1122,72225,24029,0.3139,13.69,0.5361,0.2014,0.2032,0.2051,"{""with_threat"": 1122, ""distance_dm"": 153633, ""stood_still"": 2, ""teasing"": 75}","осалили 0 раз, застаивались 2 раза, водящий в среднем в 13.7 блоках, дразнили воду 7% времени"
1790404216,chase,1,102,21097,9157,0.4989,0.0,-0.0973,0.4312,0.4394,0.4365,"{""distance_dm"": 7310}","осалил 0 раз (0.0 за 10 мин вождения), в среднем в 7.2 блоках от убегающего"
1790404246,flee,11,957,73182,24341,0.3048,13.7,0.8099,0.2034,0.2085,0.2102,"{""with_threat"": 957, ""distance_dm"": 131131, ""survived"": 11, ""teasing"": 106}","осалили 0 раз, продержались до конца раунда 11 раз, водящий в среднем в 13.7 блоках, дразнили воду 11% времени"
1790404246,chase,1,76,21173,9194,0.4971,0.0,-0.2667,0.4099,0.4266,0.4211,"{""distance_dm"": 5441, ""time_up"": 1}","осалил 0 раз (0.0 за 10 мин вождения), не успели за раунд 1 раз, в среднем в 7.2 блоках от убегающего"
1790404276,flee,11,1562,74744,24664,0.2899,14.22,0.6074,0.1913,0.1976,0.1987,"{""with_threat"": 1562, ""distance_dm"": 222180, ""teasing"": 155}","осалили 0 раз, водящий в среднем в 14.2 блоках, дразнили воду 10% времени"
1790404276,chase,1,142,21315,9265,0.4938,0.0,-0.1701,0.4313,0.4462,0.4392,"{""distance_dm"": 7325}","осалил 0 раз (0.0 за 10 мин вождения), в среднем в 5.2 блоках от убегающего"
1790404307,flee,11,1925,76669,25096,0.2716,14.08,0.6537,0.1839,0.1899,0.1911,"{""with_threat"": 1925, ""distance_dm"": 271101, ""teasing"": 289}","осалили 0 раз, водящий в среднем в 14.1 блоках, дразнили воду 15% времени"
1790404307,chase,1,175,21490,9352,0.4896,0.0,-0.1303,0.3975,0.4114,0.402,"{""distance_dm"": 9279}","осалил 0 раз (0.0 за 10 мин вождения), в среднем в 5.3 блоках от убегающего"
1790404337,flee,11,1715,78384,25525,0.2554,13.95,0.5254,0.1796,0.1852,0.1857,"{""with_threat"": 1714, ""distance_dm"": 239070, ""teasing"": 134, ""stood_still"": 1, ""deaths"": 1}","осалили 0 раз, застаивались 1 раз, водящий в среднем в 13.9 блоках, дразнили воду 8% времени; умирал 1 раз"
1790404337,chase,1,156,21646,9432,0.4859,0.0,-0.1905,0.3948,0.4046,0.4031,"{""distance_dm"": 11371}","осалил 0 раз (0.0 за 10 мин вождения), в среднем в 7.3 блоках от убегающего"
1790404367,flee,11,1694,80078,25970,0.2393,14.52,0.6017,0.1844,0.1891,0.1896,"{""with_threat"": 1694, ""distance_dm"": 245947, ""teasing"": 69}","осалили 0 раз, водящий в среднем в 14.5 блоках, дразнили воду 4% времени"
1790404367,chase,1,154,21800,9509,0.4822,0.0,-0.1075,0.3857,0.4008,0.3941,"{""distance_dm"": 12684}","осалил 0 раз (0.0 за 10 мин вождения), в среднем в 8.2 блоках от убегающего"
1790404397,flee,11,1308,81386,26307,0.2268,14.6,0.5078,0.1966,0.2064,0.2043,"{""with_threat"": 1307, ""distance_dm"": 190770, ""teasing"": 65, ""stood_still"": 1, ""deaths"": 1}","осалили 0 раз, застаивались 1 раз, водящий в среднем в 14.6 блоках, дразнили воду 5% времени; умирал 1 раз"
1790404397,chase,1,119,21919,9567,0.4794,0.0,-0.1446,0.3796,0.3892,0.3852,"{""distance_dm"": 5211}","осалил 0 раз (0.0 за 10 мин вождения), в среднем в 4.4 блоках от убегающего"
1790404427,flee,11,1573,82959,26643,0.2119,15.16,0.6212,0.1912,0.1981,0.1984,"{""with_threat"": 1573, ""distance_dm"": 238419, ""teasing"": 62}","осалили 0 раз, водящий в среднем в 15.2 блоках, дразнили воду 4% времени"
1790404427,chase,1,143,22062,9637,0.476,0.0,-0.2073,0.4213,0.423,0.4142,"{""distance_dm"": 11794}","осалил 0 раз (0.0 за 10 мин вождения), в среднем в 8.2 блоках от убегающего"
1790404457,flee,11,1792,84751,27063,0.1949,15.26,0.5444,0.1832,0.1891,0.1903,"{""with_threat"": 1791, ""distance_dm"": 273350, ""stood_still"": 2, ""deaths"": 1}","осалили 0 раз, застаивались 2 раза, водящий в среднем в 15.3 блоках, дразнили воду 0% времени; умирал 1 раз"
1790404457,chase,1,163,22225,9719,0.4722,0.0,-0.1569,0.3649,0.3722,0.3638,"{""distance_dm"": 11894}","осалил 0 раз (0.0 за 10 мин вождения), в среднем в 7.3 блоках от убегающего"
1790404487,flee,11,1669,86420,27428,0.179,14.89,0.4292,0.2101,0.2159,0.2175,"{""with_threat"": 1666, ""distance_dm"": 248016, ""stood_still"": 2, ""deaths"": 3, ""teasing"": 24}","осалили 0 раз, застаивались 2 раза, водящий в среднем в 14.9 блоках, дразнили воду 1% времени; умирал 3 раза"
1790404487,chase,1,152,22377,9795,0.4685,26.32,0.1804,0.3824,0.3798,0.384,"{""distance_dm"": 14329, ""caught"": 1}","осалил 1 раз (26.3 за 10 мин вождения), в среднем в 9.4 блоках от убегающего"
1790404517,flee,9,1599,88017,27763,0.1638,11.14,0.4229,0.2262,0.2329,0.2333,"{""with_threat"": 1595, ""distance_dm"": 177755, ""teasing"": 255, ""caught"": 2, ""stood_still"": 3, ""deaths"": 2}","осалили 2 раза (в среднем через 120 с беготни), застаивались 3 раза, водящий в среднем в 11.1 блоках, дразнили воду 16% времени; умирал 2 раза"
1790404517,chase,3,166,22544,9879,0.4646,48.19,0.5106,0.4044,0.4119,0.4124,"{""distance_dm"": 8799, ""caught"": 2}","осалил 2 раза (48.2 за 10 мин вождения), в среднем в 5.3 блоках от убегающего"
1790404547,flee,11,919,88938,28058,0.1551,11.68,0.6088,0.2366,0.2437,0.2441,"{""with_threat"": 917, ""distance_dm"": 107101, ""caught"": 2, ""teasing"": 182, ""survived"": 7}","осалили 2 раза (в среднем через 69 с беготни), продержались до конца раунда 7 раз, водящий в среднем в 11.7 блоках, дразнили воду 20% времени"
1790404547,chase,1,233,22776,9976,0.4591,17.17,0.0363,0.449,0.4596,0.4587,"{""distance_dm"": 13201, ""time_up"": 5, ""caught"": 1}","осалил 1 раз (17.2 за 10 мин вождения), не успели за раунд 5 раз, в среднем в 5.7 блоках от убегающего"
1790404577,flee,11,1023,89961,28427,0.1454,15.94,0.5844,0.2308,0.2383,0.239,"{""with_threat"": 1023, ""distance_dm"": 163114}","осалили 0 раз, водящий в среднем в 15.9 блоках, дразнили воду 0% времени"
1790404577,chase,1,93,22869,10022,0.4569,0.0,-0.1028,0.5384,0.5918,0.6087,"{""distance_dm"": 14493}","осалил 0 раз (0.0 за 10 мин вождения), в среднем в 15.6 блоках от убегающего"
1790404608,flee,11,1342,91303,28815,0.1326,15.99,0.6514,0.237,0.2438,0.2468,"{""with_threat"": 1342, ""distance_dm"": 214561}","осалили 0 раз, водящий в среднем в 16.0 блоках, дразнили воду 0% времени"
1790404608,chase,1,122,22991,10083,0.454,0.0,-0.1763,0.5721,0.6568,0.6969,"{""distance_dm"": 19995}","осалил 0 раз (0.0 за 10 мин вождения), в среднем в 16.4 блоках от убегающего"
1790404638,flee,11,1463,92766,29235,0.1187,15.71,0.6371,0.2313,0.2386,0.2406,"{""with_threat"": 1463, ""distance_dm"": 229868, ""stood_still"": 1}","осалили 0 раз, застаивались 1 раз, водящий в среднем в 15.7 блоках, дразнили воду 0% времени"
1790404638,chase,1,133,23124,10148,0.4508,0.0,-0.1649,0.5091,0.5793,0.6094,"{""distance_dm"": 17174}","осалил 0 раз (0.0 за 10 мин вождения), в среднем в 12.9 блоках от убегающего"
1790404668,flee,11,1967,94733,29663,0.1,15.37,0.5455,0.2142,0.2233,0.2242,"{""with_threat"": 1965, ""distance_dm"": 301978, ""stood_still"": 2, ""deaths"": 2}","осалили 0 раз, застаивались 2 раза, водящий в среднем в 15.4 блоках, дразнили воду 0% времени; умирал 2 раза"
1790404668,chase,1,179,23303,10238,0.4466,0.0,-0.1165,0.481,0.5473,0.5701,"{""distance_dm"": 17936}","осалил 0 раз (0.0 за 10 мин вождения), в среднем в 10.0 блоках от убегающего"
1790404698,flee,11,1353,96086,30076,0.0872,15.02,0.6391,0.2342,0.2396,0.2407,"{""with_threat"": 1353, ""distance_dm"": 203159, ""stood_still"": 2, ""teasing"": 63}","осалили 0 раз, застаивались 2 раза, водящий в среднем в 15.0 блоках, дразнили воду 5% времени"
1790404698,chase,1,123,23426,10299,0.4436,0.0,-0.0559,0.4688,0.5251,0.5468,"{""distance_dm"": 13751}","осалил 0 раз (0.0 за 10 мин вождения), в среднем в 11.2 блоках от убегающего"
1790404728,flee,11,1573,97659,30459,0.0722,11.96,0.6731,0.2435,0.2512,0.2526,"{""with_threat"": 1573, ""distance_dm"": 188060, ""teasing"": 278}","осалили 0 раз, водящий в среднем в 12.0 блоках, дразнили воду 18% времени"
1790404728,chase,1,143,23569,10369,0.4402,0.0,-0.1774,0.4856,0.5349,0.5515,"{""distance_dm"": 3648}","осалил 0 раз (0.0 за 10 мин вождения), в среднем в 2.6 блоках от убегающего"
1790404758,flee,11,1309,98968,30849,0.0598,10.17,0.6231,0.2331,0.2428,0.2434,"{""with_threat"": 1309, ""distance_dm"": 133147, ""stood_still"": 3, ""teasing"": 310}","осалили 0 раз, застаивались 3 раза, водящий в среднем в 10.2 блоках, дразнили воду 24% времени"
1790404758,chase,1,119,23688,10431,0.4374,0.0,-0.2331,0.4753,0.5183,0.5406,"{""distance_dm"": 1957}","осалил 0 раз (0.0 за 10 мин вождения), в среднем в 1.6 блоках от убегающего"
1790404788,flee,11,1274,100242,31261,0.05,9.87,0.4214,0.2283,0.2382,0.2383,"{""with_threat"": 1272, ""distance_dm"": 125595, ""stood_still"": 3, ""teasing"": 228, ""deaths"": 2}","осалили 0 раз, застаивались 3 раза, водящий в среднем в 9.9 блоках, дразнили воду 18% времени; умирал 2 раза"
1790404788,chase,1,116,23804,10489,0.4347,0.0,-0.1919,0.4264,0.4738,0.4797,"{""distance_dm"": 921}","осалил 0 раз (0.0 за 10 мин вождения), в среднем в 0.8 блоках от убегающего"
1790404818,flee,11,1342,101584,31655,0.05,8.65,0.6677,0.2336,0.2437,0.2441,"{""with_threat"": 1342, ""distance_dm"": 116070, ""teasing"": 476}","осалили 0 раз, водящий в среднем в 8.6 блоках, дразнили воду 35% времени"
1790404818,chase,1,122,23926,10548,0.4318,0.0,-0.1432,0.4015,0.4461,0.4526,"{""distance_dm"": 1647}","осалил 0 раз (0.0 за 10 мин вождения), в среднем в 1.3 блоках от убегающего"
1790404848,flee,11,560,102144,31798,0.05,7.56,0.5495,0.2578,0.2691,0.2698,"{""with_threat"": 548, ""distance_dm"": 41418, ""teasing"": 272, ""stood_still"": 1, ""deaths"": 1}","осалили 0 раз, застаивались 1 раз, водящий в среднем в 7.6 блоках, дразнили воду 50% времени; умирал 1 раз"
1790404848,chase,1,50,23976,10579,0.4306,0.0,-2.3756,0.4177,0.4576,0.4766,"{""distance_dm"": 1204, ""stood_still"": 1, ""deaths"": 1, ""goals"": 1}","осалил 0 раз (0.0 за 10 мин вождения), застаивался 1 раз, в среднем в 2.4 блоках от убегающего; умирал 1 раз"
1790404878,flee,11,0,102144,31798,0.05,,0.0,,,,{},
1790404878,chase,1,0,23976,10579,0.4306,0.0,0.0,,,,{},осалил 0 раз (0.0 за 10 мин вождения)
1790404908,flee,11,0,102144,31798,0.05,,0.0,,,,{},
1790404908,chase,1,0,23976,10579,0.4306,0.0,0.0,,,,{},осалил 0 раз (0.0 за 10 мин вождения)
1790404938,flee,11,0,102144,31798,0.05,,0.0,,,,{},
1790404938,chase,1,0,23976,10579,0.4306,0.0,0.0,,,,{},осалил 0 раз (0.0 за 10 мин вождения)
1790404968,flee,11,0,102144,31798,0.05,,0.0,,,,{},
1790404968,chase,1,0,23976,10579,0.4306,0.0,0.0,,,,{},осалил 0 раз (0.0 за 10 мин вождения)
1790404998,flee,11,0,102144,31798,0.05,,0.0,,,,{},
1790404998,chase,1,0,23976,10579,0.4306,0.0,0.0,,,,{},осалил 0 раз (0.0 за 10 мин вождения)
1790405029,flee,12,11,102144,31798,0.05,0.0,0.2,,,,"{""with_threat"": 11, ""distance_dm"": 0}","осалили 0 раз, водящий в среднем в 0.0 блоках, дразнили воду 0% времени"
1790405059,flee,11,836,102991,32164,0.05,13.91,0.5001,0.2382,0.2481,0.2502,"{""with_threat"": 836, ""distance_dm"": 116298, ""teasing"": 59}","осалили 0 раз, водящий в среднем в 13.9 блоках, дразнили воду 7% времени"
1790405059,chase,1,62,24039,10607,0.4291,0.0,-0.1543,0.4847,0.5244,0.529,"{""distance_dm"": 1759}","осалил 0 раз (0.0 за 10 мин вождения), в среднем в 2.8 блоках от убегающего"
1790405089,flee,11,1023,104014,32499,0.05,12.8,0.546,0.2206,0.2308,0.2344,"{""with_threat"": 1023, ""distance_dm"": 130902, ""teasing"": 70}","осалили 0 раз, водящий в среднем в 12.8 блоках, дразнили воду 7% времени"
1790405089,chase,1,93,24132,10653,0.4269,0.0,-0.1193,0.5274,0.5618,0.5694,"{""distance_dm"": 1983}","осалил 0 раз (0.0 за 10 мин вождения), в среднем в 2.1 блоках от убегающего"
1790405119,flee,9,868,104880,32757,0.05,13.09,0.4257,0.235,0.2451,0.2492,"{""with_threat"": 866, ""distance_dm"": 113382, ""caught"": 2, ""teasing"": 34}","осалили 2 раза (в среднем через 65 с беготни), водящий в среднем в 13.1 блоках, дразнили воду 4% времени"
1790405119,chase,3,243,24377,10772,0.421,32.92,0.2622,0.4683,0.5034,0.5047,"{""distance_dm"": 10497, ""caught"": 2}","осалил 2 раза (32.9 за 10 мин вождения), в среднем в 4.3 блоках от убегающего"
1790405149,chase,4,330,24707,10932,0.4132,12.12,-0.0015,0.4775,0.5047,0.507,"{""distance_dm"": 7984, ""caught"": 1, ""goals"": 1}","осалил 1 раз (12.1 за 10 мин вождения), в среднем в 2.4 блоках от убегающего"
1790405149,flee,8,976,105855,32976,0.05,11.43,0.4801,0.2242,0.2347,0.238,"{""with_threat"": 975, ""distance_dm"": 111454, ""caught"": 1, ""teasing"": 1}","осалили 1 раз (в среднем через 146 с беготни), водящий в среднем в 11.4 блоках, дразнили воду 0% времени"
1790405179,chase,4,383,25091,11116,0.4041,0.0,-0.1499,0.4715,0.4994,0.4946,"{""distance_dm"": 13715}","осалил 0 раз (0.0 за 10 мин вождения), в среднем в 3.6 блоках от убегающего"
1790405179,flee,8,776,106631,33140,0.05,12.43,0.5431,0.2644,0.2727,0.2777,"{""with_threat"": 776, ""distance_dm"": 96455}","осалили 0 раз, водящий в среднем в 12.4 блоках, дразнили воду 0% времени"
1790405209,chase,4,416,25507,11311,0.3942,0.0,-0.1609,0.4541,0.4658,0.4662,"{""distance_dm"": 20599}","осалил 0 раз (0.0 за 10 мин вождения), в среднем в 5.0 блоках от убегающего"
1790405209,flee,8,832,107463,33317,0.05,12.56,0.6149,0.2239,0.2317,0.2365,"{""with_threat"": 832, ""distance_dm"": 104458, ""teasing"": 25, ""stood_still"": 1}","осалили 0 раз, застаивались 1 раз, водящий в среднем в 12.6 блоках, дразнили воду 3% времени"
1790405239,chase,4,360,25867,11490,0.3857,0.0,-0.1291,0.4381,0.4462,0.452,"{""distance_dm"": 17688}","осалил 0 раз (0.0 за 10 мин вождения), в среднем в 4.9 блоках от убегающего"
1790405239,flee,8,720,108183,33507,0.05,12.58,0.5257,0.2449,0.2545,0.2572,"{""with_threat"": 720, ""distance_dm"": 90552, ""teasing"": 31, ""stood_still"": 1}","осалили 0 раз, застаивались 1 раз, водящий в среднем в 12.6 блоках, дразнили воду 4% времени"
1790405269,chase,4,388,26255,11684,0.3764,0.0,-0.1563,0.4239,0.4329,0.4398,"{""distance_dm"": 21625}","осалил 0 раз (0.0 за 10 мин вождения), в среднем в 5.6 блоках от убегающего"
1790405269,flee,8,776,108959,33727,0.05,12.75,0.5126,0.2403,0.2497,0.2534,"{""with_threat"": 776, ""distance_dm"": 98930, ""teasing"": 30, ""stood_still"": 2}","осалили 0 раз, застаивались 2 раза, водящий в среднем в 12.7 блоках, дразнили воду 4% времени"
1790405299,chase,6,410,26666,11884,0.3667,19.51,0.1305,0.446,0.4573,0.4612,"{""distance_dm"": 29716, ""caught"": 2}","осалил 2 раза (19.5 за 10 мин вождения), в среднем в 7.2 блоках от убегающего"
1790405299,flee,6,634,109591,33933,0.05,12.65,0.3651,0.233,0.2428,0.2458,"{""with_threat"": 632, ""distance_dm"": 79969, ""caught"": 2, ""teasing"": 34}","осалили 2 раза (в среднем через 48 с беготни), водящий в среднем в 12.7 блоках, дразнили воду 5% времени"
1790405329,chase,7,534,27201,12111,0.354,7.49,-0.0058,0.4999,0.5384,0.5531,"{""distance_dm"": 92609, ""caught"": 1}","осалил 1 раз (7.5 за 10 мин вождения), в среднем в 17.3 блоках от убегающего"
1790405329,flee,5,537,110127,34113,0.05,11.56,0.5213,0.2491,0.2621,0.2587,"{""with_threat"": 536, ""distance_dm"": 61966, ""teasing"": 125, ""caught"": 1}","осалили 1 раз (в среднем через 81 с беготни), водящий в среднем в 11.6 блоках, дразнили воду 23% времени"
1790405360,chase,1,70,27266,12147,0.3524,0.0,-0.1657,0.4846,0.5372,0.5677,"{""distance_dm"": 6500, ""time_up"": 7}","осалил 0 раз (0.0 за 10 мин вождения), не успели за раунд 7 раз, в среднем в 9.3 блоках от убегающего"
1790405360,flee,11,802,110935,34443,0.05,14.66,0.6455,0.2457,0.2578,0.2593,"{""with_threat"": 802, ""distance_dm"": 117588, ""survived"": 5, ""teasing"": 49}","осалили 0 раз, продержались до конца раунда 5 раз, водящий в среднем в 14.7 блоках, дразнили воду 6% времени"
1790405390,flee,11,935,111870,34813,0.05,14.93,0.5535,0.2402,0.2529,0.2536,"{""with_threat"": 935, ""distance_dm"": 139639, ""teasing"": 32}","осалили 0 раз, водящий в среднем в 14.9 блоках, дразнили воду 3% времени"
1790405390,chase,1,85,27351,12189,0.3504,0.0,-0.1611,0.5165,0.5747,0.6044,"{""distance_dm"": 5720}","осалил 0 раз (0.0 за 10 мин вождения), в среднем в 6.7 блоках от убегающего"
1790405420,flee,11,1001,112871,35163,0.05,15.06,0.5888,0.249,0.261,0.2623,"{""with_threat"": 1001, ""distance_dm"": 150702, ""teasing"": 40}","осалили 0 раз, водящий в среднем в 15.1 блоках, дразнили воду 4% времени"
1790405420,chase,1,91,27442,12233,0.3483,0.0,-0.0673,0.4825,0.5407,0.5715,"{""distance_dm"": 5920}","осалил 0 раз (0.0 за 10 мин вождения), в среднем в 6.5 блоках от убегающего"
1790405450,flee,11,1012,113883,35482,0.05,14.86,0.6068,0.2332,0.2448,0.2452,"{""with_threat"": 1012, ""distance_dm"": 150404, ""teasing"": 32}","осалили 0 раз, водящий в среднем в 14.9 блоках, дразнили воду 3% времени"
1790405450,chase,1,92,27534,12279,0.3461,0.0,-0.0907,0.4889,0.5282,0.5451,"{""distance_dm"": 3242}","осалил 0 раз (0.0 за 10 мин вождения), в среднем в 3.5 блоках от убегающего"
1790405480,flee,11,1132,115015,35753,0.05,14.85,0.5363,0.2208,0.2323,0.2335,"{""with_threat"": 1131, ""distance_dm"": 167914, ""teasing"": 57, ""stood_still"": 1, ""deaths"": 1}","осалили 0 раз, застаивались 1 раз, водящий в среднем в 14.8 блоках, дразнили воду 5% времени; умирал 1 раз"
1790405480,chase,1,103,27637,12330,0.3436,0.0,-0.1279,0.4544,0.5048,0.5191,"{""distance_dm"": 3952}","осалил 0 раз (0.0 за 10 мин вождения), в среднем в 3.8 блоках от убегающего"
1790405510,flee,11,1034,116049,36054,0.05,14.99,0.6212,0.236,0.246,0.2473,"{""with_threat"": 1034, ""distance_dm"": 155022, ""stood_still"": 1, ""teasing"": 91}","осалили 0 раз, застаивались 1 раз, водящий в среднем в 15.0 блоках, дразнили воду 9% времени"
1790405510,chase,1,94,27731,12379,0.3414,42.55,0.379,0.4379,0.4906,0.5045,"{""distance_dm"": 4755, ""caught"": 1}","осалил 1 раз (42.6 за 10 мин вождения), в среднем в 5.1 блоках от убегающего"
1790405540,flee,9,887,116934,36392,0.05,13.82,0.4526,0.2428,0.2551,0.2582,"{""with_threat"": 885, ""distance_dm"": 122304, ""caught"": 2, ""teasing"": 73, ""stood_still"": 1}","осалили 2 раза (в среднем через 67 с беготни), застаивались 1 раз, водящий в среднем в 13.8 блоках, дразнили воду 8% времени"
1790405540,chase,3,162,27895,12459,0.3375,0.0,-0.0168,0.4732,0.5143,0.5227,"{""distance_dm"": 20743}","осалил 0 раз (0.0 за 10 мин вождения), в среднем в 12.8 блоках от убегающего"
1790405570,flee,2,481,117408,36599,0.05,11.11,-0.1895,0.258,0.271,0.2718,"{""with_threat"": 474, ""distance_dm"": 52644, ""caught"": 7, ""teasing"": 61}","осалили 7 раз (в среднем через 10 с беготни), водящий в среднем в 11.1 блоках, дразнили воду 13% времени"
1790405570,chase,10,528,28428,12662,0.3248,0.0,-0.1139,0.4847,0.5262,0.5304,"{""distance_dm"": 93942}","осалил 0 раз (0.0 за 10 мин вождения), в среднем в 17.8 блоках от убегающего"
1790405600,chase,2,236,28658,12761,0.3194,16.95,0.9998,0.4599,0.4927,0.4963,"{""won"": 11, ""distance_dm"": 66381, ""caught"": 1}","осалил 1 раз (16.9 за 10 мин вождения), поймали всех 11 раз, в среднем в 28.1 блоках от убегающего"
1790405600,flee,10,684,118100,36880,0.05,14.84,0.3559,0.2595,0.2729,0.2739,"{""with_threat"": 681, ""distance_dm"": 101059, ""teasing"": 31, ""caught"": 3}","осалили 3 раза (в среднем через 34 с беготни), водящий в среднем в 14.8 блоках, дразнили воду 5% времени"
1790405630,flee,10,1030,119130,37175,0.05,13.62,0.5892,0.27,0.2838,0.2848,"{""with_threat"": 1030, ""distance_dm"": 140279, ""teasing"": 136}","осалили 0 раз, водящий в среднем в 13.6 блоках, дразнили воду 13% времени"
1790405630,chase,2,206,28864,12864,0.3145,0.0,-0.1371,0.4798,0.5138,0.5192,"{""distance_dm"": 8938}","осалил 0 раз (0.0 за 10 мин вождения), в среднем в 4.3 блоках от убегающего"
1790405776,gathering,3,341,344,0,0.9978,0.0,-0.0759,,,,"{""other_items"": 5}","добыто ресурса: 0 (0.0 за 10 мин на бота), прочих предметов: 5"
1790405776,walking,3,333,336,0,0.9979,0.0,-0.3508,,,,{},дошёл до точки 0 раз (0.0 за 10 мин на бота)
1790405776,looking,3,333,336,0,0.9947,0.0,0.0384,,,,"{""no_target"": 18}",цель в прицеле 0.0% времени
1790405776,follow,3,333,336,0,0.996,24.39,-0.2019,,,,"{""no_target"": 128, ""distance_dm"": 9377, ""caught_up"": 2, ""in_band"": 50}","рядом с целью 24% времени, в среднем в 4.6 блоках от неё (цели нет 38% времени — за кем идти?)"
1790405806,walking,3,465,801,106,0.9949,0.0,-0.3023,0.4358,0.0878,,"{""stuck"": 4}","дошёл до точки 0 раз (0.0 за 10 мин на бота), застревал 4 раза"
1790405806,looking,3,465,801,102,0.9873,0.0,0.0345,0.434,0.0813,,"{""no_target"": 10}",цель в прицеле 0.0% времени
1790405806,follow,3,465,801,92,0.9905,46.49,-0.1075,0.2332,0.0905,,"{""no_target"": 166, ""distance_dm"": 18629, ""caught_up"": 1, ""in_band"": 139}","рядом с целью 46% времени, в среднем в 6.2 блоках от неё (цели нет 36% времени — за кем идти?)"
1790405806,gathering,3,465,809,63,0.9949,0.0,-0.0463,0.135,0.1395,0.2084,"{""other_items"": 4}","добыто ресурса: 0 (0.0 за 10 мин на бота), прочих предметов: 4"
1790405836,walking,3,345,1146,250,0.9927,0.0,-0.3128,0.311,0.0259,,"{""stuck"": 2}","дошёл до точки 0 раз (0.0 за 10 мин на бота), застревал 2 раза"
1790405836,looking,3,345,1146,239,0.9819,0.81,0.0228,0.3286,0.0817,,"{""no_target"": 99, ""centered"": 2}",цель в прицеле 0.8% времени (а 29% времени цели не было — далеко или рядом никого)
1790405836,follow,3,345,1146,215,0.9864,86.36,-0.0655,0.1132,0.034,,"{""no_target"": 213, ""distance_dm"": 6484, ""in_band"": 114}","рядом с целью 86% времени, в среднем в 4.9 блоках от неё (цели нет 62% времени — за кем идти?)"
1790405836,gathering,3,345,1154,150,0.9927,0.0,-0.0293,0.1061,0.1067,0.1617,"{""other_items"": 6}","добыто ресурса: 0 (0.0 за 10 мин на бота), прочих предметов: 6"
1790405866,walking,3,300,1446,381,0.9908,0.0,-0.353,0.2566,0.0123,,"{""stuck"": 3}","дошёл до точки 0 раз (0.0 за 10 мин на бота), застревал 3 раза"
1790405866,looking,3,300,1446,358,0.9771,0.0,-0.0104,0.27,0.0666,,"{""no_target"": 29}",цель в прицеле 0.0% времени
1790405866,follow,3,300,1446,314,0.9828,50.29,-0.1282,0.1039,0.014,,"{""no_target"": 129, ""distance_dm"": 12597, ""in_band"": 86}","рядом с целью 50% времени, в среднем в 7.4 блоках от неё (цели нет 43% времени — за кем идти?)"
1790405866,gathering,3,300,1454,232,0.9908,13.33,0.0576,0.1122,0.1125,0.1591,"{""other_items"": 12, ""gathered"": 1}","добыто ресурса: 1 (13.3 за 10 мин на бота), прочих предметов: 12"
1790405896,walking,3,318,1764,518,0.9888,0.0,-0.3569,0.2633,0.0092,,"{""stuck"": 3}","дошёл до точки 0 раз (0.0 за 10 мин на бота), застревал 3 раза"
1790405896,looking,3,318,1764,489,0.9721,0.36,0.0216,0.2596,0.0642,,"{""no_target"": 44, ""centered"": 1}",цель в прицеле 0.4% времени
1790405896,follow,3,318,1764,433,0.9791,0.0,-0.2455,0.1519,0.0093,,"{""no_target"": 150, ""distance_dm"": 19340}","рядом с целью 0.0% времени, в среднем в 11.5 блоках от неё (цели нет 47% времени — за кем идти?)"
1790405896,gathering,3,318,1772,320,0.9888,0.0,-0.0529,0.0933,0.0947,0.1383,"{""other_items"": 9}","добыто ресурса: 0 (0.0 за 10 мин на бота), прочих предметов: 9"
1790405927,walking,3,336,2100,669,0.9867,0.0,-0.3597,0.2508,0.006,,"{""stuck"": 2}","дошёл до точки 0 раз (0.0 за 10 мин на бота), застревал 2 раза"
1790405927,looking,3,336,2100,630,0.9667,0.0,0.0658,0.2597,0.0611,,{},цель в прицеле 0.0% времени
1790405927,follow,3,336,2100,568,0.9751,17.07,-0.1782,0.1659,0.008,,"{""no_target"": 131, ""distance_dm"": 14281, ""caught_up"": 2, ""in_band"": 35}","рядом с целью 17% времени, в среднем в 7.0 блоках от неё (цели нет 39% времени — за кем идти?)"
1790405927,gathering,3,336,2108,434,0.9866,0.0,-0.0489,0.0779,0.0788,0.1211,"{""other_items"": 1}","добыто ресурса: 0 (0.0 за 10 мин на бота), прочих предметов: 1"
1790405957,walking,3,285,2385,810,0.9849,0.0,-0.2754,0.2385,0.0045,,"{""stuck"": 2}","дошёл до точки 0 раз (0.0 за 10 мин на бота), застревал 2 раза"
1790405957,looking,3,285,2385,769,0.9622,0.0,0.0335,0.2746,0.0636,,"{""no_target"": 19}",цель в прицеле 0.0% времени
1790405957,follow,3,285,2385,704,0.9717,7.32,-0.2171,0.1515,0.005,,"{""no_target"": 121, ""distance_dm"": 18466, ""caught_up"": 1, ""in_band"": 12}","рядом с целью 7.3% времени, в среднем в 11.3 блоках от неё (цели нет 42% времени — за кем идти?)"
1790405957,gathering,3,285,2393,566,0.9848,0.0,-0.0466,0.0701,0.0701,0.1069,"{""other_items"": 6}","добыто ресурса: 0 (0.0 за 10 мин на бота), прочих предметов: 6"
1790405987,walking,3,294,2679,959,0.983,13.61,-0.1306,0.2456,0.0041,,"{""stuck"": 2, ""goals"": 1}","дошёл до точки 1 раз (13.6 за 10 мин на бота), застревал 2 раза"
1790405987,looking,3,294,2679,916,0.9576,2.04,0.0934,0.2757,0.0612,,"{""no_target"": 98, ""centered"": 4}",цель в прицеле 2.0% времени (а 33% времени цели не было — далеко или рядом никого)
1790405987,follow,3,294,2679,851,0.9682,3.79,-0.2531,0.1243,0.0041,,"{""no_target"": 162, ""distance_dm"": 11123, ""caught_up"": 2, ""in_band"": 5}","рядом с целью 3.8% времени, в среднем в 8.4 блоках от неё (цели нет 55% времени — за кем идти?)"
1790405987,gathering,3,294,2687,710,0.983,0.0,-0.0118,0.0622,0.0626,0.096,"{""other_items"": 5}","добыто ресурса: 0 (0.0 за 10 мин на бота), прочих предметов: 5"
1790406017,walking,3,345,3024,1128,0.9808,0.0,-0.2874,0.3268,0.0036,,"{""stuck"": 3}","дошёл до точки 0 раз (0.0 за 10 мин на бота), застревал 3 раза"
1790406017,looking,3,345,3024,1085,0.9521,0.0,-0.0028,0.2733,0.0639,,"{""no_target"": 115}",цель в прицеле 0.0% времени (а 33% времени цели не было — далеко или рядом никого)
1790406017,follow,3,345,3024,1019,0.9641,24.17,-0.1845,0.1182,0.0035,,"{""no_target"": 134, ""distance_dm"": 15768, ""caught_up"": 2, ""in_band"": 51}","рядом с целью 24% времени, в среднем в 7.5 блоках от неё (цели нет 39% времени — за кем идти?)"
1790406017,gathering,3,345,3032,877,0.9808,0.0,-0.0292,0.0532,0.0556,0.083,"{""other_items"": 2}","добыто ресурса: 0 (0.0 за 10 мин на бота), прочих предметов: 2"
1790406047,walking,3,321,3345,1289,0.9788,0.0,-0.361,0.3106,0.0035,,"{""stuck"": 2}","дошёл до точки 0 раз (0.0 за 10 мин на бота), застревал 2 раза"
1790406047,looking,3,321,3345,1246,0.947,0.0,0.015,0.2671,0.06,,"{""no_target"": 107}",цель в прицеле 0.0% времени (а 33% времени цели не было — далеко или рядом никого)
1790406047,follow,3,321,3345,1181,0.9603,0.0,-0.2152,0.1169,0.0033,,"{""no_target"": 58, ""distance_dm"": 35829}","рядом с целью 0.0% времени, в среднем в 13.6 блоках от неё"
1790406047,gathering,3,321,3353,1037,0.9788,0.0,-0.0009,0.049,0.0504,0.0721,"{""other_items"": 6}","добыто ресурса: 0 (0.0 за 10 мин на бота), прочих предметов: 6"
1790406077,walking,3,342,3687,1453,0.9766,11.7,-0.1656,0.3563,0.0033,,"{""stuck"": 2, ""goals"": 1}","дошёл до точки 1 раз (11.7 за 10 мин на бота), застревал 2 раза"
1790406077,looking,3,342,3687,1410,0.9416,0.88,0.0571,0.2649,0.0593,,"{""no_target"": 114, ""centered"": 2}",цель в прицеле 0.9% времени (а 33% времени цели не было — далеко или рядом никого)
1790406077,follow,3,342,3687,1345,0.9562,20.91,-0.149,0.1171,0.0031,,"{""distance_dm"": 22686, ""caught_up"": 2, ""in_band"": 55, ""no_target"": 79}","рядом с целью 21% времени, в среднем в 8.6 блоках от неё (цели нет 23% времени — за кем идти?)"
1790406077,gathering,3,342,3695,1201,0.9766,0.0,0.0009,0.048,0.0486,0.0681,"{""other_items"": 10}","добыто ресурса: 0 (0.0 за 10 мин на бота), прочих предметов: 10"
1790406107,walking,3,396,4083,1628,0.9741,20.2,-0.0518,0.397,0.0031,,"{""goals"": 2, ""stuck"": 2}","дошёл до точки 2 раза (20.2 за 10 мин на бота), застревал 2 раза"
1790406107,looking,3,396,4083,1584,0.9354,0.38,0.0467,0.2613,0.0606,,"{""no_target"": 132, ""centered"": 1}",цель в прицеле 0.4% времени (а 33% времени цели не было — далеко или рядом никого)
1790406107,follow,3,396,4083,1509,0.9515,14.39,-0.2273,0.1255,0.0031,,"{""distance_dm"": 32609, ""in_band"": 57, ""caught_up"": 1}","рядом с целью 14% времени, в среднем в 8.2 блоках от неё"
1790406107,gathering,3,396,4091,1349,0.9741,0.0,-0.0411,0.0477,0.0472,0.0681,"{""other_items"": 4}","добыто ресурса: 0 (0.0 за 10 мин на бота), прочих предметов: 4"
1790406137,walking,3,372,4455,1801,0.9718,10.75,-0.1842,0.6099,0.003,,"{""goals"": 1, ""stuck"": 3}","дошёл до точки 1 раз (10.8 за 10 мин на бота), застревал 3 раза"
1790406137,looking,3,372,4455,1754,0.9295,0.81,0.0429,0.2564,0.0599,,"{""no_target"": 124, ""centered"": 2}",цель в прицеле 0.8% времени (а 33% времени цели не было — далеко или рядом никого)
1790406137,follow,3,372,4455,1673,0.9471,0.28,-0.2694,0.1309,0.003,,"{""distance_dm"": 33759, ""caught_up"": 1, ""in_band"": 1, ""no_target"": 10}","рядом с целью 0.3% времени, в среднем в 9.3 блоках от неё"
1790406137,gathering,3,372,4463,1500,0.9717,0.0,-0.092,0.0499,0.0501,0.0708,{},добыто ресурса: 0 (0.0 за 10 мин на бота)
1790406167,walking,3,378,4833,1968,0.9694,0.0,-0.315,0.5066,0.003,,"{""stuck"": 3}","дошёл до точки 0 раз (0.0 за 10 мин на бота), застревал 3 раза"
1790406167,looking,3,378,4833,1917,0.9235,0.79,0.0277,0.2533,0.0595,,"{""no_target"": 126, ""centered"": 2}",цель в прицеле 0.8% времени (а 33% времени цели не было — далеко или рядом никого)
1790406167,follow,3,378,4833,1829,0.9426,0.0,-0.2467,0.1328,0.0029,,"{""distance_dm"": 34203}","рядом с целью 0.0% времени, в среднем в 9.0 блоках от неё"
1790406167,gathering,3,378,4841,1642,0.9693,0.0,-0.0168,0.0479,0.05,0.0688,"{""other_items"": 1}","добыто ресурса: 0 (0.0 за 10 мин на бота), прочих предметов: 1"
1790406197,walking,3,429,5262,2145,0.9667,0.0,-0.3187,0.5903,0.0335,,"{""stuck"": 2}","дошёл до точки 0 раз (0.0 за 10 мин на бота), застревал 2 раза"
1790406197,looking,3,429,5262,2091,0.9167,1.75,0.1008,0.2392,0.072,,"{""no_target"": 143, ""centered"": 5}",цель в прицеле 1.7% времени (а 33% времени цели не было — далеко или рядом никого)
1790406197,follow,3,429,5262,1996,0.9375,0.0,-0.3041,0.1415,0.0029,,"{""distance_dm"": 40696, ""no_target"": 4}","рядом с целью 0.0% времени, в среднем в 9.6 блоках от неё"
1790406197,gathering,3,429,5270,1778,0.9666,0.0,0.0119,0.0444,0.0472,0.0628,"{""other_items"": 6}","добыто ресурса: 0 (0.0 за 10 мин на бота), прочих предметов: 6"
1790406227,walking,3,288,5550,2285,0.9648,0.0,-0.3634,0.5619,0.018,,"{""stuck"": 2}","дошёл до точки 0 раз (0.0 за 10 мин на бота), застревал 2 раза"
1790406227,looking,3,288,5550,2229,0.9121,0.52,0.1026,0.2111,0.08,,"{""no_target"": 96, ""centered"": 1}",цель в прицеле 0.5% времени (а 33% времени цели не было — далеко или рядом никого)
1790406227,follow,3,288,5550,2129,0.9341,20.82,-0.162,0.225,0.0285,,"{""distance_dm"": 18292, ""caught_up"": 1, ""in_band"": 51, ""no_target"": 43}","рядом с целью 21% времени, в среднем в 7.5 блоках от неё"
1790406227,gathering,3,288,5558,1902,0.9648,0.0,0.0089,0.0444,0.0466,0.0626,"{""other_items"": 8}","добыто ресурса: 0 (0.0 за 10 мин на бота), прочих предметов: 8"
1790406257,walking,3,282,5832,2419,0.9631,14.18,-0.1644,0.5528,0.0154,,"{""goals"": 1, ""stuck"": 2}","дошёл до точки 1 раз (14.2 за 10 мин на бота), застревал 2 раза"
1790406257,looking,3,282,5832,2361,0.9077,4.26,0.139,0.2137,0.0838,,"{""no_target"": 94, ""centered"": 8}",цель в прицеле 4.3% времени (а 33% времени цели не было — далеко или рядом никого)
1790406257,follow,3,282,5832,2251,0.9307,6.33,-0.2125,0.1928,0.0136,,"{""distance_dm"": 20592, ""in_band"": 14, ""no_target"": 61}","рядом с целью 6.3% времени, в среднем в 9.3 блоках от неё (цели нет 22% времени — за кем идти?)"
1790406257,gathering,3,282,5840,2008,0.963,0.0,-0.0078,0.0537,0.0561,0.073,"{""other_items"": 10}","добыто ресурса: 0 (0.0 за 10 мин на бота), прочих предметов: 10"
1790406329,flee,11,1183,116110,35926,0.05,15.0,0.6774,0.06,0.0659,0.0603,"{""with_threat"": 1175, ""distance_dm"": 176244, ""teasing"": 19}","осалили 0 раз, водящий в среднем в 15.0 блоках, дразнили воду 2% времени"
1790406329,chase,1,83,24026,10556,0.4294,0.0,-0.0818,,,,"{""distance_dm"": 3411}","осалил 0 раз (0.0 за 10 мин вождения), в среднем в 4.1 блоках от убегающего"
1790406359,chase,1,136,24162,10556,0.4262,0.0,-0.1518,,,,"{""distance_dm"": 5083}","осалил 0 раз (0.0 за 10 мин вождения), в среднем в 3.7 блоках от убегающего"
1790406359,flee,11,1496,117606,36338,0.05,14.89,0.712,0.0535,0.0569,0.0543,"{""with_threat"": 1496, ""distance_dm"": 222706, ""teasing"": 52}","осалили 0 раз, водящий в среднем в 14.9 блоках, дразнили воду 3% времени"
1790406389,chase,2,111,24273,10556,0.4235,36.04,0.4207,,,,"{""distance_dm"": 20006, ""caught"": 1}","осалил 1 раз (36.0 за 10 мин вождения), в среднем в 18.0 блоках от убегающего"
1790406389,flee,10,1181,118786,36766,0.05,14.56,-0.0627,0.4899,0.4938,0.4873,"{""with_threat"": 1173, ""distance_dm"": 170834, ""teasing"": 35, ""caught"": 1, ""stood_still"": 7, ""deaths"": 7}","осалили 1 раз (в среднем через 177 с беготни), застаивались 7 раз, водящий в среднем в 14.6 блоках, дразнили воду 3% времени; умирал 7 раз"
1790406420,chase,4,270,24546,10592,0.417,0.0,-0.1105,0.8677,0.9308,0.9773,"{""distance_dm"": 40739}","осалил 0 раз (0.0 за 10 мин вождения), в среднем в 15.1 блоках от убегающего"
1790406420,flee,8,767,119551,37123,0.05,12.13,0.5028,0.8159,0.8139,0.814,"{""with_threat"": 765, ""distance_dm"": 92784, ""caught"": 2, ""teasing"": 154}","осалили 2 раза (в среднем через 58 с беготни), водящий в среднем в 12.1 блоках, дразнили воду 20% времени"
1790406450,chase,6,556,25104,10815,0.4038,0.0,-0.1078,0.4283,0.4642,0.4381,"{""distance_dm"": 72842}","осалил 0 раз (0.0 за 10 мин вождения), в среднем в 13.1 блоках от убегающего"
1790406450,flee,6,670,120219,37315,0.05,12.04,0.4567,0.7253,0.7257,0.73,"{""with_threat"": 668, ""distance_dm"": 80411, ""teasing"": 79, ""caught"": 2}","осалили 2 раза (в среднем через 50 с беготни), водящий в среднем в 12.0 блоках, дразнили воду 12% времени"
1790406480,chase,7,762,25867,11039,0.3857,0.0,-0.1866,0.2957,0.3355,0.3144,"{""distance_dm"": 69799}","осалил 0 раз (0.0 за 10 мин вождения), в среднем в 9.2 блоках от убегающего"
1790406480,flee,5,574,120792,37503,0.05,9.74,0.5812,0.698,0.6994,0.703,"{""with_threat"": 573, ""distance_dm"": 55800, ""caught"": 1, ""teasing"": 125}","осалили 1 раз (в среднем через 86 с беготни), водящий в среднем в 9.7 блоках, дразнили воду 22% времени"
1790406510,chase,10,938,26808,11309,0.3633,8.53,0.014,0.3438,0.3895,0.3616,"{""distance_dm"": 118502, ""caught"": 2}","осалил 2 раза (8.5 за 10 мин вождения), в среднем в 12.6 блоках от убегающего"
1790406510,flee,2,396,121185,37650,0.05,7.89,0.3159,0.6942,0.6983,0.7029,"{""with_threat"": 393, ""distance_dm"": 31018, ""teasing"": 98, ""caught"": 3}","осалили 3 раза (в среднем через 20 с беготни), водящий в среднем в 7.9 блоках, дразнили воду 25% времени"
1790406540,chase,11,1005,27814,11660,0.3394,0.0,-0.1006,0.3183,0.3548,0.3227,"{""distance_dm"": 221225, ""no_target"": 33}","осалил 0 раз (0.0 за 10 мин вождения), в среднем в 22.8 блоках от убегающего"
1790406540,flee,1,92,121276,37697,0.05,8.49,-1.0172,0.7699,0.7734,0.7799,"{""with_threat"": 90, ""distance_dm"": 7642, ""caught"": 1, ""teasing"": 14, ""stood_still"": 1, ""deaths"": 1}","осалили 1 раз (в среднем через 14 с беготни), застаивались 1 раз, водящий в среднем в 8.5 блоках, дразнили воду 16% времени; умирал 1 раз"
1790406570,chase,11,1111,28925,11972,0.313,0.0,-0.0951,0.2861,0.3167,0.2976,"{""distance_dm"": 113894}","осалил 0 раз (0.0 за 10 мин вождения), в среднем в 10.3 блоках от убегающего"
1790406570,flee,1,101,121377,37746,0.05,4.71,0.8059,0.9427,0.9463,0.9491,"{""with_threat"": 101, ""distance_dm"": 4753, ""teasing"": 93}","осалили 0 раз, водящий в среднем в 4.7 блоках, дразнили воду 92% времени"
1790406600,chase,1,322,29237,12061,0.3056,12.42,0.7126,0.469,0.5312,0.5643,"{""distance_dm"": 30797, ""won"": 10, ""caught"": 1}","осалил 1 раз (12.4 за 10 мин вождения), поймали всех 10 раз, в среднем в 9.6 блоках от убегающего"
1790406600,flee,11,575,121962,38005,0.05,15.17,0.4433,0.8047,0.8066,0.809,"{""with_threat"": 574, ""distance_dm"": 87080, ""teasing"": 3, ""caught"": 1}","осалили 1 раз (в среднем через 86 с беготни), водящий в среднем в 15.2 блоках, дразнили воду 1% времени"
1790406630,flee,11,1045,123007,38367,0.05,15.17,0.6395,0.7295,0.7244,0.7233,"{""with_threat"": 1045, ""distance_dm"": 158499, ""teasing"": 40}","осалили 0 раз, водящий в среднем в 15.2 блоках, дразнили воду 4% времени"
1790406630,chase,1,95,29332,12106,0.3034,0.0,-0.1073,0.5859,0.6559,0.6944,"{""distance_dm"": 6486}","осалил 0 раз (0.0 за 10 мин вождения), в среднем в 6.8 блоках от убегающего"
1790406660,flee,11,1419,124426,38710,0.05,14.69,0.6427,0.6186,0.6173,0.6173,"{""with_threat"": 1419, ""distance_dm"": 208409, ""teasing"": 9}","осалили 0 раз, водящий в среднем в 14.7 блоках, дразнили воду 1% времени"
1790406660,chase,1,129,29461,12170,0.3003,0.0,-0.0158,0.5314,0.5961,0.6263,"{""distance_dm"": 2703}","осалил 0 раз (0.0 за 10 мин вождения), в среднем в 2.1 блоках от убегающего"
1790406690,flee,11,1368,125794,39056,0.05,14.58,0.3224,0.6537,0.6532,0.649,"{""with_threat"": 1364, ""distance_dm"": 198873, ""teasing"": 64, ""stood_still"": 4, ""deaths"": 4}","осалили 0 раз, застаивались 4 раза, водящий в среднем в 14.6 блоках, дразнили воду 5% времени; умирал 4 раза"
1790406690,chase,1,126,29587,12233,0.2973,0.0,-0.1397,0.4841,0.5416,0.5532,"{""distance_dm"": 6688}","осалил 0 раз (0.0 за 10 мин вождения), в среднем в 5.3 блоках от убегающего"
1790406720,flee,11,1333,127127,39406,0.05,13.29,0.4541,0.6413,0.6412,0.6363,"{""with_threat"": 1331, ""distance_dm"": 176881, ""teasing"": 161, ""stood_still"": 2, ""deaths"": 2}","осалили 0 раз, застаивались 2 раза, водящий в среднем в 13.3 блоках, дразнили воду 12% времени; умирал 2 раза"
1790406720,chase,1,122,29709,12295,0.2944,0.0,-0.1745,0.4439,0.483,0.499,"{""distance_dm"": 8322}","осалил 0 раз (0.0 за 10 мин вождения), в среднем в 6.8 блоках от убегающего"
1790406751,flee,10,1149,128275,39759,0.05,11.99,0.4843,0.6937,0.6947,0.6925,"{""with_threat"": 1147, ""distance_dm"": 137542, ""teasing"": 108, ""caught"": 1, ""stood_still"": 1, ""deaths"": 1}","осалили 1 раз (в среднем через 172 с беготни), застаивались 1 раз, водящий в среднем в 12.0 блоках, дразнили воду 9% времени; умирал 1 раз"
1790406751,chase,2,109,29819,12349,0.2918,36.7,0.4192,0.457,0.5039,0.519,"{""distance_dm"": 6405, ""caught"": 1}","осалил 1 раз (36.7 за 10 мин вождения), в среднем в 5.9 блоках от убегающего"
1790406781,chase,7,516,30340,12532,0.2794,46.51,0.4075,0.4983,0.5361,0.5525,"{""distance_dm"": 25646, ""caught"": 6}","осалил 6 раз (46.5 за 10 мин вождения), в среднем в 5.0 блоках от убегающего"
1790406781,flee,5,790,129060,39980,0.05,10.77,0.2171,0.6743,0.678,0.6734,"{""with_threat"": 784, ""distance_dm"": 84408, ""teasing"": 78, ""caught"": 5, ""stood_still"": 1, ""deaths"": 1}","осалили 5 раз (в среднем через 24 с беготни), застаивались 1 раз, водящий в среднем в 10.8 блоках, дразнили воду 10% времени; умирал 1 раз"
1790406811,chase,10,861,31203,12774,0.2589,4.65,-0.0685,0.5211,0.5593,0.5712,"{""distance_dm"": 61932, ""caught"": 1}","осалил 1 раз (4.6 за 10 мин вождения), в среднем в 7.2 блоках от убегающего"
1790406811,flee,2,465,129522,40164,0.05,8.81,0.3139,0.7437,0.7437,0.734,"{""with_threat"": 462, ""distance_dm"": 40721, ""teasing"": 41, ""caught"": 3}","осалили 3 раза (в среднем через 23 с беготни), водящий в среднем в 8.8 блоках, дразнили воду 9% времени"
1790406841,chase,1,971,32165,13067,0.2361,4.12,0.1914,0.5049,0.5465,0.552,"{""distance_dm"": 219387, ""won"": 11, ""caught"": 1}","осалил 1 раз (4.1 за 10 мин вождения), поймали всех 11 раз, в среднем в 22.6 блоках от убегающего"
1790406841,flee,11,162,129693,40252,0.05,11.12,-0.0432,0.7611,0.7708,0.7609,"{""with_threat"": 160, ""distance_dm"": 17796, ""caught"": 2, ""teasing"": 9}","осалили 2 раза (в среднем через 12 с беготни), водящий в среднем в 11.1 блоках, дразнили воду 6% времени"
1790406871,flee,10,895,130587,40600,0.05,15.2,0.4689,0.7489,0.7571,0.7512,"{""with_threat"": 894, ""distance_dm"": 135864, ""teasing"": 11, ""caught"": 1}","осалили 1 раз (в среднем через 134 с беготни), водящий в среднем в 15.2 блоках, дразнили воду 1% времени"
1790406871,chase,2,140,32307,13132,0.2327,28.57,0.2621,0.5777,0.617,0.6176,"{""distance_dm"": 16558, ""caught"": 1}","осалил 1 раз (28.6 за 10 мин вождения), в среднем в 11.8 блоках от убегающего"
1790406901,flee,10,990,131577,40907,0.05,14.23,0.5594,0.6752,0.6839,0.6796,"{""with_threat"": 990, ""distance_dm"": 140884, ""teasing"": 36}","осалили 0 раз, водящий в среднем в 14.2 блоках, дразнили воду 4% времени"
1790406901,chase,2,198,32505,13232,0.228,0.0,0.0045,0.5657,0.6059,0.6087,"{""distance_dm"": 19028}","осалил 0 раз (0.0 за 10 мин вождения), в среднем в 9.6 блоках от убегающего"
1790406931,flee,10,990,132567,41224,0.05,12.56,0.6187,0.6592,0.6644,0.6615,"{""with_threat"": 990, ""distance_dm"": 124325, ""teasing"": 120}","осалили 0 раз, водящий в среднем в 12.6 блоках, дразнили воду 12% времени"
1790406931,chase,2,198,32703,13329,0.2233,0.0,-0.0833,0.53,0.5675,0.5628,"{""distance_dm"": 16018}","осалил 0 раз (0.0 за 10 мин вождения), в среднем в 8.1 блоках от убегающего"
1790406961,flee,9,874,133440,41477,0.05,11.81,0.424,0.6311,0.6337,0.6324,"{""with_threat"": 872, ""distance_dm"": 103024, ""teasing"": 122, ""caught"": 1, ""stood_still"": 1, ""deaths"": 1}","осалили 1 раз (в среднем через 131 с беготни), застаивались 1 раз, водящий в среднем в 11.8 блоках, дразнили воду 14% времени; умирал 1 раз"
1790406961,chase,3,247,32951,13453,0.2174,16.19,0.1304,0.5111,0.543,0.5408,"{""distance_dm"": 19174, ""caught"": 1}","осалил 1 раз (16.2 за 10 мин вождения), в среднем в 7.8 блоках от убегающего"
1790406991,flee,8,941,134380,41675,0.05,9.86,0.4911,0.6145,0.6187,0.6156,"{""with_threat"": 939, ""distance_dm"": 92597, ""teasing"": 263, ""caught"": 1, ""stood_still"": 1, ""deaths"": 1}","осалили 1 раз (в среднем через 141 с беготни), застаивались 1 раз, водящий в среднем в 9.9 блоках, дразнили воду 28% времени; умирал 1 раз"
1790406991,chase,4,336,33288,13608,0.2094,11.9,-0.2981,0.5319,0.559,0.5626,"{""distance_dm"": 22731, ""stood_still"": 1, ""deaths"": 1, ""caught"": 1}","осалил 1 раз (11.9 за 10 мин вождения), застаивался 1 раз, в среднем в 6.8 блоках от убегающего; умирал 1 раз"
1790407021,flee,4,483,134859,41832,0.05,9.39,0.0755,0.6885,0.6922,0.6915,"{""with_threat"": 478, ""distance_dm"": 44904, ""caught"": 4, ""stood_still"": 1, ""deaths"": 1, ""teasing"": 112}","осалили 4 раза (в среднем через 18 с беготни), застаивались 1 раз, водящий в среднем в 9.4 блоках, дразнили воду 23% времени; умирал 1 раз"
1790407021,chase,8,622,33914,13812,0.1945,32.15,0.2993,0.5753,0.607,0.6087,"{""distance_dm"": 44746, ""caught"": 5}","осалил 5 раз (32.2 за 10 мин вождения), в среднем в 7.2 блоках от убегающего"
1790407051,flee,2,284,135141,41961,0.05,7.2,0.4127,0.6742,0.6793,0.6771,"{""with_threat"": 282, ""distance_dm"": 20318, ""teasing"": 108, ""caught"": 2}","осалили 2 раза (в среднем через 21 с беготни), водящий в среднем в 7.2 блоках, дразнили воду 38% времени"
1790407051,chase,10,848,34764,14082,0.1744,4.72,-0.0226,0.6477,0.6889,0.713,"{""distance_dm"": 96619, ""caught"": 1}","осалил 1 раз (4.7 за 10 мин вождения), в среднем в 11.4 блоках от убегающего"
1790407081,flee,1,177,135317,42050,0.05,6.2,0.5162,0.7008,0.7069,0.7004,"{""with_threat"": 176, ""distance_dm"": 10907, ""teasing"": 82, ""caught"": 1}","осалили 1 раз (в среднем через 27 с беготни), водящий в среднем в 6.2 блоках, дразнили воду 47% времени"
1790407081,chase,11,900,35664,14383,0.153,0.0,-0.0607,0.6397,0.7026,0.7412,"{""distance_dm"": 128526}","осалил 0 раз (0.0 за 10 мин вождения), в среднем в 14.3 блоках от убегающего"
1790407111,chase,11,1301,36966,14711,0.1221,0.0,-0.006,0.5532,0.6013,0.6226,"{""distance_dm"": 347385, ""no_target"": 33}","осалил 0 раз (0.0 за 10 мин вождения), в среднем в 27.4 блоках от убегающего"
1790407111,flee,1,117,135434,42109,0.05,15.06,-0.2239,0.7672,0.7709,0.7694,"{""with_threat"": 116, ""distance_dm"": 17471, ""stood_still"": 1, ""deaths"": 1, ""teasing"": 1}","осалили 0 раз, застаивались 1 раз, водящий в среднем в 15.1 блоках, дразнили воду 1% времени; умирал 1 раз"
1790407142,chase,1,107,37063,14757,0.1198,37.38,2.2182,0.5235,0.5642,0.5846,"{""distance_dm"": 8174, ""won"": 10, ""caught"": 1}","осалил 1 раз (37.4 за 10 мин вождения), поймали всех 10 раз, в среднем в 7.6 блоках от убегающего"
1790407142,flee,11,709,136153,42421,0.05,15.17,0.451,0.715,0.7184,0.7195,"{""with_threat"": 708, ""distance_dm"": 107431, ""caught"": 1, ""teasing"": 43}","осалили 1 раз (в среднем через 106 с беготни), водящий в среднем в 15.2 блоках, дразнили воду 6% времени"
1790407172,flee,11,792,136945,42686,0.05,15.45,0.5436,0.6823,0.6852,0.6879,"{""with_threat"": 792, ""distance_dm"": 122363, ""teasing"": 22}","осалили 0 раз, водящий в среднем в 15.4 блоках, дразнили воду 3% времени"
1790407172,chase,1,72,37135,14793,0.118,0.0,-0.0896,0.587,0.6304,0.6557,"{""distance_dm"": 7138}","осалил 0 раз (0.0 за 10 мин вождения), в среднем в 9.9 блоках от убегающего"
1790407202,flee,11,836,137781,42939,0.05,15.43,0.6245,0.6702,0.6742,0.675,"{""with_threat"": 836, ""distance_dm"": 128985, ""teasing"": 21}","осалили 0 раз, водящий в среднем в 15.4 блоках, дразнили воду 3% времени"
1790407202,chase,1,76,37211,14831,0.1162,0.0,-0.0417,0.5969,0.6385,0.6533,"{""distance_dm"": 7394}","осалил 0 раз (0.0 за 10 мин вождения), в среднем в 9.7 блоках от убегающего"
1790407232,flee,10,742,138522,43174,0.05,15.5,0.5494,0.6634,0.6682,0.6699,"{""with_threat"": 741, ""distance_dm"": 114841, ""teasing"": 18, ""caught"": 1}","осалили 1 раз (в среднем через 111 с беготни), водящий в среднем в 15.5 блоках, дразнили воду 2% времени"
1790407232,chase,2,97,37309,14878,0.1139,41.24,0.4508,0.5591,0.6048,0.616,"{""distance_dm"": 19318, ""caught"": 1}","осалил 1 раз (41.2 за 10 мин вождения), в среднем в 19.9 блоках от убегающего"
1790407262,flee,10,820,139342,43368,0.05,15.51,0.6354,0.6464,0.6491,0.6524,"{""with_threat"": 820, ""distance_dm"": 127172, ""teasing"": 35}","осалили 0 раз, водящий в среднем в 15.5 блоках, дразнили воду 4% времени"
1790407262,chase,2,164,37473,14960,0.11,0.0,-0.166,0.6081,0.6567,0.6649,"{""distance_dm"": 32854}","осалил 0 раз (0.0 за 10 мин вождения), в среднем в 20.0 блоках от убегающего"
1790407292,flee,10,864,140206,43557,0.05,15.03,0.3966,0.6315,0.6377,0.64,"{""with_threat"": 862, ""distance_dm"": 129541, ""stood_still"": 2, ""deaths"": 2, ""teasing"": 71}","осалили 0 раз, застаивались 2 раза, водящий в среднем в 15.0 блоках, дразнили воду 8% времени; умирал 2 раза"
1790407292,chase,2,174,37647,15047,0.1059,0.0,-0.0467,0.5264,0.5706,0.5767,"{""distance_dm"": 29873}","осалил 0 раз (0.0 за 10 мин вождения), в среднем в 17.2 блоках от убегающего"
1790407322,flee,10,904,141110,43786,0.05,14.07,0.3952,0.6514,0.6583,0.6598,"{""with_threat"": 902, ""distance_dm"": 126955, ""teasing"": 98, ""stood_still"": 2, ""deaths"": 2}","осалили 0 раз, застаивались 2 раза, водящий в среднем в 14.1 блоках, дразнили воду 11% времени; умирал 2 раза"
1790407322,chase,2,182,37829,15137,0.1016,0.0,0.0417,0.5401,0.5843,0.581,"{""distance_dm"": 27031}","осалил 0 раз (0.0 за 10 мин вождения), в среднем в 14.9 блоках от убегающего"
1790407352,flee,10,976,142086,44029,0.05,13.45,0.522,0.6635,0.6705,0.6745,"{""with_threat"": 975, ""distance_dm"": 131100, ""teasing"": 20, ""stood_still"": 1, ""deaths"": 1}","осалили 0 раз, застаивались 1 раз, водящий в среднем в 13.4 блоках, дразнили воду 2% времени; умирал 1 раз"
1790407352,chase,2,196,38025,15236,0.0969,0.0,-0.2,0.5317,0.5724,0.5677,"{""distance_dm"": 23407}","осалил 0 раз (0.0 за 10 мин вождения), в среднем в 11.9 блоках от убегающего"
1790407382,flee,10,996,143082,44275,0.05,14.13,0.5824,0.6569,0.6667,0.6701,"{""with_threat"": 995, ""distance_dm"": 140620, ""teasing"": 151, ""stood_still"": 1, ""deaths"": 1}","осалили 0 раз, застаивались 1 раз, водящий в среднем в 14.1 блоках, дразнили воду 15% времени; умирал 1 раз"
1790407382,chase,2,200,38225,15336,0.0922,0.0,-0.0457,0.5364,0.5773,0.5726,"{""distance_dm"": 24164}","осалил 0 раз (0.0 за 10 мин вождения), в среднем в 12.1 блоках от убегающего"
1790407412,flee,9,963,144044,44463,0.05,15.35,0.3496,0.6528,0.6663,0.6664,"{""with_threat"": 960, ""distance_dm"": 147404, ""teasing"": 9, ""caught"": 1, ""stood_still"": 2, ""deaths"": 2}","осалили 1 раз (в среднем через 144 с беготни), застаивались 2 раза, водящий в среднем в 15.4 блоках, дразнили воду 1% времени; умирал 2 раза"
1790407412,chase,3,246,38472,15456,0.0863,16.26,0.3426,0.5111,0.551,0.5452,"{""distance_dm"": 42987, ""caught"": 1}","осалил 1 раз (16.3 за 10 мин вождения), в среднем в 17.5 блоках от убегающего"
1790407442,chase,1,84,38554,15502,0.0843,0.0,0.0446,0.5089,0.5511,0.5474,"{""distance_dm"": 12881, ""time_up"": 3}","осалил 0 раз (0.0 за 10 мин вождения), не успели за раунд 3 раза, в среднем в 15.3 блоках от убегающего"
1790407442,flee,11,664,144710,44707,0.05,13.98,0.8045,0.6643,0.6779,0.6802,"{""with_threat"": 664, ""distance_dm"": 92819, ""survived"": 9, ""teasing"": 31}","осалили 0 раз, продержались до конца раунда 9 раз, водящий в среднем в 14.0 блоках, дразнили воду 5% времени"
1790407472,flee,11,836,145546,44991,0.05,12.15,0.521,0.652,0.6656,0.666,"{""with_threat"": 836, ""distance_dm"": 101568, ""teasing"": 92}","осалили 0 раз, водящий в среднем в 12.1 блоках, дразнили воду 11% времени"
1790407472,chase,1,76,38630,15537,0.0825,0.0,-0.535,0.5513,0.5901,0.5865,"{""distance_dm"": 1164}","осалил 0 раз (0.0 за 10 мин вождения), в среднем в 1.5 блоках от убегающего"
1790407502,flee,11,814,146360,45238,0.05,11.2,0.5559,0.6036,0.618,0.6235,"{""with_threat"": 814, ""distance_dm"": 91147, ""teasing"": 161}","осалили 0 раз, водящий в среднем в 11.2 блоках, дразнили воду 20% времени"
1790407502,chase,1,74,38704,15574,0.0808,0.0,-0.2608,0.4592,0.4869,0.4764,"{""distance_dm"": 2775}","осалил 0 раз (0.0 за 10 мин вождения), в среднем в 3.8 блоках от убегающего"
1790407533,flee,11,858,147218,45546,0.05,14.96,0.5139,0.5849,0.5981,0.6087,"{""with_threat"": 858, ""distance_dm"": 128352}","осалили 0 раз, водящий в среднем в 15.0 блоках, дразнили воду 0% времени"
1790407533,chase,1,78,38782,15614,0.0789,0.0,-0.1576,0.4923,0.5174,0.5098,"{""distance_dm"": 9076}","осалил 0 раз (0.0 за 10 мин вождения), в среднем в 11.6 блоках от убегающего"
1790407563,flee,11,866,148084,45908,0.05,14.85,0.4083,0.6328,0.6474,0.6631,"{""with_threat"": 865, ""distance_dm"": 128430, ""deaths"": 1, ""teasing"": 17}","осалили 0 раз, водящий в среднем в 14.8 блоках, дразнили воду 2% времени; умирал 1 раз"
1790407563,chase,1,79,38861,15653,0.0771,0.0,-0.0914,0.472,0.5022,0.5,"{""distance_dm"": 7970}","осалил 0 раз (0.0 за 10 мин вождения), в среднем в 10.1 блоках от убегающего"
1790407593,flee,11,932,149016,46283,0.05,14.32,0.3876,0.589,0.6063,0.6168,"{""with_threat"": 931, ""distance_dm"": 133313, ""teasing"": 28, ""stood_still"": 1, ""deaths"": 1}","осалили 0 раз, застаивались 1 раз, водящий в среднем в 14.3 блоках, дразнили воду 3% времени; умирал 1 раз"
1790407593,chase,1,85,38946,15696,0.075,0.0,-0.1361,0.5058,0.5406,0.5272,"{""distance_dm"": 7125}","осалил 0 раз (0.0 за 10 мин вождения), в среднем в 8.4 блоках от убегающего"
1790407623,flee,11,957,149973,46653,0.05,13.69,0.5001,0.5953,0.6118,0.6216,"{""with_threat"": 957, ""distance_dm"": 131010, ""teasing"": 43}","осалили 0 раз, водящий в среднем в 13.7 блоках, дразнили воду 4% времени"
1790407623,chase,1,87,39033,15739,0.073,45.98,0.4556,0.4941,0.514,0.5152,"{""distance_dm"": 2712, ""caught"": 1}","осалил 1 раз (46.0 за 10 мин вождения), в среднем в 3.1 блоках от убегающего"
1790407653,flee,11,902,150875,46991,0.05,14.27,0.5151,0.5728,0.591,0.6018,"{""with_threat"": 902, ""distance_dm"": 128741, ""teasing"": 85}","осалили 0 раз, водящий в среднем в 14.3 блоках, дразнили воду 9% времени"
1790407653,chase,1,82,39115,15780,0.071,0.0,-0.1248,0.5248,0.5547,0.5713,"{""distance_dm"": 7949}","осалил 0 раз (0.0 за 10 мин вождения), в среднем в 9.7 блоках от убегающего"
1790407683,flee,11,913,151788,47307,0.05,14.43,0.5745,0.5481,0.5631,0.5757,"{""with_threat"": 913, ""distance_dm"": 131712, ""teasing"": 114}","осалили 0 раз, водящий в среднем в 14.4 блоках, дразнили воду 12% времени"
1790407683,chase,1,83,39198,15822,0.069,0.0,-0.0494,0.4622,0.4988,0.4997,"{""distance_dm"": 11423}","осалил 0 раз (0.0 за 10 мин вождения), в среднем в 13.8 блоках от убегающего"
1790407713,flee,10,957,152744,47651,0.05,14.39,0.4722,0.5616,0.5782,0.5917,"{""with_threat"": 956, ""distance_dm"": 137526, ""teasing"": 65, ""caught"": 1}","осалили 1 раз (в среднем через 144 с беготни), водящий в среднем в 14.4 блоках, дразнили воду 7% времени"
1790407713,chase,2,88,39286,15865,0.067,45.45,0.5447,0.5082,0.5361,0.5422,"{""distance_dm"": 6940, ""caught"": 1}","осалил 1 раз (45.5 за 10 мин вождения), в среднем в 7.9 блоках от убегающего"
1790407743,flee,0,704,153449,47927,0.05,14.7,0.8018,0.5607,0.5805,0.5914,"{""with_threat"": 704, ""distance_dm"": 103474, ""survived"": 10, ""teasing"": 41}","осалили 0 раз, продержались до конца раунда 10 раз, водящий в среднем в 14.7 блоках, дразнили воду 6% времени"
1790407743,chase,0,71,39357,15905,0.0653,0.0,-0.2815,0.5022,0.5259,0.5314,"{""distance_dm"": 5572, ""time_up"": 2}","осалил 0 раз (0.0 за 10 мин вождения), не успели за раунд 2 раза, в среднем в 7.8 блоках от убегающего"
1790407743,looking,12,156,5169,1986,0.9182,0.0,0.0542,,,,{},цель в прицеле 0.0% времени
1790407773,looking,12,1152,6321,2370,0.8999,0.69,0.0753,0.2525,0.1009,,"{""centered"": 8}",цель в прицеле 0.7% времени
1790407804,looking,12,996,7317,2872,0.8841,0.4,0.1,0.2544,0.1037,,"{""centered"": 4}",цель в прицеле 0.4% времени
1790407834,looking,12,1008,8325,3376,0.8682,1.79,0.1532,0.2606,0.1216,,"{""centered"": 18}",цель в прицеле 1.8% времени
1790407864,looking,12,1080,9405,3910,0.8511,2.69,0.182,0.2737,0.1371,,"{""centered"": 29}",цель в прицеле 2.7% времени
1790407894,looking,12,1008,10413,4414,0.8351,0.99,0.1234,0.2725,0.1748,,"{""centered"": 10}",цель в прицеле 1.0% времени
1790407924,looking,12,756,11169,4791,0.8232,1.59,0.1158,0.265,0.1793,,"{""centered"": 12}",цель в прицеле 1.6% времени
1790407954,looking,12,768,11937,5175,0.811,1.43,0.117,0.2578,0.1764,,"{""centered"": 11}",цель в прицеле 1.4% времени
1790407984,looking,12,720,12657,5538,0.7996,1.25,0.0827,0.255,0.1742,,"{""centered"": 9}",цель в прицеле 1.2% времени
1790408014,looking,12,816,13473,5944,0.7867,1.47,0.1222,0.2535,0.1725,,"{""centered"": 12}",цель в прицеле 1.5% времени
1790408044,looking,12,732,14205,6310,0.7751,1.78,0.1333,0.2549,0.1949,,"{""centered"": 13}",цель в прицеле 1.8% времени
1790408074,looking,12,732,14937,6678,0.7635,1.78,0.0983,0.2499,0.195,,"{""centered"": 13}",цель в прицеле 1.8% времени
1790408105,looking,12,804,15741,7078,0.7508,2.49,0.1632,0.2469,0.1915,,"{""centered"": 20}",цель в прицеле 2.5% времени
1790408135,looking,12,816,16557,7486,0.7378,2.21,0.1514,0.2451,0.1927,,"{""centered"": 18}",цель в прицеле 2.2% времени
1790408165,looking,12,924,17481,7938,0.7232,3.25,0.1802,0.2483,0.195,,"{""centered"": 30}",цель в прицеле 3.2% времени
1790408195,looking,12,936,18417,8407,0.7084,4.38,0.2073,0.2619,0.2132,,"{""centered"": 41}",цель в прицеле 4.4% времени
1790408225,looking,12,1008,19425,8900,0.6924,3.27,0.2058,0.259,0.2125,,"{""centered"": 33}",цель в прицеле 3.3% времени
1790408255,looking,12,1020,20445,9397,0.6763,4.41,0.2249,0.26,0.2154,,"{""centered"": 45}",цель в прицеле 4.4% времени
1790408285,looking,12,1032,21477,9905,0.6599,4.84,0.2167,0.2601,0.218,,"{""centered"": 50}",цель в прицеле 4.8% времени
1790408315,looking,12,996,22473,10392,0.6442,5.62,0.2587,0.2781,0.2334,,"{""centered"": 56}",цель в прицеле 5.6% времени
1790408345,looking,12,984,23457,10878,0.6286,5.89,0.2698,0.2791,0.2366,,"{""centered"": 58}",цель в прицеле 5.9% времени
1790408375,looking,12,1020,24477,11378,0.6124,4.51,0.2533,0.2784,0.2379,,"{""centered"": 46}",цель в прицеле 4.5% времени
1790408405,looking,12,1020,25497,11877,0.5963,6.08,0.2748,0.2796,0.2407,,"{""centered"": 62}",цель в прицеле 6.1% времени
1790408435,looking,12,1020,26517,12372,0.5801,4.51,0.2514,0.294,0.254,,"{""centered"": 46}",цель в прицеле 4.5% времени
1790408466,looking,12,1140,27657,12915,0.5621,8.86,0.3238,0.3,0.2603,,"{""centered"": 101}",цель в прицеле 8.9% времени
1790408496,looking,12,1080,28737,13424,0.545,5.56,0.2781,0.2991,0.2623,,"{""centered"": 60}",цель в прицеле 5.6% времени
1790408526,looking,12,1080,29817,13935,0.5279,6.48,0.2969,0.2999,0.2644,,"{""centered"": 70}",цель в прицеле 6.5% времени
1790408556,looking,12,1020,30837,14428,0.5117,7.25,0.3206,0.3123,0.2726,,"{""centered"": 74}",цель в прицеле 7.3% времени
1790408586,looking,12,1116,31953,14954,0.4941,6.81,0.2897,0.3111,0.273,,"{""centered"": 76}",цель в прицеле 6.8% времени
1790408616,looking,12,1104,33057,15480,0.4766,5.43,0.2908,0.3129,0.2738,,"{""centered"": 60}",цель в прицеле 5.4% времени
1790408646,looking,12,1140,34197,15999,0.4585,7.89,0.3206,0.3125,0.2751,,"{""centered"": 90}",цель в прицеле 7.9% времени
1790408676,looking,12,1092,35289,16509,0.4413,10.81,0.3906,0.3265,0.2841,,"{""centered"": 118}",цель в прицеле 11% времени
1790408706,looking,12,1104,36393,17036,0.4238,12.95,0.4226,0.3278,0.2858,,"{""centered"": 143}",цель в прицеле 13% времени
1790408736,looking,12,1128,37521,17564,0.4059,12.15,0.4166,0.3371,0.2956,,"{""centered"": 137}",цель в прицеле 12% времени
1790408766,looking,12,1152,38673,18104,0.3877,13.45,0.4425,0.3436,0.3017,,"{""centered"": 155}",цель в прицеле 13% времени
1790408796,looking,12,1200,39873,18676,0.3687,12.67,0.4351,0.3636,0.318,,"{""centered"": 152}",цель в прицеле 13% времени
1790408826,looking,12,1224,41097,19249,0.3493,13.81,0.4529,0.3682,0.3236,,"{""centered"": 169}",цель в прицеле 14% времени
1790408856,looking,12,1296,42393,19850,0.3288,16.59,0.5082,0.3746,0.3298,,"{""centered"": 215}",цель в прицеле 17% времени
1790408886,looking,12,1284,43677,20451,0.3084,15.19,0.4911,0.3895,0.3465,,"{""centered"": 195}",цель в прицеле 15% времени
1790408916,looking,12,1236,44913,21030,0.2889,16.42,0.5146,0.3998,0.357,,"{""centered"": 203}",цель в прицеле 16% времени
1790408947,looking,12,1260,46173,21627,0.2689,16.51,0.5147,0.4052,0.3631,,"{""centered"": 208}",цель в прицеле 17% времени
1790408977,looking,12,1284,47457,22218,0.2486,13.47,0.4655,0.4159,0.3728,,"{""centered"": 173}",цель в прицеле 13% времени
1790409007,looking,12,1260,48717,22812,0.2286,19.13,0.5612,0.4318,0.3871,,"{""centered"": 241}",цель в прицеле 19% времени
1790409037,looking,12,1260,49977,23397,0.2087,22.62,0.6169,0.4366,0.3945,,"{""centered"": 285}",цель в прицеле 23% времени
1790409067,looking,12,1200,51177,23975,0.1897,19.42,0.5758,0.4402,0.3971,,"{""centered"": 233}",цель в прицеле 19% времени
1790409097,looking,12,1296,52473,24572,0.1692,16.59,0.5385,0.4629,0.4158,,"{""centered"": 215}",цель в прицеле 17% времени
1790409127,looking,12,1236,53709,25156,0.1496,18.2,0.5781,0.4626,0.4175,,"{""centered"": 225}",цель в прицеле 18% времени
1790409157,looking,12,1320,55029,25784,0.1287,23.11,0.6643,0.4673,0.4235,,"{""centered"": 305}",цель в прицеле 23% времени
1790409187,looking,12,1428,56457,26447,0.1061,19.82,0.6194,0.4853,0.4405,,"{""centered"": 283}",цель в прицеле 20% времени
1790409218,looking,12,1500,57957,27136,0.0823,29.87,0.7563,0.497,0.4521,,"{""centered"": 448}",цель в прицеле 30% времени
1790409248,looking,12,1452,59409,27813,0.0594,21.56,0.658,0.4981,0.4559,,"{""centered"": 313}",цель в прицеле 22% времени
1790409278,looking,12,1440,60849,28489,0.05,34.1,0.8239,0.5288,0.4797,,"{""centered"": 491}",цель в прицеле 34% времени
1790409308,looking,12,1488,62337,29173,0.05,29.7,0.7893,0.5364,0.4881,,"{""centered"": 442}",цель в прицеле 30% времени
1790409338,looking,12,1440,63777,29852,0.05,28.75,0.762,0.531,0.4874,,"{""centered"": 414}",цель в прицеле 29% времени
1790409368,looking,12,1476,65253,30531,0.05,28.05,0.7362,0.5738,0.5233,,"{""centered"": 414}",цель в прицеле 28% времени
1790409398,looking,12,1464,66717,31215,0.05,29.03,0.7532,0.5765,0.5277,,"{""centered"": 425}",цель в прицеле 29% времени
1790409428,looking,12,1464,68181,31900,0.05,31.83,0.8157,0.5622,0.5201,,"{""centered"": 466}",цель в прицеле 32% времени
1790409458,looking,12,1428,69609,32572,0.05,30.18,0.7812,0.6219,0.5707,,"{""centered"": 431}",цель в прицеле 30% времени
1790409488,looking,12,1488,71097,33264,0.05,31.32,0.7826,0.6158,0.5692,,"{""centered"": 466}",цель в прицеле 31% времени
1790409518,looking,12,1440,72537,33937,0.05,28.89,0.772,0.6018,0.5541,,"{""centered"": 416}",цель в прицеле 29% времени
1790409548,looking,12,1476,74013,34623,0.05,32.66,0.8202,0.6698,0.6156,,"{""centered"": 482}",цель в прицеле 33% времени
1790409579,looking,12,1464,75477,35306,0.05,32.58,0.8128,0.658,0.6029,,"{""centered"": 477}",цель в прицеле 33% времени
1790409609,looking,12,1500,76977,35995,0.05,32.13,0.8172,0.6473,0.5854,,"{""centered"": 482}",цель в прицеле 32% времени
1790409639,looking,12,1428,78405,36652,0.05,32.7,0.8202,0.708,0.6512,,"{""centered"": 467}",цель в прицеле 33% времени
1790409669,looking,12,1356,79761,37293,0.05,28.61,0.7501,0.6937,0.6335,,"{""centered"": 388}",цель в прицеле 29% времени
1790409699,looking,12,1092,80853,37808,0.05,22.53,0.6642,0.6917,0.6231,,"{""centered"": 246}",цель в прицеле 23% времени
1790409729,looking,12,1092,81945,38323,0.05,29.21,0.7693,0.7239,0.6527,,"{""centered"": 319}",цель в прицеле 29% времени
1790409759,looking,12,1392,83337,38971,0.05,37.21,0.8941,0.7353,0.6592,,"{""centered"": 518}",цель в прицеле 37% времени
1790409789,looking,12,1416,84753,39632,0.05,39.05,0.9171,0.722,0.6433,,"{""centered"": 553}",цель в прицеле 39% времени
1790409819,looking,12,1416,86169,40290,0.05,33.69,0.8407,0.7334,0.6586,,"{""centered"": 477}",цель в прицеле 34% времени
1790409849,looking,12,1428,87597,40954,0.05,33.96,0.8582,0.7435,0.6786,,"{""centered"": 485}",цель в прицеле 34% времени
1790409879,looking,12,1452,89049,41612,0.05,36.57,0.8981,0.7334,0.6669,,"{""centered"": 531}",цель в прицеле 37% времени
1790409909,looking,12,1416,90465,42263,0.05,36.86,0.8851,0.7382,0.6781,,"{""centered"": 522}",цель в прицеле 37% времени
1790409940,looking,12,1404,91869,42915,0.05,34.9,0.8546,0.7584,0.7051,,"{""centered"": 490}",цель в прицеле 35% времени
1790409970,looking,12,1440,93309,43571,0.05,35.97,0.9037,0.7462,0.6899,,"{""centered"": 518}",цель в прицеле 36% времени
1790410000,looking,12,1416,94725,44221,0.05,37.01,0.8892,0.7465,0.692,,"{""centered"": 524}",цель в прицеле 37% времени
1790410030,looking,12,1380,96105,44857,0.05,36.3,0.8803,0.7635,0.7178,,"{""centered"": 501}",цель в прицеле 36% времени
1790410060,looking,12,1368,97473,45494,0.05,36.11,0.8816,0.7506,0.7075,,"{""centered"": 494}",цель в прицеле 36% времени
1790410090,looking,12,1404,98877,46146,0.05,35.75,0.8896,0.7491,0.706,,"{""centered"": 502}",цель в прицеле 36% времени
1790410120,looking,12,1380,100257,46791,0.05,34.93,0.8801,0.7762,0.7224,,"{""centered"": 482}",цель в прицеле 35% времени
1790410150,looking,12,1428,101685,47443,0.05,35.85,0.8697,0.7549,0.7101,,"{""centered"": 512}",цель в прицеле 36% времени
1790410180,looking,12,1236,102921,48026,0.05,31.88,0.7981,0.747,0.7056,,"{""centered"": 394}",цель в прицеле 32% времени
1790410210,looking,12,1068,103989,48564,0.05,14.42,0.4375,0.7918,0.7318,,"{""centered"": 154}",цель в прицеле 14% времени
1790410241,looking,12,1116,105105,49122,0.05,18.28,0.584,0.7888,0.7317,,"{""centered"": 204}",цель в прицеле 18% времени
1790410271,looking,12,1284,106389,49727,0.05,14.17,0.4601,0.7886,0.7432,,"{""centered"": 182}",цель в прицеле 14% времени
1790410301,looking,0,684,107073,50070,0.05,11.55,0.43,0.801,0.7527,,"{""centered"": 79}",цель в прицеле 12% времени
1790410301,follow,12,516,5526,1896,0.9344,3.1,-0.0917,,,,"{""distance_dm"": 124705, ""caught_up"": 2, ""in_band"": 16}","рядом с целью 3.1% времени, в среднем в 24.2 блоках от неё"
1790410331,follow,12,1200,6726,2481,0.9201,1.58,-0.2135,0.2389,0.009,,"{""distance_dm"": 234573, ""caught_up"": 1, ""in_band"": 19}","рядом с целью 1.6% времени, в среднем в 19.5 блоках от неё"
1790410361,follow,12,1248,7974,3087,0.9053,1.92,-0.2003,0.1477,0.0048,,"{""distance_dm"": 220044, ""caught_up"": 1, ""in_band"": 24}","рядом с целью 1.9% времени, в среднем в 17.6 блоках от неё"
1790410391,follow,12,1992,9966,3894,0.8817,10.44,-0.1676,0.1482,0.0046,,"{""distance_dm"": 294386, ""caught_up"": 5, ""in_band"": 208}","рядом с целью 10% времени, в среднем в 14.8 блоках от неё"
1790410421,follow,12,1980,11946,4708,0.8581,9.7,-0.1659,0.1958,0.0108,,"{""distance_dm"": 280640, ""caught_up"": 3, ""in_band"": 192}","рядом с целью 9.7% времени, в среднем в 14.2 блоках от неё"
1790410451,follow,12,1824,13770,5490,0.8365,11.18,-0.1417,0.1657,0.0078,,"{""distance_dm"": 250424, ""caught_up"": 5, ""in_band"": 204}","рядом с целью 11% времени, в среднем в 13.7 блоках от неё"
1790410481,follow,12,1948,15718,6297,0.8133,8.16,-0.1344,0.1905,0.0107,,"{""distance_dm"": 267980, ""in_band"": 159, ""caught_up"": 3}","рядом с целью 8.2% времени, в среднем в 13.8 блоках от неё"
1790410511,follow,12,1916,17634,7102,0.7906,10.86,-0.1205,0.1891,0.011,,"{""distance_dm"": 200647, ""caught_up"": 10, ""in_band"": 208}","рядом с целью 11% времени, в среднем в 10.5 блоках от неё"
1790410541,follow,12,1812,19446,7884,0.7691,23.51,-0.1033,0.1735,0.0098,,"{""distance_dm"": 151653, ""caught_up"": 9, ""in_band"": 426}","рядом с целью 24% времени, в среднем в 8.4 блоках от неё"
1790410571,follow,12,1788,21234,8680,0.7478,29.59,-0.0628,0.2087,0.0128,,"{""distance_dm"": 125606, ""caught_up"": 12, ""in_band"": 529}","рядом с целью 30% времени, в среднем в 7.0 блоках от неё"
1790410601,follow,12,1776,23010,9471,0.7268,31.48,-0.0564,0.1868,0.0101,,"{""distance_dm"": 142421, ""in_band"": 559, ""caught_up"": 11}","рядом с целью 31% времени, в среднем в 8.0 блоках от неё"
1790410632,follow,12,1848,24858,10259,0.7048,31.71,-0.0652,0.2059,0.0105,,"{""distance_dm"": 151307, ""in_band"": 586, ""caught_up"": 9}","рядом с целью 32% времени, в среднем в 8.2 блоках от неё"
1790410662,follow,12,1908,26766,11045,0.6822,21.65,-0.0845,0.2171,0.0107,,"{""distance_dm"": 156463, ""caught_up"": 10, ""in_band"": 413}","рядом с целью 22% времени, в среднем в 8.2 блоках от неё"
1790410692,follow,12,1872,28638,11840,0.6599,35.79,-0.0325,0.2035,0.0093,,"{""distance_dm"": 115227, ""in_band"": 670, ""caught_up"": 8}","рядом с целью 36% времени, в среднем в 6.2 блоках от неё"
1790410722,follow,12,1836,30474,12632,0.6381,37.91,-0.0328,0.2476,0.0103,,"{""distance_dm"": 99527, ""caught_up"": 11, ""in_band"": 696}","рядом с целью 38% времени, в среднем в 5.4 блоках от неё"
1790410752,follow,12,1800,32274,13421,0.6167,40.17,-0.0216,0.2303,0.0084,,"{""distance_dm"": 93931, ""in_band"": 723, ""caught_up"": 14}","рядом с целью 40% времени, в среднем в 5.2 блоках от неё"
1790410782,follow,12,1824,34098,14195,0.5951,42.43,-0.015,0.2353,0.008,,"{""distance_dm"": 94460, ""in_band"": 774, ""caught_up"": 19}","рядом с целью 42% времени, в среднем в 5.2 блоках от неё"
1790410812,follow,12,1392,35490,14831,0.5786,39.51,-0.0466,0.2605,0.0077,,"{""distance_dm"": 92416, ""caught_up"": 12, ""in_band"": 550}","рядом с целью 40% времени, в среднем в 6.6 блоках от неё"
1790410842,follow,12,984,36474,15319,0.5669,4.78,-0.1419,0.2513,0.0072,,"{""distance_dm"": 148435, ""caught_up"": 4, ""in_band"": 47}","рядом с целью 4.8% времени, в среднем в 15.1 блоках от неё"
1790410872,follow,12,1140,37614,15866,0.5533,8.33,-0.1372,0.2405,0.007,,"{""distance_dm"": 105745, ""caught_up"": 15, ""in_band"": 95}","рядом с целью 8.3% времени, в среднем в 9.3 блоках от неё"
1790410902,follow,12,1092,38706,16408,0.5404,1.37,-0.1573,0.2867,0.0082,,"{""distance_dm"": 249439, ""caught_up"": 6, ""in_band"": 15}","рядом с целью 1.4% времени, в среднем в 22.8 блоках от неё"
1790410933,follow,12,996,39702,16906,0.5285,1.51,-0.0958,0.2801,0.0073,,"{""distance_dm"": 158162, ""in_band"": 15, ""caught_up"": 4}","рядом с целью 1.5% времени, в среднем в 15.9 блоках от неё"
1790410963,follow,12,1044,40746,17429,0.5161,1.05,-0.0923,0.2659,0.0066,,"{""distance_dm"": 117572, ""caught_up"": 4, ""in_band"": 11}","рядом с целью 1.1% времени, в среднем в 11.3 блоках от неё"
1790410993,follow,12,1140,41886,17994,0.5026,3.51,-0.0886,0.2552,0.0059,,"{""distance_dm"": 101542, ""caught_up"": 11, ""in_band"": 40}","рядом с целью 3.5% времени, в среднем в 8.9 блоках от неё"
1790411023,follow,12,1128,43014,18556,0.4892,4.08,-0.1351,0.2953,0.0068,,"{""distance_dm"": 92339, ""caught_up"": 9, ""in_band"": 46}","рядом с целью 4.1% времени, в среднем в 8.2 блоках от неё"
1790411053,follow,12,1056,44070,19088,0.4767,3.98,-0.1461,0.2765,0.0059,,"{""distance_dm"": 104048, ""caught_up"": 12, ""in_band"": 42}","рядом с целью 4.0% времени, в среднем в 9.9 блоках от неё"
1790411083,follow,12,780,44850,19478,0.4674,0.0,-0.1718,0.2711,0.0053,,"{""distance_dm"": 305333}","рядом с целью 0.0% времени, в среднем в 39.1 блоках от неё"
1790411113,follow,12,1020,45870,19984,0.4553,0.59,-0.0978,0.2695,0.0051,,"{""distance_dm"": 212442, ""caught_up"": 1, ""in_band"": 6}","рядом с целью 0.6% времени, в среднем в 20.8 блоках от неё"
1790411143,follow,12,1032,46902,20504,0.443,21.22,-0.0259,0.3069,0.0061,,"{""distance_dm"": 120064, ""caught_up"": 9, ""in_band"": 219}","рядом с целью 21% времени, в среднем в 11.6 блоках от неё"
1790411173,follow,12,1116,48018,21063,0.4298,41.85,0.0239,0.2836,0.0052,,"{""distance_dm"": 69894, ""caught_up"": 17, ""in_band"": 467}","рядом с целью 42% времени, в среднем в 6.3 блоках от неё"
1790411203,follow,12,1176,49194,21650,0.4158,44.13,0.0102,0.277,0.0048,,"{""distance_dm"": 63147, ""caught_up"": 9, ""in_band"": 519}","рядом с целью 44% времени, в среднем в 5.4 блоках от неё"
1790411234,follow,12,1212,50406,22248,0.4014,50.17,0.0372,0.2898,0.0049,,"{""distance_dm"": 57732, ""in_band"": 608, ""caught_up"": 16}","рядом с целью 50% времени, в среднем в 4.8 блоках от неё"
1790411264,follow,12,1164,51570,22832,0.3876,52.66,0.0463,0.2968,0.005,,"{""distance_dm"": 49059, ""in_band"": 613, ""caught_up"": 14}","рядом с целью 53% времени, в среднем в 4.2 блоках от неё"
1790411294,follow,12,1188,52758,23424,0.3735,47.81,0.0275,0.2828,0.0043,,"{""distance_dm"": 49044, ""in_band"": 568, ""caught_up"": 18}","рядом с целью 48% времени, в среднем в 4.1 блоках от неё"
1790411324,follow,12,1128,53886,23984,0.3601,63.74,0.0833,0.273,0.0043,,"{""distance_dm"": 42319, ""caught_up"": 12, ""in_band"": 719}","рядом с целью 64% времени, в среднем в 3.8 блоках от неё"
1790411354,follow,12,1020,54906,24487,0.348,68.92,0.094,0.3047,0.005,,"{""distance_dm"": 34057, ""in_band"": 703, ""caught_up"": 5}","рядом с целью 69% времени, в среднем в 3.3 блоках от неё"
1790411384,follow,12,1020,55926,24997,0.3359,57.65,0.0648,0.2885,0.0044,,"{""distance_dm"": 37342, ""in_band"": 588, ""caught_up"": 13}","рядом с целью 58% времени, в среднем в 3.7 блоках от неё"
1790411414,follow,12,1092,57018,25545,0.3229,72.44,0.118,0.2729,0.0039,,"{""distance_dm"": 38383, ""in_band"": 791, ""caught_up"": 10}","рядом с целью 72% времени, в среднем в 3.5 блоках от неё"
1790411444,follow,12,1068,58086,26079,0.3102,49.25,0.0361,0.2689,0.0039,,"{""distance_dm"": 42022, ""in_band"": 526, ""caught_up"": 14}","рядом с целью 49% времени, в среднем в 3.9 блоках от неё"
1790411474,follow,12,1128,59214,26640,0.2968,59.49,0.0747,0.2876,0.0041,,"{""distance_dm"": 39153, ""in_band"": 671, ""caught_up"": 12}","рядом с целью 59% времени, в среднем в 3.5 блоках от неё"
1790411505,follow,12,1128,60342,27203,0.2834,70.48,0.1108,0.2694,0.0035,,"{""distance_dm"": 41448, ""in_band"": 795, ""caught_up"": 10}","рядом с целью 70% времени, в среднем в 3.7 блоках от неё"
1790411535,follow,12,1152,61494,27779,0.2698,51.04,0.0417,0.2561,0.0034,,"{""distance_dm"": 50466, ""in_band"": 588, ""caught_up"": 14}","рядом с целью 51% времени, в среднем в 4.4 блоках от неё"
1790411565,follow,12,1080,62574,28314,0.2569,40.0,-0.0066,0.2754,0.0038,,"{""distance_dm"": 57865, ""in_band"": 432, ""caught_up"": 15}","рядом с целью 40% времени, в среднем в 5.4 блоках от неё"
1790411595,follow,12,1116,63690,28877,0.2437,49.01,0.0388,0.2731,0.0036,,"{""distance_dm"": 57098, ""in_band"": 547, ""caught_up"": 21}","рядом с целью 49% времени, в среднем в 5.1 блоках от неё"
1790411625,follow,12,1140,64830,29446,0.2301,46.67,0.023,0.2606,0.0033,,"{""distance_dm"": 55372, ""caught_up"": 19, ""in_band"": 532}","рядом с целью 47% времени, в среднем в 4.9 блоках от неё"
1790411655,follow,12,1152,65982,30015,0.2165,55.99,0.0662,0.2555,0.0032,,"{""distance_dm"": 49073, ""caught_up"": 25, ""in_band"": 645}","рядом с целью 56% времени, в среднем в 4.3 блоках от неё"
1790411685,follow,12,1224,67206,30624,0.2019,61.11,0.0777,0.2781,0.0037,,"{""distance_dm"": 40649, ""in_band"": 748, ""caught_up"": 8}","рядом с целью 61% времени, в среднем в 3.3 блоках от неё"
1790411715,follow,12,1140,68346,31192,0.1884,61.67,0.0729,0.2605,0.0033,,"{""distance_dm"": 43163, ""in_band"": 703, ""caught_up"": 5}","рядом с целью 62% времени, в среднем в 3.8 блоках от неё"
1790411745,follow,12,1200,69546,31787,0.1741,55.92,0.0635,0.251,0.0032,,"{""distance_dm"": 57277, ""in_band"": 671, ""caught_up"": 11}","рядом с целью 56% времени, в среднем в 4.8 блоках от неё"
1790411775,follow,12,1272,70818,32403,0.159,65.64,0.0902,0.2685,0.0035,,"{""distance_dm"": 45452, ""in_band"": 835, ""caught_up"": 9}","рядом с целью 66% времени, в среднем в 3.6 блоках от неё"
1790411806,follow,12,1332,72150,33050,0.1432,62.61,0.0753,0.265,0.0035,,"{""distance_dm"": 55342, ""in_band"": 834, ""caught_up"": 10}","рядом с целью 63% времени, в среднем в 4.2 блоках от неё"
1790411836,follow,12,1176,73326,33622,0.1293,44.13,0.0003,0.257,0.0034,,"{""distance_dm"": 105007, ""caught_up"": 9, ""in_band"": 519}","рядом с целью 44% времени, в среднем в 8.9 блоках от неё"
1790411866,follow,12,1032,74358,34134,0.117,19.77,-0.0373,0.2639,0.0035,,"{""distance_dm"": 115972, ""caught_up"": 11, ""in_band"": 204}","рядом с целью 20% времени, в среднем в 11.2 блоках от неё"
1790411896,follow,12,1032,75390,34655,0.1047,29.26,-0.0441,0.2824,0.0038,,"{""distance_dm"": 74099, ""in_band"": 302, ""caught_up"": 6}","рядом с целью 29% времени, в среднем в 7.2 блоках от неё"
1790411926,follow,12,1140,76530,35221,0.0912,38.42,-0.0367,0.2749,0.0033,,"{""distance_dm"": 73887, ""in_band"": 438, ""caught_up"": 8}","рядом с целью 38% времени, в среднем в 6.5 блоках от неё"
1790411956,follow,12,1140,77670,35791,0.0777,38.86,-0.0208,0.2668,0.0032,,"{""distance_dm"": 66645, ""in_band"": 443, ""caught_up"": 6}","рядом с целью 39% времени, в среднем в 5.8 блоках от неё"
1790411986,follow,12,1140,78810,36366,0.0641,41.14,-0.0162,0.29,0.0035,,"{""distance_dm"": 70497, ""caught_up"": 8, ""in_band"": 469}","рядом с целью 41% времени, в среднем в 6.2 блоках от неё"
1790412016,follow,12,1188,79998,36954,0.05,35.52,-0.0469,0.2883,0.0033,,"{""distance_dm"": 64582, ""caught_up"": 15, ""in_band"": 422}","рядом с целью 36% времени, в среднем в 5.4 блоках от неё"
1790412046,follow,12,1224,81222,37551,0.05,63.56,0.0775,0.2775,0.0031,,"{""distance_dm"": 50917, ""in_band"": 778, ""caught_up"": 11}","рядом с целью 64% времени, в среднем в 4.2 блоках от неё"
1790412076,follow,12,1140,82362,38123,0.05,68.51,0.1145,0.2747,0.0031,,"{""distance_dm"": 43342, ""in_band"": 781, ""caught_up"": 12}","рядом с целью 69% времени, в среднем в 3.8 блоках от неё"
1790412106,follow,12,1056,83418,38647,0.05,8.71,-0.1429,0.2974,0.0033,,"{""distance_dm"": 165623, ""in_band"": 92}","рядом с целью 8.7% времени, в среднем в 15.7 блоках от неё"
1790412136,follow,12,1104,84522,39198,0.05,0.0,-0.1188,0.2861,0.003,,"{""distance_dm"": 179164}","рядом с целью 0.0% времени, в среднем в 16.2 блоках от неё"
1790412166,follow,0,996,85518,39702,0.05,5.42,-0.125,0.2782,0.0029,,"{""distance_dm"": 105676, ""caught_up"": 11, ""in_band"": 54}","рядом с целью 5.4% времени, в среднем в 10.6 блоках от неё"
1790412166,looking,12,60,107145,50104,0.05,36.67,1.1307,0.8344,0.7665,,"{""centered"": 22}",цель в прицеле 37% времени
1790412197,looking,0,876,108021,50543,0.05,35.96,1.0675,0.8206,0.7476,,"{""centered"": 315}",цель в прицеле 36% времени
1790412197,follow,12,228,85758,39820,0.05,0.0,-0.2822,0.2777,0.0029,,"{""distance_dm"": 36386}","рядом с целью 0.0% времени, в среднем в 16.0 блоках от неё"
1790412227,follow,12,864,86622,40251,0.05,2.89,-0.0817,0.3041,0.0033,,"{""distance_dm"": 110878, ""caught_up"": 4, ""in_band"": 25}","рядом с целью 2.9% времени, в среднем в 12.8 блоках от неё"
1790412257,follow,12,780,87402,40642,0.05,9.87,-0.0625,0.3029,0.0032,,"{""distance_dm"": 61609, ""in_band"": 77, ""caught_up"": 10}","рядом с целью 9.9% времени, в среднем в 7.9 блоках от неё"
1790412287,follow,12,972,88374,41127,0.05,15.95,-0.1029,0.2984,0.0029,,"{""distance_dm"": 82049, ""caught_up"": 9, ""in_band"": 155}","рядом с целью 16% времени, в среднем в 8.4 блоках от неё"
1790412317,follow,12,1236,89610,41712,0.05,1.86,-0.1954,0.2915,0.0028,,"{""distance_dm"": 113546, ""in_band"": 23, ""caught_up"": 2}","рядом с целью 1.9% времени, в среднем в 9.2 блоках от неё"
1790412347,follow,12,1056,90666,42241,0.05,2.27,-0.2004,0.3066,0.0033,,"{""distance_dm"": 162832, ""caught_up"": 4, ""in_band"": 24}","рядом с целью 2.3% времени, в среднем в 15.4 блоках от неё"
1790412377,follow,12,996,91662,42739,0.05,0.0,-0.1109,0.3183,0.0034,,"{""distance_dm"": 213259}","рядом с целью 0.0% времени, в среднем в 21.4 блоках от неё"
1790412407,follow,12,1044,92706,43255,0.05,14.75,-0.064,0.3058,0.0031,,"{""distance_dm"": 135532, ""caught_up"": 12, ""in_band"": 154}","рядом с целью 15% времени, в среднем в 13.0 блоках от неё"
1790412437,follow,12,960,93666,43736,0.05,53.02,0.0756,0.2989,0.003,,"{""distance_dm"": 54485, ""in_band"": 509, ""caught_up"": 10}","рядом с целью 53% времени, в среднем в 5.7 блоках от неё"
1790412468,follow,12,960,94626,44218,0.05,58.23,0.0651,0.3108,0.0033,,"{""distance_dm"": 37988, ""in_band"": 559, ""caught_up"": 6}","рядом с целью 58% времени, в среднем в 4.0 блоках от неё"
1790412498,follow,12,960,95586,44692,0.05,46.88,0.0353,0.3194,0.0033,,"{""distance_dm"": 38586, ""in_band"": 450, ""caught_up"": 9}","рядом с целью 47% времени, в среднем в 4.0 блоках от неё"
1790412528,follow,12,1008,96594,45196,0.05,17.76,-0.0112,0.307,0.003,,"{""distance_dm"": 93127, ""caught_up"": 13, ""in_band"": 179}","рядом с целью 18% времени, в среднем в 9.2 блоках от неё"
1790412558,follow,12,948,97542,45674,0.05,64.56,0.1056,0.2963,0.0028,,"{""distance_dm"": 33462, ""in_band"": 612, ""caught_up"": 4}","рядом с целью 65% времени, в среднем в 3.5 блоках от неё"
1790412588,follow,12,972,98514,46156,0.05,55.45,0.0457,0.3028,0.003,,"{""distance_dm"": 33239, ""in_band"": 539, ""caught_up"": 9}","рядом с целью 55% времени, в среднем в 3.4 блоках от неё"
1790412618,follow,12,1272,99786,46788,0.05,54.09,0.0382,0.323,0.0031,,"{""distance_dm"": 44344, ""in_band"": 688, ""caught_up"": 8}","рядом с целью 54% времени, в среднем в 3.5 блоках от неё"
1790412648,follow,12,1212,100998,47388,0.05,70.87,0.1273,0.3027,0.0029,,"{""distance_dm"": 33661, ""in_band"": 859, ""caught_up"": 4}","рядом с целью 71% времени, в среднем в 2.8 блоках от неё"
1790412678,follow,12,1404,102402,48076,0.05,79.99,0.1625,0.2961,0.0027,,"{""distance_dm"": 43064, ""in_band"": 1123, ""caught_up"": 1}","рядом с целью 80% времени, в среднем в 3.1 блоках от неё"
1790412708,follow,12,996,103398,48573,0.05,80.92,0.1656,0.3161,0.0032,,"{""distance_dm"": 34065, ""in_band"": 806, ""caught_up"": 6}","рядом с целью 81% времени, в среднем в 3.4 блоках от неё"
1790412739,follow,12,1044,104442,49095,0.05,80.27,0.1576,0.3037,0.0028,,"{""distance_dm"": 38835, ""in_band"": 838, ""caught_up"": 9}","рядом с целью 80% времени, в среднем в 3.7 блоках от неё"
1790412769,follow,12,1092,105534,49637,0.05,69.32,0.1172,0.2921,0.0027,,"{""distance_dm"": 41753, ""in_band"": 757, ""caught_up"": 3}","рядом с целью 69% времени, в среднем в 3.8 блоках от неё"
1790412799,follow,12,1392,106926,50310,0.05,70.76,0.1277,0.301,0.0029,,"{""distance_dm"": 42489, ""in_band"": 985, ""caught_up"": 5}","рядом с целью 71% времени, в среднем в 3.1 блоках от неё"
1790412829,follow,12,1032,107958,50826,0.05,52.62,0.0612,0.3071,0.0029,,"{""distance_dm"": 62948, ""in_band"": 543, ""caught_up"": 4}","рядом с целью 53% времени, в среднем в 6.1 блоках от неё"
1790412859,follow,12,996,108954,51320,0.05,18.67,-0.0039,0.2991,0.0027,,"{""distance_dm"": 77353, ""caught_up"": 10, ""in_band"": 186}","рядом с целью 19% времени, в среднем в 7.8 блоках от неё"
1790412889,follow,12,960,109914,51804,0.05,23.65,-0.0499,0.2907,0.0026,,"{""distance_dm"": 102708, ""in_band"": 227, ""caught_up"": 2}","рядом с целью 24% времени, в среднем в 10.7 блоках от неё"
1790412919,follow,12,1032,110946,52320,0.05,5.52,-0.0887,0.3129,0.0029,,"{""distance_dm"": 105222, ""caught_up"": 5, ""in_band"": 57}","рядом с целью 5.5% времени, в среднем в 10.2 блоках от неё"
1790412949,follow,12,1008,111954,52823,0.05,26.09,-0.0675,0.3161,0.003,,"{""distance_dm"": 55992, ""caught_up"": 9, ""in_band"": 263}","рядом с целью 26% времени, в среднем в 5.6 блоках от неё"
1790412979,follow,12,1008,112962,53324,0.05,36.41,-0.0243,0.3095,0.0028,,"{""distance_dm"": 43899, ""in_band"": 367, ""caught_up"": 6}","рядом с целью 36% времени, в среднем в 4.4 блоках от неё"
1790413009,follow,12,1056,114018,53855,0.05,51.52,0.0455,0.3061,0.0028,,"{""distance_dm"": 45233, ""in_band"": 544, ""caught_up"": 10}","рядом с целью 52% времени, в среднем в 4.3 блоках от неё"
1790413040,follow,12,1116,115134,54410,0.05,57.89,0.0759,0.3299,0.0031,,"{""distance_dm"": 38079, ""caught_up"": 8, ""in_band"": 646}","рядом с целью 58% времени, в среднем в 3.4 блоках от неё"
1790413070,follow,12,852,115986,54836,0.05,5.63,-0.1467,0.3289,0.0031,,"{""distance_dm"": 123915, ""in_band"": 48}","рядом с целью 5.6% времени, в среднем в 14.5 блоках от неё"
1790413100,follow,12,840,116826,55256,0.05,24.64,-0.0445,0.3222,0.0029,,"{""distance_dm"": 68891, ""caught_up"": 10, ""in_band"": 207}","рядом с целью 25% времени, в среднем в 8.2 блоках от неё"
1790413130,follow,12,912,117738,55713,0.05,64.14,0.0959,0.3177,0.003,,"{""distance_dm"": 57219, ""in_band"": 585, ""caught_up"": 8}","рядом с целью 64% времени, в среднем в 6.3 блоках от неё"
1790413160,follow,12,1104,118842,56264,0.05,80.8,0.1652,0.3278,0.0033,,"{""distance_dm"": 62933, ""in_band"": 892, ""caught_up"": 2}","рядом с целью 81% времени, в среднем в 5.7 блоках от неё"
1790413190,follow,12,1044,119886,56786,0.05,79.41,0.1417,0.3306,0.0033,,"{""distance_dm"": 55929, ""in_band"": 829, ""caught_up"": 1}","рядом с целью 79% времени, в среднем в 5.4 блоках от неё"
1790413220,follow,12,1044,120930,57303,0.05,83.33,0.1752,0.319,0.003,,"{""distance_dm"": 41878, ""in_band"": 870, ""caught_up"": 4}","рядом с целью 83% времени, в среднем в 4.0 блоках от неё"
1790413250,follow,12,936,121866,57777,0.05,92.84,0.2308,0.3054,0.003,,"{""distance_dm"": 36750, ""in_band"": 869, ""caught_up"": 3}","рядом с целью 93% времени, в среднем в 3.9 блоках от неё"
1790413280,follow,12,924,122790,58233,0.05,78.68,0.1268,0.3211,0.0033,,"{""distance_dm"": 39128, ""caught_up"": 3, ""in_band"": 727}","рядом с целью 79% времени, в среднем в 4.2 блоках от неё"
1790413310,follow,12,972,123762,58725,0.05,80.56,0.1718,0.3208,0.0032,,"{""distance_dm"": 43420, ""in_band"": 783, ""caught_up"": 6}","рядом с целью 81% времени, в среднем в 4.5 блоках от неё"
1790413340,follow,12,1068,124830,59246,0.05,70.13,0.0667,0.3109,0.0031,,"{""distance_dm"": 66539, ""in_band"": 749, ""caught_up"": 1}","рядом с целью 70% времени, в среднем в 6.2 блоках от неё"
1790413370,follow,12,1332,126162,59847,0.05,0.0,-0.1903,0.3096,0.003,,"{""distance_dm"": 239799}","рядом с целью 0.0% времени, в среднем в 18.0 блоках от неё"
1790413400,follow,12,1272,127434,60420,0.05,2.28,-0.089,0.3291,0.0034,,"{""distance_dm"": 190406, ""caught_up"": 1, ""in_band"": 29}","рядом с целью 2.3% времени, в среднем в 15.0 блоках от неё"
1790413430,follow,12,1176,128610,60983,0.05,36.99,0.0036,0.3237,0.0033,,"{""distance_dm"": 115191, ""caught_up"": 10, ""in_band"": 435}","рядом с целью 37% времени, в среднем в 9.8 блоках от неё"
1790413461,follow,12,1200,129810,61580,0.05,65.25,0.1008,0.313,0.0032,,"{""distance_dm"": 78656, ""in_band"": 783, ""caught_up"": 10}","рядом с целью 65% времени, в среднем в 6.6 блоках от неё"
1790413491,follow,12,1140,130950,62147,0.05,67.72,0.1215,0.3115,0.0033,,"{""distance_dm"": 68939, ""in_band"": 772, ""caught_up"": 7}","рядом с целью 68% времени, в среднем в 6.0 блоках от неё"
1790413521,follow,12,936,131886,62617,0.05,55.77,0.0816,0.3235,0.0036,,"{""distance_dm"": 55067, ""in_band"": 522, ""caught_up"": 3}","рядом с целью 56% времени, в среднем в 5.9 блоках от неё"
1790413551,follow,12,924,132810,63077,0.05,51.3,0.0766,0.3157,0.0033,,"{""distance_dm"": 55373, ""caught_up"": 9, ""in_band"": 474}","рядом с целью 51% времени, в среднем в 6.0 блоках от неё"
1790413581,follow,12,996,133806,63571,0.05,57.93,0.1079,0.3049,0.0031,,"{""distance_dm"": 61023, ""caught_up"": 10, ""in_band"": 577}","рядом с целью 58% времени, в среднем в 6.1 блоках от неё"
1790413611,follow,12,996,134802,64069,0.05,57.13,0.0677,0.3011,0.0032,,"{""distance_dm"": 62139, ""in_band"": 569, ""caught_up"": 11}","рядом с целью 57% времени, в среднем в 6.2 блоках от неё"
1790413641,follow,12,1020,135822,64584,0.05,64.61,0.0989,0.322,0.0035,,"{""distance_dm"": 57843, ""in_band"": 659, ""caught_up"": 4}","рядом с целью 65% времени, в среднем в 5.7 блоках от неё"
1790413671,follow,12,1044,136866,65101,0.05,75.38,0.1425,0.3034,0.0031,,"{""distance_dm"": 41852, ""in_band"": 787, ""caught_up"": 8}","рядом с целью 75% времени, в среднем в 4.0 блоках от неё"
1790413702,follow,12,1032,137898,65622,0.05,83.14,0.165,0.2922,0.0031,,"{""distance_dm"": 36938, ""in_band"": 858, ""caught_up"": 6}","рядом с целью 83% времени, в среднем в 3.6 блоках от неё"
1790413732,follow,12,996,138894,66120,0.05,81.73,0.1466,0.2979,0.0032,,"{""distance_dm"": 37209, ""in_band"": 814, ""caught_up"": 2}","рядом с целью 82% времени, в среднем в 3.7 блоках от неё"
1790413762,follow,12,1020,139914,66630,0.05,63.24,0.0974,0.3079,0.0034,,"{""distance_dm"": 42763, ""in_band"": 645, ""caught_up"": 11}","рядом с целью 63% времени, в среднем в 4.2 блоках от неё"
1790413792,follow,12,1030,140944,67141,0.05,75.34,0.1451,0.2913,0.003,,"{""distance_dm"": 46573, ""in_band"": 776, ""caught_up"": 3}","рядом с целью 75% времени, в среднем в 4.5 блоках от неё"
1790413822,follow,12,1022,141966,67651,0.05,74.95,0.1279,0.286,0.0029,,"{""distance_dm"": 42066, ""caught_up"": 9, ""in_band"": 766}","рядом с целью 75% времени, в среднем в 4.1 блоках от неё"
1790413852,follow,12,1020,142986,68166,0.05,82.25,0.1526,0.2906,0.0032,,"{""distance_dm"": 34842, ""in_band"": 839, ""caught_up"": 4}","рядом с целью 82% времени, в среднем в 3.4 блоках от неё"
1790413882,follow,12,1056,144042,68689,0.05,69.98,0.1239,0.3036,0.0035,,"{""distance_dm"": 35622, ""in_band"": 739, ""caught_up"": 4}","рядом с целью 70% времени, в среднем в 3.4 блоках от неё"
1790413912,follow,12,1032,145074,69209,0.05,75.29,0.1344,0.2895,0.0032,,"{""distance_dm"": 37833, ""in_band"": 777, ""caught_up"": 9}","рядом с целью 75% времени, в среднем в 3.7 блоках от неё"
1790413942,follow,12,1056,146130,69733,0.05,79.36,0.1482,0.2796,0.0031,,"{""distance_dm"": 36066, ""in_band"": 838, ""caught_up"": 11}","рядом с целью 79% времени, в среднем в 3.4 блоках от неё"
1790413972,follow,12,1032,147162,70249,0.05,73.55,0.1107,0.2898,0.0033,,"{""distance_dm"": 49754, ""in_band"": 759, ""caught_up"": 11}","рядом с целью 74% времени, в среднем в 4.8 блоках от неё"
1790414002,follow,12,1044,148206,70771,0.05,78.54,0.1592,0.2906,0.0034,,"{""distance_dm"": 43024, ""in_band"": 820, ""caught_up"": 6}","рядом с целью 79% времени, в среднем в 4.1 блоках от неё"
1790414032,follow,12,1068,149274,71305,0.05,86.8,0.1831,0.278,0.0031,,"{""distance_dm"": 39753, ""in_band"": 927, ""caught_up"": 2}","рядом с целью 87% времени, в среднем в 3.7 блоках от неё"
1790414063,follow,12,1068,150342,71839,0.05,76.22,0.1434,0.2693,0.0031,,"{""distance_dm"": 46570, ""in_band"": 814, ""caught_up"": 11}","рядом с целью 76% времени, в среднем в 4.4 блоках от неё"
1790414093,follow,12,1044,151386,72367,0.05,69.06,0.1055,0.2812,0.0033,,"{""distance_dm"": 43517, ""in_band"": 721, ""caught_up"": 11}","рядом с целью 69% времени, в среднем в 4.2 блоках от неё"
1790414123,follow,12,1068,152454,72895,0.05,72.1,0.1319,0.2715,0.0033,,"{""distance_dm"": 43964, ""in_band"": 770, ""caught_up"": 7}","рядом с целью 72% времени, в среднем в 4.1 блоках от неё"
1790414153,follow,12,1056,153510,73428,0.05,71.12,0.1225,0.2599,0.0031,,"{""distance_dm"": 40900, ""in_band"": 751, ""caught_up"": 9}","рядом с целью 71% времени, в среднем в 3.9 блоках от неё"
1790414183,follow,12,1068,154578,73962,0.05,88.39,0.1889,0.2513,0.003,,"{""distance_dm"": 36570, ""in_band"": 944, ""caught_up"": 4}","рядом с целью 88% времени, в среднем в 3.4 блоках от неё"
1790414213,follow,12,1056,155634,74490,0.05,59.47,0.089,0.269,0.0032,,"{""distance_dm"": 29813, ""in_band"": 628, ""caught_up"": 3}","рядом с целью 59% времени, в среднем в 2.8 блоках от неё"
1790414243,follow,12,1080,156714,75025,0.05,74.91,0.1439,0.2584,0.003,,"{""distance_dm"": 28272, ""in_band"": 809}","рядом с целью 75% времени, в среднем в 2.6 блоках от неё"
1790414273,follow,12,1056,157770,75558,0.05,78.31,0.1448,0.2463,0.0029,,"{""distance_dm"": 33692, ""in_band"": 827, ""caught_up"": 5}","рядом с целью 78% времени, в среднем в 3.2 блоках от неё"
1790414303,follow,12,1068,158838,76092,0.05,89.33,0.1914,0.2472,0.003,,"{""distance_dm"": 36435, ""in_band"": 954, ""caught_up"": 2}","рядом с целью 89% времени, в среднем в 3.4 блоках от неё"
1790414334,follow,12,1068,159906,76626,0.05,88.67,0.1911,0.2568,0.0032,,"{""distance_dm"": 34561, ""in_band"": 947, ""caught_up"": 5}","рядом с целью 89% времени, в среднем в 3.2 блоках от неё"
1790414364,follow,12,1068,160974,77160,0.05,86.8,0.1832,0.246,0.0029,,"{""distance_dm"": 37532, ""in_band"": 927, ""caught_up"": 9}","рядом с целью 87% времени, в среднем в 3.5 блоках от неё"
1790414394,follow,12,1056,162030,77683,0.05,89.87,0.1976,0.235,0.0029,,"{""distance_dm"": 33439, ""in_band"": 949, ""caught_up"": 3}","рядом с целью 90% времени, в среднем в 3.2 блоках от неё"
1790414424,follow,12,1056,163086,78211,0.05,96.12,0.2165,0.2372,0.003,,"{""distance_dm"": 31142, ""in_band"": 1015}","рядом с целью 96% времени, в среднем в 2.9 блоках от неё"
1790414454,follow,12,1044,164130,78733,0.05,92.24,0.1997,0.2383,0.003,,"{""distance_dm"": 32472, ""in_band"": 963, ""caught_up"": 3}","рядом с целью 92% времени, в среднем в 3.1 блоках от неё"
1790414484,follow,12,1056,165186,79261,0.05,89.87,0.1934,0.2244,0.0029,,"{""distance_dm"": 36503, ""in_band"": 949, ""caught_up"": 6}","рядом с целью 90% времени, в среднем в 3.5 блоках от неё"
1790414514,follow,12,1044,166230,79788,0.05,82.66,0.1737,0.2177,0.0028,,"{""distance_dm"": 38142, ""in_band"": 863, ""caught_up"": 8}","рядом с целью 83% времени, в среднем в 3.7 блоках от неё"
1790414544,follow,12,1068,167298,80322,0.05,82.49,0.1644,0.2276,0.003,,"{""distance_dm"": 41102, ""caught_up"": 9, ""in_band"": 881}","рядом с целью 82% времени, в среднем в 3.8 блоках от неё"
1790414574,follow,12,1068,168366,80851,0.05,87.08,0.1811,0.2239,0.003,,"{""distance_dm"": 36062, ""in_band"": 930, ""caught_up"": 4}","рядом с целью 87% времени, в среднем в 3.4 блоках от неё"
1790414604,follow,12,1068,169434,81391,0.05,94.57,0.2096,0.2123,0.0027,,"{""distance_dm"": 36163, ""in_band"": 1010, ""caught_up"": 1}","рядом с целью 95% времени, в среднем в 3.4 блоках от неё"
1790414634,follow,12,1068,170502,81919,0.05,77.53,0.1517,0.2047,0.0027,,"{""distance_dm"": 36069, ""in_band"": 828, ""caught_up"": 1}","рядом с целью 78% времени, в среднем в 3.4 блоках от неё"
1790414664,follow,12,1032,171534,82435,0.05,74.52,0.1192,0.2218,0.0031,,"{""distance_dm"": 36796, ""in_band"": 769, ""caught_up"": 1}","рядом с целью 75% времени, в среднем в 3.6 блоках от неё"
1790414694,follow,12,972,172506,82926,0.05,85.6,0.1706,0.2105,0.0029,,"{""distance_dm"": 38736, ""in_band"": 832, ""caught_up"": 6}","рядом с целью 86% времени, в среднем в 4.0 блоках от неё"
1790414725,follow,12,996,173502,83419,0.05,91.67,0.2052,0.2016,0.0029,,"{""distance_dm"": 37182, ""in_band"": 913, ""caught_up"": 3}","рядом с целью 92% времени, в среднем в 3.7 блоках от неё"
1790414755,follow,12,972,174474,83905,0.05,79.73,0.1586,0.1984,0.0027,,"{""distance_dm"": 41008, ""in_band"": 775, ""caught_up"": 6}","рядом с целью 80% времени, в среднем в 4.2 блоках от неё"
1790415760,follow,8,1124,175942,84207,0.05,8.62,-0.123,0.4226,0.008,,"{""distance_dm"": 120305, ""caught_up"": 10, ""no_target"": 22, ""in_band"": 95}","рядом с целью 8.6% времени, в среднем в 10.9 блоках от неё"
1790415790,follow,8,1504,177446,84556,0.05,10.7,-0.0786,0.2161,0.0038,,"{""distance_dm"": 198907, ""caught_up"": 7, ""in_band"": 161}","рядом с целью 11% времени, в среднем в 13.2 блоках от неё"
1790415821,follow,8,1408,178854,84878,0.05,35.01,-0.0128,0.177,0.0029,,"{""distance_dm"": 114386, ""caught_up"": 10, ""in_band"": 493}","рядом с целью 35% времени, в среднем в 8.1 блоках от неё"
1790415851,follow,8,664,179518,85008,0.05,31.78,0.012,0.1967,0.0028,,"{""distance_dm"": 48656, ""in_band"": 211, ""caught_up"": 3}","рядом с целью 32% времени, в среднем в 7.3 блоках от неё"
1790415881,flee,7,539,153996,47928,0.05,12.08,0.497,0.3016,0.3569,0.34,"{""with_threat"": 539, ""distance_dm"": 65133, ""teasing"": 79}","осалили 0 раз, водящий в среднем в 12.1 блоках, дразнили воду 15% времени"
1790415881,chase,1,44,39402,15905,0.0642,0.0,-0.0546,,,,"{""distance_dm"": 4390}","осалил 0 раз (0.0 за 10 мин вождения), в среднем в 10.0 блоках от убегающего"
1790415911,chase,1,191,39593,15905,0.0597,0.0,-0.6463,,,,"{""distance_dm"": 16458}","осалил 0 раз (0.0 за 10 мин вождения), в среднем в 8.6 блоках от убегающего"
1790415911,flee,7,1337,155333,48126,0.05,13.69,0.483,0.1328,0.1477,0.1566,"{""with_threat"": 1337, ""distance_dm"": 183035, ""teasing"": 22}","осалили 0 раз, водящий в среднем в 13.7 блоках, дразнили воду 2% времени"
1790415941,chase,1,193,39786,15905,0.0551,0.0,-0.502,,,,"{""distance_dm"": 9789}","осалил 0 раз (0.0 за 10 мин вождения), в среднем в 5.1 блоках от убегающего"
1790415941,flee,7,1351,156684,48346,0.05,13.18,0.613,0.0885,0.0919,0.1056,"{""with_threat"": 1351, ""distance_dm"": 178054, ""teasing"": 262}","осалили 0 раз, водящий в среднем в 13.2 блоках, дразнили воду 19% времени"
1790415971,chase,1,192,39978,15908,0.0505,0.0,-0.1067,1.0785,1.4641,1.6294,"{""distance_dm"": 9462}","осалил 0 раз (0.0 за 10 мин вождения), в среднем в 4.9 блоках от убегающего"
1790415971,flee,7,1344,158028,48535,0.05,13.28,0.639,0.1152,0.1058,0.1162,"{""with_threat"": 1344, ""distance_dm"": 178465, ""teasing"": 205}","осалили 0 раз, водящий в среднем в 13.3 блоках, дразнили воду 15% времени"
1790416001,chase,1,191,40169,15936,0.05,0.0,-0.1813,0.7737,1.1128,0.9746,"{""distance_dm"": 15045}","осалил 0 раз (0.0 за 10 мин вождения), в среднем в 7.9 блоках от убегающего"
1790416001,flee,7,1337,159365,48705,0.05,14.31,0.6413,0.1554,0.1084,0.1267,"{""with_threat"": 1337, ""distance_dm"": 191291, ""teasing"": 137}","осалили 0 раз, водящий в среднем в 14.3 блоках, дразнили воду 10% времени"
1790416031,chase,1,193,40362,15961,0.05,0.0,-0.1188,0.7095,0.9335,0.6461,"{""distance_dm"": 15463}","осалил 0 раз (0.0 за 10 мин вождения), в среднем в 8.0 блоках от убегающего"
1790416031,flee,7,1351,160716,48889,0.05,14.45,0.618,0.1385,0.1113,0.1371,"{""with_threat"": 1351, ""distance_dm"": 195274, ""teasing"": 94}","осалили 0 раз, водящий в среднем в 14.5 блоках, дразнили воду 7% времени"
1790416061,chase,1,194,40556,16011,0.05,20.62,-0.0032,0.6606,0.8963,0.6718,"{""distance_dm"": 11415, ""caught"": 1}","осалил 1 раз (20.6 за 10 мин вождения), в среднем в 5.9 блоках от убегающего"
1790416061,flee,7,1351,162067,49097,0.05,14.46,0.5423,0.179,0.1518,0.1749,"{""with_threat"": 1350, ""distance_dm"": 195222, ""stood_still"": 1, ""deaths"": 1, ""teasing"": 116}","осалили 0 раз, застаивались 1 раз, водящий в среднем в 14.5 блоках, дразнили воду 9% времени; умирал 1 раз"
1790416091,chase,5,351,40910,16069,0.05,0.0,-0.0974,0.6232,0.5818,0.6538,"{""distance_dm"": 57362}","осалил 0 раз (0.0 за 10 мин вождения), в среднем в 16.3 блоках от убегающего"
1790416091,flee,3,1077,163140,49301,0.05,9.08,0.3643,0.291,0.1925,0.2258,"{""with_threat"": 1073, ""distance_dm"": 97451, ""teasing"": 119, ""caught"": 4}","осалили 4 раза (в среднем через 40 с беготни), водящий в среднем в 9.1 блоках, дразнили воду 11% времени"
1790416121,chase,7,1132,42045,16166,0.05,0.0,-0.047,0.5073,0.5389,0.526,"{""distance_dm"": 342625}","осалил 0 раз (0.0 за 10 мин вождения), в среднем в 30.3 блоках от убегающего"
1790416121,flee,1,292,163430,49427,0.05,11.42,0.1727,0.3884,0.2833,0.3155,"{""with_threat"": 290, ""distance_dm"": 33107, ""teasing"": 50, ""caught"": 2}","осалили 2 раза (в среднем через 22 с беготни), водящий в среднем в 11.4 блоках, дразнили воду 17% времени"
1790416151,chase,7,1344,43389,16294,0.05,0.0,-0.0338,0.4783,0.5246,0.4534,"{""distance_dm"": 431244}","осалил 0 раз (0.0 за 10 мин вождения), в среднем в 32.1 блоках от убегающего"
1790416151,flee,1,192,163622,49523,0.05,5.25,0.6108,0.3583,0.2765,0.31,"{""with_threat"": 192, ""distance_dm"": 10080, ""teasing"": 139}","осалили 0 раз, водящий в среднем в 5.2 блоках, дразнили воду 72% времени"
1790416181,chase,1,820,44203,16462,0.05,0.0,-0.0843,0.5323,0.4753,0.4076,"{""distance_dm"": 215794, ""time_up"": 7}","осалил 0 раз (0.0 за 10 мин вождения), не успели за раунд 7 раз, в среднем в 26.3 блоках от убегающего"
1790416181,flee,7,540,164168,49694,0.05,13.4,0.5411,0.3326,0.2809,0.3128,"{""with_threat"": 540, ""distance_dm"": 72368, ""teasing"": 57, ""survived"": 1}","осалили 0 раз, продержались до конца раунда 1 раз, водящий в среднем в 13.4 блоках, дразнили воду 11% времени"
1790416212,chase,1,194,44397,16558,0.05,0.0,-0.081,0.5373,0.4555,0.396,"{""distance_dm"": 15909}","осалил 0 раз (0.0 за 10 мин вождения), в среднем в 8.2 блоках от убегающего"
1790416212,flee,7,1358,165526,49962,0.05,15.31,0.4971,0.2833,0.236,0.2678,"{""with_threat"": 1358, ""distance_dm"": 207919, ""teasing"": 24}","осалили 0 раз, водящий в среднем в 15.3 блоках, дразнили воду 2% времени"
1790416242,chase,1,194,44591,16652,0.05,0.0,-0.1273,0.4964,0.4348,0.3808,"{""distance_dm"": 16666}","осалил 0 раз (0.0 за 10 мин вождения), в среднем в 8.6 блоках от убегающего"
1790416242,flee,7,1351,166877,50197,0.05,15.92,0.416,0.2416,0.2497,0.2613,"{""with_threat"": 1350, ""distance_dm"": 214952, ""stood_still"": 1, ""deaths"": 1}","осалили 0 раз, застаивались 1 раз, водящий в среднем в 15.9 блоках, дразнили воду 0% времени; умирал 1 раз"
1790416272,chase,1,193,44784,16746,0.05,0.0,-0.0887,0.4853,0.4208,0.3785,"{""distance_dm"": 5923}","осалил 0 раз (0.0 за 10 мин вождения), в среднем в 3.1 блоках от убегающего"
1790416272,flee,7,1345,168222,50430,0.05,15.86,0.4584,0.2368,0.2559,0.2611,"{""with_threat"": 1344, ""distance_dm"": 213172, ""stood_still"": 1, ""deaths"": 1}","осалили 0 раз, застаивались 1 раз, водящий в среднем в 15.9 блоках, дразнили воду 0% времени; умирал 1 раз"
1790416302,chase,1,194,44978,16823,0.05,0.0,-0.2229,0.5229,0.4185,0.3943,"{""distance_dm"": 7881}","осалил 0 раз (0.0 за 10 мин вождения), в среднем в 4.1 блоках от убегающего"
1790416302,flee,7,1358,169580,50688,0.05,15.24,0.5486,0.2309,0.2451,0.2475,"{""with_threat"": 1358, ""distance_dm"": 206965, ""teasing"": 21}","осалили 0 раз, водящий в среднем в 15.2 блоках, дразнили воду 2% времени"
1790416332,chase,1,194,45172,16909,0.05,20.62,0.0352,0.5294,0.4081,0.3993,"{""distance_dm"": 9527, ""caught"": 1}","осалил 1 раз (20.6 за 10 мин вождения), в среднем в 4.9 блоках от убегающего"
1790416332,flee,7,1337,170917,50991,0.05,14.16,0.289,0.2751,0.2837,0.2896,"{""with_threat"": 1334, ""distance_dm"": 188953, ""stood_still"": 3, ""deaths"": 3, ""teasing"": 37}","осалили 0 раз, застаивались 3 раза, водящий в среднем в 14.2 блоках, дразнили воду 3% времени; умирал 3 раза"
1790416362,chase,5,484,45659,17072,0.05,16.53,0.186,0.56,0.441,0.4189,"{""distance_dm"": 89006, ""caught"": 2}","осалил 2 раза (16.5 за 10 мин вождения), в среднем в 18.4 блоках от убегающего"
1790416362,flee,3,959,171872,51263,0.05,13.77,0.2483,0.2918,0.3036,0.3118,"{""with_threat"": 954, ""distance_dm"": 131377, ""caught"": 4, ""teasing"": 38, ""stood_still"": 1, ""deaths"": 1}","осалили 4 раза (в среднем через 36 с беготни), застаивались 1 раз, водящий в среднем в 13.8 блоках, дразнили воду 4% времени; умирал 1 раз"
1790416392,chase,1,853,46509,17293,0.05,14.07,0.1465,0.5824,0.4856,0.4542,"{""distance_dm"": 156176, ""no_target"": 42, ""won"": 6, ""caught"": 3}","осалил 3 раза (14.1 за 10 мин вождения), поймали всех 6 раз, в среднем в 19.3 блоках от убегающего"
1790416392,flee,7,409,172285,51434,0.05,12.11,-0.1122,0.3603,0.3713,0.3798,"{""with_threat"": 405, ""distance_dm"": 49065, ""teasing"": 78, ""caught"": 3, ""stood_still"": 1, ""deaths"": 1}","осалили 3 раза (в среднем через 20 с беготни), застаивались 1 раз, водящий в среднем в 12.1 блоках, дразнили воду 19% времени; умирал 1 раз"
1790416422,flee,7,1358,173643,51775,0.05,15.1,0.5048,0.3586,0.3701,0.3764,"{""with_threat"": 1358, ""distance_dm"": 205000, ""teasing"": 18}","осалили 0 раз, водящий в среднем в 15.1 блоках, дразнили воду 1% времени"
1790416422,chase,1,194,46703,17383,0.05,0.0,-0.1472,0.6167,0.5419,0.498,"{""distance_dm"": 19202}","осалил 0 раз (0.0 за 10 мин вождения), в среднем в 9.9 блоках от убегающего"
1790416452,flee,7,1351,174994,52099,0.05,13.79,0.4905,0.3427,0.351,0.3576,"{""with_threat"": 1351, ""distance_dm"": 186325, ""teasing"": 65}","осалили 0 раз, водящий в среднем в 13.8 блоках, дразнили воду 5% времени"
1790416452,chase,1,193,46896,17480,0.05,0.0,-0.1364,0.6201,0.5589,0.5165,"{""distance_dm"": 5657}","осалил 0 раз (0.0 за 10 мин вождения), в среднем в 2.9 блоках от убегающего"
1790416482,flee,6,1345,176338,52390,0.05,12.24,0.4999,0.3261,0.3382,0.3409,"{""with_threat"": 1344, ""distance_dm"": 164463, ""caught"": 1, ""teasing"": 78}","осалили 1 раз (в среднем через 202 с беготни), водящий в среднем в 12.2 блоках, дразнили воду 6% времени"
1790416482,chase,2,194,47090,17576,0.05,20.62,0.3543,0.5683,0.5259,0.479,"{""distance_dm"": 5380, ""caught"": 1}","осалил 1 раз (20.6 за 10 мин вождения), в среднем в 2.8 блоках от убегающего"
1790416512,flee,5,989,177326,52600,0.05,14.3,0.3823,0.3087,0.3208,0.3246,"{""with_threat"": 987, ""distance_dm"": 141149, ""caught"": 1, ""stood_still"": 1, ""deaths"": 1, ""teasing"": 15}","осалили 1 раз (в среднем через 148 с беготни), застаивались 1 раз, водящий в среднем в 14.3 блоках, дразнили воду 2% времени; умирал 1 раз"
1790416512,chase,3,451,47543,17719,0.05,17.74,0.0666,0.6107,0.5688,0.5336,"{""distance_dm"": 29751, ""caught"": 2}","осалил 2 раза (17.7 за 10 мин вождения), в среднем в 6.6 блоках от убегающего"
1790416543,flee,0,731,178052,52793,0.05,9.26,0.3189,0.3397,0.3507,0.3584,"{""with_threat"": 726, ""distance_dm"": 67216, ""teasing"": 262, ""caught"": 5}","осалили 5 раз (в среднем через 22 с беготни), водящий в среднем в 9.3 блоках, дразнили воду 36% времени"
1790416543,chase,8,615,48155,17875,0.05,0.0,0.0222,0.6007,0.5635,0.5192,"{""distance_dm"": 60713, ""won"": 7}","осалил 0 раз (0.0 за 10 мин вождения), поймали всех 7 раз, в среднем в 9.9 блоках от убегающего"
1790416573,chase,1,148,48304,17942,0.05,0.0,-0.2947,0.6689,0.635,0.5818,"{""distance_dm"": 26662}","осалил 0 раз (0.0 за 10 мин вождения), в среднем в 18.0 блоках от убегающего"
1790416573,flee,7,1267,179326,53111,0.05,16.0,0.5085,0.3414,0.3523,0.36,"{""with_threat"": 1267, ""distance_dm"": 202714}","осалили 0 раз, водящий в среднем в 16.0 блоках, дразнили воду 0% времени"
1790416603,flee,7,1358,180684,53428,0.05,15.14,0.5543,0.3397,0.3494,0.3561,"{""with_threat"": 1358, ""distance_dm"": 205560, ""teasing"": 62}","осалили 0 раз, водящий в среднем в 15.1 блоках, дразнили воду 5% времени"
1790416603,chase,1,194,48498,18039,0.05,0.0,-0.2371,0.6575,0.6388,0.6195,"{""distance_dm"": 19679}","осалил 0 раз (0.0 за 10 мин вождения), в среднем в 10.1 блоках от убегающего"
1790416633,flee,6,1213,181896,53695,0.05,13.96,0.447,0.3469,0.3589,0.3648,"{""with_threat"": 1211, ""distance_dm"": 169073, ""teasing"": 106, ""caught"": 1, ""stood_still"": 1, ""deaths"": 1}","осалили 1 раз (в среднем через 182 с беготни), застаивались 1 раз, водящий в среднем в 14.0 блоках, дразнили воду 9% времени; умирал 1 раз"
1790416633,chase,2,292,48791,18184,0.05,13.7,0.1285,0.5689,0.598,0.6223,"{""distance_dm"": 15754, ""caught"": 1}","осалил 1 раз (13.7 за 10 мин вождения), в среднем в 5.4 блоках от убегающего"
1790416663,flee,5,978,182873,53925,0.05,15.88,0.4968,0.3197,0.3299,0.3371,"{""with_threat"": 977, ""distance_dm"": 155180, ""caught"": 1}","осалили 1 раз (в среднем через 147 с беготни), водящий в среднем в 15.9 блоках, дразнили воду 0% времени"
1790416663,chase,3,541,49333,18369,0.05,7.39,-0.0191,0.5305,0.5688,0.5826,"{""distance_dm"": 29992, ""caught"": 1}","осалил 1 раз (7.4 за 10 мин вождения), в среднем в 5.5 блоках от убегающего"
1790416693,flee,5,963,183836,54160,0.05,15.07,0.4164,0.3388,0.3456,0.3536,"{""with_threat"": 962, ""distance_dm"": 144985, ""stood_still"": 1, ""deaths"": 1, ""teasing"": 18}","осалили 0 раз, застаивались 1 раз, водящий в среднем в 15.1 блоках, дразнили воду 2% времени; умирал 1 раз"
1790416693,chase,3,575,49908,18556,0.05,6.96,-0.1601,0.5165,0.5652,0.5696,"{""distance_dm"": 46295, ""stood_still"": 1, ""deaths"": 1, ""caught"": 1}","осалил 1 раз (7.0 за 10 мин вождения), застаивался 1 раз, в среднем в 8.1 блоках от убегающего; умирал 1 раз"
1790417059,hunt,8,0,0,0,1.0,0.0,0.0,,,,{},попал по цели 0 раз (0.0 в минуту охоты)
1790417089,hunt,8,0,0,0,1.0,0.0,0.0,,,,{},попал по цели 0 раз (0.0 в минуту охоты)
1790417119,hunt,8,448,456,0,0.9892,0.0,-0.2523,,,,"{""distance_dm"": 106330}","попал по цели 0 раз (0.0 в минуту охоты), в среднем в 23.7 блоках от неё"
1790417149,hunt,8,1537,1993,356,0.9527,0.26,-0.2381,0.2592,0.2753,0.3413,"{""distance_dm"": 340114, ""hits"": 1}","попал по цели 1 раз (0.3 в минуту охоты), в среднем в 22.1 блоках от неё"
1790417179,hunt,8,1551,3544,746,0.9158,5.67,-0.1289,0.2224,0.2495,0.3157,"{""distance_dm"": 341164, ""hits"": 22}","попал по цели 22 раза (5.7 в минуту охоты), в среднем в 22.0 блоках от неё"
1790417209,hunt,8,1552,5096,1201,0.879,6.44,-0.1295,0.2728,0.3033,0.3564,"{""distance_dm"": 334125, ""hits"": 25}","попал по цели 25 раз (6.4 в минуту охоты), в среднем в 21.5 блоках от неё"
1790417239,hunt,8,1552,6648,1500,0.8421,3.87,-0.1325,0.3094,0.3556,0.3908,"{""distance_dm"": 352635, ""hits"": 15}","попал по цели 15 раз (3.9 в минуту охоты), в среднем в 22.7 блоках от неё"
1790417270,hunt,8,1544,8192,1762,0.8054,7.25,-0.0824,0.3431,0.3878,0.4223,"{""distance_dm"": 403011, ""hits"": 28}","попал по цели 28 раз (7.3 в минуту охоты), в среднем в 26.1 блоках от неё"
1790417300,hunt,8,1536,9728,1983,0.769,1.3,-0.1439,0.375,0.4168,0.4573,"{""distance_dm"": 292576, ""hits"": 5}","попал по цели 5 раз (1.3 в минуту охоты), в среднем в 19.0 блоках от неё"
1790417330,hunt,8,1544,11272,2214,0.7323,4.92,-0.1142,0.4679,0.4996,0.558,"{""distance_dm"": 164943, ""hits"": 19}","попал по цели 19 раз (4.9 в минуту охоты), в среднем в 10.7 блоках от неё"
1790417360,hunt,8,1536,12808,2423,0.6958,0.78,-0.1857,0.4233,0.4606,0.522,"{""distance_dm"": 213248, ""hits"": 3}","попал по цели 3 раза (0.8 в минуту охоты), в среднем в 13.9 блоках от неё"
1790417390,hunt,8,1536,14344,2655,0.6593,3.39,-0.1841,0.4077,0.4481,0.5091,"{""distance_dm"": 229612, ""hits"": 13}","попал по цели 13 раз (3.4 в минуту охоты), в среднем в 14.9 блоках от неё"
1790417420,hunt,8,1544,15888,2887,0.6227,3.89,-0.1097,0.398,0.4457,0.5107,"{""distance_dm"": 211291, ""hits"": 15}","попал по цели 15 раз (3.9 в минуту охоты), в среднем в 13.7 блоках от неё"
1790417450,hunt,8,1504,17392,3104,0.5869,3.99,-0.143,0.4073,0.4637,0.5162,"{""distance_dm"": 110074, ""hits"": 15}","попал по цели 15 раз (4.0 в минуту охоты), в среднем в 7.3 блоках от неё"
1790417480,hunt,8,1536,18928,3334,0.5505,3.91,-0.1627,0.3974,0.4538,0.5091,"{""distance_dm"": 183924, ""hits"": 15}","попал по цели 15 раз (3.9 в минуту охоты), в среднем в 12.0 блоках от неё"
1790417510,hunt,8,1536,20464,3561,0.514,10.16,-0.0761,0.3997,0.4595,0.5136,"{""distance_dm"": 236566, ""hits"": 39}","попал по цели 39 раз (10.2 в минуту охоты), в среднем в 15.4 блоках от неё"
1790417540,hunt,8,1544,22008,3788,0.4773,11.14,-0.0105,0.4097,0.4694,0.5202,"{""distance_dm"": 271124, ""hits"": 43}","попал по цели 43 раза (11.1 в минуту охоты), в среднем в 17.6 блоках от неё"
1790417570,hunt,8,1512,23520,4008,0.4414,9.26,-0.0433,0.4395,0.4955,0.543,"{""distance_dm"": 292008, ""hits"": 35}","попал по цели 35 раз (9.3 в минуту охоты), в среднем в 19.3 блоках от неё"
1790417600,hunt,8,1528,25048,4236,0.4051,8.9,-0.0193,0.5233,0.5969,0.6231,"{""distance_dm"": 251160, ""hits"": 34}","попал по цели 34 раза (8.9 в минуту охоты), в среднем в 16.4 блоках от неё"
1790417630,hunt,8,1529,26577,4465,0.3688,18.05,0.0046,0.5202,0.5935,0.6237,"{""distance_dm"": 234588, ""hits"": 69, ""deaths"": 1}","попал по цели 69 раз (18.1 в минуту охоты), в среднем в 15.3 блоках от неё; умирал 1 раз"
1790417694,hunt,8,0,26353,4432,0.3741,0.0,0.0,,,,{},попал по цели 0 раз (0.0 в минуту охоты)
1790417724,hunt,8,0,26353,4432,0.3741,0.0,0.0,,,,{},попал по цели 0 раз (0.0 в минуту охоты)
1790417755,hunt,8,0,26361,4432,0.3739,0.0,0.0,,,,{},попал по цели 0 раз (0.0 в минуту охоты)
1790417785,hunt,8,1561,27922,4654,0.3369,0.0,-0.2213,0.4312,0.4943,0.5161,"{""distance_dm"": 284743, ""deaths"": 1}","попал по цели 0 раз (0.0 в минуту охоты), в среднем в 18.2 блоках от неё; умирал 1 раз"
1790417815,hunt,8,1552,29474,5012,0.3,0.0,-0.1705,0.372,0.432,0.462,"{""distance_dm"": 259155}","попал по цели 0 раз (0.0 в минуту охоты), в среднем в 16.7 блоках от неё"
1790417845,hunt,8,1392,30858,5341,0.2671,0.0,0.1862,0.3243,0.4028,0.4158,"{""distance_dm"": 223487, ""killed"": 8, ""kills"": 1}","попал по цели 0 раз (0.0 в минуту охоты), остановили цель 1 раз, в среднем в 16.1 блоках от неё"
1790417875,hunt,8,104,30970,5364,0.2645,0.0,-0.183,0.5731,0.6301,0.6544,"{""distance_dm"": 27640}","попал по цели 0 раз (0.0 в минуту охоты), в среднем в 26.6 блоках от неё"
1790417905,hunt,8,1456,32418,5710,0.2301,0.0,0.1598,0.5255,0.5949,0.6112,"{""distance_dm"": 224391, ""killed"": 8, ""kills"": 1}","попал по цели 0 раз (0.0 в минуту охоты), остановили цель 1 раз, в среднем в 15.4 блоках от неё"
1790417935,hunt,8,1120,33546,5973,0.2033,0.0,-0.1407,0.6252,0.6919,0.7008,"{""distance_dm"": 141353}","попал по цели 0 раз (0.0 в минуту охоты), в среднем в 12.6 блоках от неё"
1790417966,hunt,8,1544,35090,6341,0.1666,0.0,-0.1267,0.6365,0.7092,0.7363,"{""distance_dm"": 127673}","попал по цели 0 раз (0.0 в минуту охоты), в среднем в 8.3 блоках от неё"
1790417996,hunt,8,1544,36634,6687,0.1299,0.0,-0.1008,0.5179,0.5985,0.6281,"{""distance_dm"": 219436}","попал по цели 0 раз (0.0 в минуту охоты), в среднем в 14.2 блоках от неё"
1790418026,hunt,8,776,37410,6876,0.1115,0.0,0.5525,0.5252,0.6054,0.6256,"{""distance_dm"": 138318, ""killed"": 8, ""kills"": 1}","попал по цели 0 раз (0.0 в минуту охоты), остановили цель 1 раз, в среднем в 17.8 блоках от неё"
1790418056,hunt,8,1544,38954,7265,0.0748,0.0,-0.1085,0.5372,0.6098,0.6345,"{""distance_dm"": 147330}","попал по цели 0 раз (0.0 в минуту охоты), в среднем в 9.5 блоках от неё"
1790418086,hunt,8,1552,40506,7677,0.05,0.0,-0.1055,0.5117,0.5824,0.6091,"{""distance_dm"": 148690}","попал по цели 0 раз (0.0 в минуту охоты), в среднем в 9.6 блоках от неё"
1790418116,hunt,8,1120,41626,7987,0.05,0.0,0.3173,0.5396,0.6142,0.6358,"{""distance_dm"": 99356, ""killed"": 8, ""kills"": 1}","попал по цели 0 раз (0.0 в минуту охоты), остановили цель 1 раз, в среднем в 8.9 блоках от неё"
1790418146,hunt,8,1416,43042,8392,0.05,0.0,-0.1457,0.5966,0.6863,0.6915,"{""distance_dm"": 110891}","попал по цели 0 раз (0.0 в минуту охоты), в среднем в 7.8 блоках от неё"
1790418176,hunt,8,1544,44586,8819,0.05,0.0,-0.1058,0.538,0.6325,0.6372,"{""distance_dm"": 115744}","попал по цели 0 раз (0.0 в минуту охоты), в среднем в 7.5 блоках от неё"
1790418206,hunt,8,704,45282,9017,0.05,0.0,0.6098,0.4835,0.5731,0.5788,"{""distance_dm"": 43533, ""killed"": 8, ""kills"": 1}","попал по цели 0 раз (0.0 в минуту охоты), остановили цель 1 раз, в среднем в 6.2 блоках от неё"
1790418236,hunt,8,0,45282,9017,0.05,0.0,0.0,,,,{},попал по цели 0 раз (0.0 в минуту охоты)
1790418266,hunt,8,0,45282,9017,0.05,0.0,0.0,,,,{},попал по цели 0 раз (0.0 в минуту охоты)
1790418296,hunt,8,0,45282,9017,0.05,0.0,0.0,,,,{},попал по цели 0 раз (0.0 в минуту охоты)
1790418327,hunt,8,648,45938,9155,0.05,0.0,-0.0894,0.5469,0.6461,0.6459,"{""distance_dm"": 48816}","попал по цели 0 раз (0.0 в минуту охоты), в среднем в 7.5 блоках от неё"
1790418357,hunt,8,624,46554,9299,0.05,0.0,0.5779,0.5092,0.6073,0.6032,"{""distance_dm"": 58394, ""killed"": 8, ""kills"": 1}","попал по цели 0 раз (0.0 в минуту охоты), остановили цель 1 раз, в среднем в 9.4 блоках от неё"
1790418387,hunt,8,768,47330,9460,0.05,0.0,-0.0482,0.5874,0.6855,0.6803,"{""distance_dm"": 83797}","попал по цели 0 раз (0.0 в минуту охоты), в среднем в 10.9 блоках от неё"
1790418417,hunt,8,1505,48835,9782,0.05,0.0,-0.1418,0.5844,0.68,0.6761,"{""distance_dm"": 155361, ""deaths"": 1}","попал по цели 0 раз (0.0 в минуту охоты), в среднем в 10.3 блоках от неё; умирал 1 раз"
1790418447,hunt,8,1544,50379,10133,0.05,0.0,-0.087,0.5855,0.682,0.6734,"{""distance_dm"": 143774}","попал по цели 0 раз (0.0 в минуту охоты), в среднем в 9.3 блоках от неё"
1790418477,hunt,8,1176,51555,10409,0.05,0.0,0.3412,0.612,0.7234,0.7102,"{""distance_dm"": 245448, ""killed"": 8, ""kills"": 1}","попал по цели 0 раз (0.0 в минуту охоты), остановили цель 1 раз, в среднем в 20.9 блоках от неё"
1790418507,hunt,8,1544,53099,10771,0.05,0.0,-0.1027,0.5929,0.7006,0.6942,"{""distance_dm"": 172843}","попал по цели 0 раз (0.0 в минуту охоты), в среднем в 11.2 блоках от неё"
1790418537,hunt,8,1513,54612,11126,0.05,0.0,-0.1463,0.5758,0.6869,0.6789,"{""distance_dm"": 242889, ""deaths"": 1}","попал по цели 0 раз (0.0 в минуту охоты), в среднем в 16.1 блоках от неё; умирал 1 раз"
1790418567,hunt,8,1320,55932,11485,0.05,0.0,-0.1184,0.5439,0.655,0.6468,"{""distance_dm"": 172741}","попал по цели 0 раз (0.0 в минуту охоты), в среднем в 13.1 блоках от неё"
1790418597,hunt,8,1144,57076,11763,0.05,0.0,0.2975,0.5458,0.6629,0.653,"{""distance_dm"": 129216, ""killed"": 8, ""kills"": 1}","попал по цели 0 раз (0.0 в минуту охоты), остановили цель 1 раз, в среднем в 11.3 блоках от неё"
1790418627,hunt,8,1544,58620,12116,0.05,0.0,-0.1005,0.5587,0.67,0.6631,"{""distance_dm"": 102866}","попал по цели 0 раз (0.0 в минуту охоты), в среднем в 6.7 блоках от неё"
1790418658,hunt,8,1008,59620,12340,0.05,0.0,0.2629,0.5795,0.6932,0.6873,"{""distance_dm"": 86742, ""killed"": 8, ""kills"": 1}","попал по цели 0 раз (0.0 в минуту охоты), остановили цель 1 раз, в среднем в 8.6 блоках от неё"
1790418688,hunt,8,0,59620,12340,0.05,0.0,0.0,,,,{},попал по цели 0 раз (0.0 в минуту охоты)
1790418718,hunt,8,0,59620,12340,0.05,0.0,0.0,,,,{},попал по цели 0 раз (0.0 в минуту охоты)
1790418748,hunt,8,0,59620,12340,0.05,0.0,0.0,,,,{},попал по цели 0 раз (0.0 в минуту охоты)
1790418778,hunt,8,0,59620,12340,0.05,0.0,0.0,,,,{},попал по цели 0 раз (0.0 в минуту охоты)
1790418808,hunt,8,0,59620,12340,0.05,0.0,0.0,,,,{},попал по цели 0 раз (0.0 в минуту охоты)
1790418838,hunt,8,0,59620,12340,0.05,0.0,0.0,,,,{},попал по цели 0 раз (0.0 в минуту охоты)
1790418868,hunt,8,0,59620,12340,0.05,0.0,0.0,,,,{},попал по цели 0 раз (0.0 в минуту охоты)
1790418898,hunt,8,0,59620,12340,0.05,0.0,0.0,,,,{},попал по цели 0 раз (0.0 в минуту охоты)
1790418928,hunt,8,1218,60846,12645,0.05,0.0,-0.1752,0.6058,0.717,0.7069,"{""distance_dm"": 110655, ""deaths"": 2}","попал по цели 0 раз (0.0 в минуту охоты), в среднем в 9.1 блоках от неё; умирал 2 раза"
1790418958,hunt,8,1472,62318,12998,0.05,0.0,-0.0808,0.5868,0.6945,0.6842,"{""distance_dm"": 73858}","попал по цели 0 раз (0.0 в минуту охоты), в среднем в 5.0 блоках от неё"
1790418989,hunt,8,976,63286,13222,0.05,0.0,0.2977,0.5603,0.6753,0.6623,"{""distance_dm"": 52143, ""killed"": 8, ""kills"": 1}","попал по цели 0 раз (0.0 в минуту охоты), остановили цель 1 раз, в среднем в 5.3 блоках от неё"
1790419019,hunt,8,0,63286,13222,0.05,0.0,0.0,,,,{},попал по цели 0 раз (0.0 в минуту охоты)
1790419049,hunt,8,0,63286,13222,0.05,0.0,0.0,,,,{},попал по цели 0 раз (0.0 в минуту охоты)
1790419079,hunt,8,0,63286,13222,0.05,0.0,0.0,,,,{},попал по цели 0 раз (0.0 в минуту охоты)
1790419109,hunt,8,0,63286,13222,0.05,0.0,0.0,,,,{},попал по цели 0 раз (0.0 в минуту охоты)
1790419139,hunt,8,0,63286,13222,0.05,0.0,0.0,,,,{},попал по цели 0 раз (0.0 в минуту охоты)
1790419169,hunt,8,1064,64358,13426,0.05,0.0,0.0766,0.5836,0.6929,0.6866,"{""distance_dm"": 167172}","попал по цели 0 раз (0.0 в минуту охоты), в среднем в 15.7 блоках от неё"
1790419199,hunt,8,280,64630,13496,0.05,0.0,1.3185,0.5725,0.6854,0.6783,"{""distance_dm"": 41552, ""killed"": 8, ""kills"": 1}","попал по цели 0 раз (0.0 в минуту охоты), остановили цель 1 раз, в среднем в 14.8 блоках от неё"
1790419229,hunt,8,0,64630,13496,0.05,0.0,0.0,,,,{},попал по цели 0 раз (0.0 в минуту охоты)
1790419259,hunt,8,0,64630,13496,0.05,0.0,0.0,,,,{},попал по цели 0 раз (0.0 в минуту охоты)
1790492706,flee,7,1051,527748,121461,0.05,15.61,0.4297,1.1391,1.7073,1.3788,"{""with_threat"": 1047, ""distance_dm"": 163437, ""teasing"": 10}","осалили 0 раз, водящий в среднем в 15.6 блоках, дразнили воду 1% времени"
1790492706,chase,1,149,350030,83241,0.05,0.0,-0.2225,,,,"{""distance_dm"": 26022}","осалил 0 раз (0.0 за 10 мин вождения), в среднем в 17.5 блоках от убегающего"
1790492736,flee,4,1292,529037,121700,0.05,15.45,0.3343,1.1223,1.0573,1.326,"{""with_threat"": 1289, ""distance_dm"": 199159, ""teasing"": 21, ""caught"": 3}","осалили 3 раза (в среднем через 65 с беготни), водящий в среднем в 15.5 блоках, дразнили воду 2% времени"
1790492736,chase,4,240,350272,83241,0.05,16.67,0.0069,,,,"{""distance_dm"": 58471, ""caught"": 1}","осалил 1 раз (16.7 за 10 мин вождения), в среднем в 24.4 блоках от убегающего"
1790492766,flee,1,493,529527,121788,0.05,11.38,0.0698,1.5128,1.1929,1.6622,"{""with_threat"": 490, ""distance_dm"": 55770, ""teasing"": 55, ""caught"": 3}","осалили 3 раза (в среднем через 25 с беготни), водящий в среднем в 11.4 блоках, дразнили воду 11% времени"
1790492766,chase,7,1019,351295,83395,0.05,0.0,-0.3359,0.7883,1.0703,1.0883,"{""distance_dm"": 354985}","осалил 0 раз (0.0 за 10 мин вождения), в среднем в 34.8 блоках от убегающего"
1790492797,chase,1,370,351659,83494,0.05,0.0,0.2527,0.6703,0.8172,0.8786,"{""distance_dm"": 90763, ""won"": 7}","осалил 0 раз (0.0 за 10 мин вождения), поймали всех 7 раз, в среднем в 24.5 блоках от убегающего"
1790492797,flee,7,1000,530533,121913,0.05,15.37,0.3801,1.5706,1.3432,1.9426,"{""with_threat"": 999, ""distance_dm"": 153561, ""teasing"": 6, ""caught"": 1}","осалили 1 раз (в среднем через 150 с беготни), водящий в среднем в 15.4 блоках, дразнили воду 1% времени"
1790492827,flee,7,1358,531891,122055,0.05,15.96,0.456,1.2485,1.2233,1.2153,"{""with_threat"": 1358, ""distance_dm"": 216758}","осалили 0 раз, водящий в среднем в 16.0 блоках, дразнили воду 0% времени"
1790492827,chase,1,194,351853,83590,0.05,0.0,-0.1694,0.628,0.7424,0.7372,"{""distance_dm"": 13816}","осалил 0 раз (0.0 за 10 мин вождения), в среднем в 7.1 блоках от убегающего"
1790492857,flee,7,1337,533228,122201,0.05,16.0,0.4509,0.7745,0.8744,0.615,"{""with_threat"": 1336, ""distance_dm"": 213760, ""stood_still"": 1, ""deaths"": 1}","осалили 0 раз, застаивались 1 раз, водящий в среднем в 16.0 блоках, дразнили воду 0% времени; умирал 1 раз"
1790492857,chase,1,192,352045,83686,0.05,20.83,0.0636,0.5948,0.7187,0.6625,"{""distance_dm"": 23607, ""caught"": 1}","осалил 1 раз (20.8 за 10 мин вождения), в среднем в 12.3 блоках от убегающего"
1790492887,flee,4,1162,534387,122279,0.05,13.42,0.2133,0.78,0.8626,0.6102,"{""with_threat"": 1158, ""distance_dm"": 155417, ""teasing"": 63, ""caught"": 3, ""stood_still"": 1, ""deaths"": 1}","осалили 3 раза (в среднем через 58 с беготни), застаивались 1 раз, водящий в среднем в 13.4 блоках, дразнили воду 5% времени; умирал 1 раз"
1790492887,chase,4,363,352410,83845,0.05,0.0,-0.2609,0.5844,0.6859,0.6023,"{""distance_dm"": 69265}","осалил 0 раз (0.0 за 10 мин вождения), в среднем в 19.1 блоках от убегающего"
1790492917,flee,2,533,534918,122328,0.05,14.36,0.2759,0.9311,1.0799,0.7983,"{""with_threat"": 531, ""distance_dm"": 76226, ""teasing"": 20, ""caught"": 2}","осалили 2 раза (в среднем через 40 с беготни), водящий в среднем в 14.4 блоках, дразнили воду 4% времени"
1790492917,chase,6,973,353386,84036,0.05,0.0,-0.2874,0.6601,0.8164,0.7268,"{""distance_dm"": 349743}","осалил 0 раз (0.0 за 10 мин вождения), в среднем в 35.9 блоках от убегающего"
1790492947,flee,7,611,535534,122421,0.05,14.23,0.2869,0.9483,1.0725,0.8146,"{""with_threat"": 609, ""distance_dm"": 86631, ""teasing"": 27, ""caught"": 2}","осалили 2 раза (в среднем через 46 с беготни), водящий в среднем в 14.2 блоках, дразнили воду 4% времени"
1790492947,chase,1,766,354147,84173,0.05,5.22,0.0478,0.7782,0.9956,0.8861,"{""distance_dm"": 240219, ""won"": 6, ""caught"": 1}","осалил 1 раз (5.2 за 10 мин вождения), поймали всех 6 раз, в среднем в 31.4 блоках от убегающего"
1790492977,flee,7,1351,536885,122553,0.05,15.54,0.4704,0.925,0.9829,0.7486,"{""with_threat"": 1351, ""distance_dm"": 209928, ""teasing"": 5}","осалили 0 раз, водящий в среднем в 15.5 блоках, дразнили воду 0% времени"
1790492977,chase,1,193,354340,84269,0.05,0.0,-0.308,0.6996,0.8585,0.7653,"{""distance_dm"": 35852}","осалил 0 раз (0.0 за 10 мин вождения), в среднем в 18.6 блоках от убегающего"
1790493007,flee,7,1295,538180,122686,0.05,14.65,0.3082,0.9128,0.9732,0.7622,"{""with_threat"": 1293, ""distance_dm"": 189485, ""teasing"": 15, ""stood_still"": 2, ""deaths"": 2}","осалили 0 раз, застаивались 2 раза, водящий в среднем в 14.7 блоках, дразнили воду 1% времени; умирал 2 раза"
1790493007,chase,1,187,354527,84361,0.05,0.0,-0.5755,0.604,0.7299,0.6468,"{""distance_dm"": 16759}","осалил 0 раз (0.0 за 10 мин вождения), в среднем в 9.0 блоках от убегающего"
1790493037,flee,7,1344,539524,122823,0.05,15.07,0.4249,0.8878,0.9249,0.776,"{""with_threat"": 1343, ""distance_dm"": 202351, ""teasing"": 95, ""stood_still"": 1, ""deaths"": 1}","осалили 0 раз, застаивались 1 раз, водящий в среднем в 15.1 блоках, дразнили воду 7% времени; умирал 1 раз"
1790493037,chase,1,193,354720,84458,0.05,0.0,-0.1778,0.5613,0.6736,0.5984,"{""distance_dm"": 19913}","осалил 0 раз (0.0 за 10 мин вождения), в среднем в 10.3 блоках от убегающего"
1790493067,flee,4,1177,540698,122914,0.05,14.65,0.3316,0.8728,0.9639,0.7892,"{""with_threat"": 1174, ""distance_dm"": 172036, ""teasing"": 88, ""caught"": 3}","осалили 3 раза (в среднем через 59 с беготни), водящий в среднем в 14.7 блоках, дразнили воду 7% времени"
1790493067,chase,4,346,355069,84606,0.05,34.68,0.3578,0.5368,0.6529,0.5813,"{""distance_dm"": 52011, ""caught"": 3}","осалил 3 раза (34.7 за 10 мин вождения), в среднем в 15.0 блоках от убегающего"
1790493097,flee,3,706,541403,122975,0.05,14.45,0.3908,0.9356,0.9968,0.8277,"{""with_threat"": 705, ""distance_dm"": 101851, ""teasing"": 12, ""caught"": 1}","осалили 1 раз (в среднем через 106 с беготни), водящий в среднем в 14.4 блоках, дразнили воду 2% времени"
1790493097,chase,5,836,355906,84798,0.05,4.78,-0.2237,0.6114,0.7369,0.6469,"{""distance_dm"": 171815, ""caught"": 1}","осалил 1 раз (4.8 за 10 мин вождения), в среднем в 20.6 блоках от убегающего"
1790493128,flee,7,346,541753,123025,0.05,13.06,0.0582,0.9158,0.9984,0.8353,"{""with_threat"": 343, ""distance_dm"": 44783, ""teasing"": 32, ""caught"": 3}","осалили 3 раза (в среднем через 17 с беготни), водящий в среднем в 13.1 блоках, дразнили воду 9% времени"
1790493128,chase,1,1022,356923,84971,0.05,11.74,0.1817,0.6397,0.7975,0.6912,"{""distance_dm"": 368261, ""won"": 6, ""caught"": 3}","осалил 3 раза (11.7 за 10 мин вождения), поймали всех 6 раз, в среднем в 36.0 блоках от убегающего"
1790493158,flee,5,1182,542933,123124,0.05,15.62,0.4379,0.9485,1.0189,0.8723,"{""with_threat"": 1180, ""distance_dm"": 184282, ""teasing"": 19, ""caught"": 2}","осалили 2 раза (в среднем через 89 с беготни), водящий в среднем в 15.6 блоках, дразнили воду 2% времени"
1790493158,chase,3,349,357275,85136,0.05,22.92,0.2157,0.7073,0.8642,0.7481,"{""distance_dm"": 68531, ""caught"": 2}","осалил 2 раза (22.9 за 10 мин вождения), в среднем в 19.6 блоках от убегающего"
1790493188,flee,3,704,543635,123180,0.05,14.97,0.2404,0.9183,0.9991,0.8203,"{""with_threat"": 701, ""distance_dm"": 104931, ""teasing"": 31, ""caught"": 2, ""stood_still"": 1, ""deaths"": 1}","осалили 2 раза (в среднем через 53 с беготни), застаивались 1 раз, водящий в среднем в 15.0 блоках, дразнили воду 4% времени; умирал 1 раз"
1790493188,chase,5,815,358092,85328,0.05,9.82,0.1061,0.6763,0.8353,0.7294,"{""distance_dm"": 305853, ""caught"": 2}","осалил 2 раза (9.8 за 10 мин вождения), в среднем в 37.5 блоках от убегающего"
1790493218,flee,2,456,544090,123220,0.05,13.17,0.4639,0.9916,1.0311,0.8962,"{""with_threat"": 455, ""distance_dm"": 59931, ""teasing"": 55, ""caught"": 1}","осалили 1 раз (в среднем через 68 с беготни), водящий в среднем в 13.2 блоках, дразнили воду 12% времени"
1790493218,chase,6,1086,359179,85521,0.05,3.68,-0.044,0.6542,0.8125,0.7035,"{""distance_dm"": 247864, ""caught"": 1}","осалил 1 раз (3.7 за 10 мин вождения), в среднем в 22.8 блоках от убегающего"
1790493248,flee,6,403,544497,123297,0.05,13.68,0.1124,1.0306,1.0947,0.9376,"{""with_threat"": 400, ""distance_dm"": 54703, ""caught"": 3, ""teasing"": 23}","осалили 3 раза (в среднем через 20 с беготни), водящий в среднем в 13.7 блоках, дразнили воду 6% времени"
1790493248,chase,2,962,360136,85670,0.05,12.47,0.1047,0.6792,0.8391,0.7414,"{""distance_dm"": 291996, ""won"": 6, ""caught"": 3}","осалил 3 раза (12.5 за 10 мин вождения), поймали всех 6 раз, в среднем в 30.4 блоках от убегающего"
1790493278,chase,3,474,360612,85856,0.05,8.44,0.0538,0.6984,0.8504,0.7382,"{""distance_dm"": 90651, ""caught"": 1}","осалил 1 раз (8.4 за 10 мин вождения), в среднем в 19.1 блоках от убегающего"
1790493278,flee,5,1051,545547,123343,0.05,15.56,0.4499,1.0088,1.0898,0.9031,"{""with_threat"": 1050, ""distance_dm"": 163361, ""teasing"": 15, ""caught"": 1}","осалили 1 раз (в среднем через 158 с беготни), водящий в среднем в 15.6 блоках, дразнили воду 1% времени"
1790493308,chase,3,582,361194,86047,0.05,0.0,-0.1503,0.7774,0.9572,0.83,"{""distance_dm"": 87984}","осалил 0 раз (0.0 за 10 мин вождения), в среднем в 15.1 блоках от убегающего"
1790493308,flee,5,970,546517,123393,0.05,14.96,0.5636,0.9884,1.0473,0.8836,"{""with_threat"": 970, ""distance_dm"": 145077, ""teasing"": 70}","осалили 0 раз, водящий в среднем в 15.0 блоках, дразнили воду 7% времени"
1790493338,chase,4,763,361958,86241,0.05,5.24,-0.1469,0.8994,1.1205,1.0206,"{""distance_dm"": 197652, ""caught"": 1}","осалил 1 раз (5.2 за 10 мин вождения), в среднем в 25.9 блоках от убегающего"
1790493338,flee,4,779,547295,123474,0.05,14.4,0.4135,0.9832,1.0125,0.8697,"{""with_threat"": 778, ""distance_dm"": 111995, ""teasing"": 54, ""caught"": 1}","осалили 1 раз (в среднем через 117 с беготни), водящий в среднем в 14.4 блоках, дразнили воду 7% времени"
1790493368,chase,4,776,362734,86429,0.05,0.0,-0.0505,0.7828,0.9593,0.8676,"{""distance_dm"": 230372}","осалил 0 раз (0.0 за 10 мин вождения), в среднем в 29.7 блоках от убегающего"
1790493368,flee,4,769,548064,123505,0.05,14.1,0.3729,0.9815,1.0385,0.8575,"{""with_threat"": 768, ""distance_dm"": 108322, ""teasing"": 5, ""stood_still"": 1, ""deaths"": 1}","осалили 0 раз, застаивались 1 раз, водящий в среднем в 14.1 блоках, дразнили воду 1% времени; умирал 1 раз"
1790493399,chase,4,776,363510,86621,0.05,0.0,0.0102,0.7013,0.8823,0.7762,"{""distance_dm"": 144142}","осалил 0 раз (0.0 за 10 мин вождения), в среднем в 18.6 блоках от убегающего"
1790493399,flee,4,776,548840,123546,0.05,10.4,0.5336,1.1345,1.1623,0.9728,"{""with_threat"": 776, ""distance_dm"": 80710, ""teasing"": 149}","осалили 0 раз, водящий в среднем в 10.4 блоках, дразнили воду 19% времени"
1790493429,chase,5,836,364347,86813,0.05,4.78,0.0175,0.6523,0.8201,0.7133,"{""distance_dm"": 143431, ""caught"": 1}","осалил 1 раз (4.8 за 10 мин вождения), в среднем в 17.2 блоках от убегающего"
1790493429,flee,3,698,549537,123577,0.05,12.04,0.3079,1.1545,1.2366,1.0054,"{""with_threat"": 697, ""distance_dm"": 83947, ""teasing"": 65, ""caught"": 1}","осалили 1 раз (в среднем через 105 с беготни), водящий в среднем в 12.0 блоках, дразнили воду 9% времени"
1790493459,chase,8,1170,365512,86998,0.05,10.26,0.1738,0.646,0.8081,0.7082,"{""distance_dm"": 193795, ""caught"": 3, ""won"": 6}","осалил 3 раза (10.3 за 10 мин вождения), поймали всех 6 раз, в среднем в 16.6 блоках от убегающего"
1790493459,flee,0,252,549786,123626,0.05,7.29,-0.1189,1.2336,1.3396,1.0887,"{""with_threat"": 249, ""distance_dm"": 18155, ""caught"": 3, ""teasing"": 117}","осалили 3 раза (в среднем через 13 с беготни), водящий в среднем в 7.3 блоках, дразнили воду 47% времени"
1790493489,chase,2,178,365691,87081,0.05,22.47,0.2397,0.6375,0.7875,0.7062,"{""distance_dm"": 7116, ""caught"": 1}","осалил 1 раз (22.5 за 10 мин вождения), в среднем в 4.0 блоках от убегающего"
1790493489,flee,6,1308,551100,123772,0.05,13.98,0.4386,1.2195,1.3272,1.0924,"{""with_threat"": 1307, ""distance_dm"": 182772, ""teasing"": 26, ""caught"": 1}","осалили 1 раз (в среднем через 196 с беготни), водящий в среднем в 14.0 блоках, дразнили воду 2% времени"
1790493519,flee,6,1158,552258,123850,0.05,14.61,0.4951,1.1582,1.2978,1.0452,"{""with_threat"": 1158, ""distance_dm"": 169241, ""teasing"": 47}","осалили 0 раз, водящий в среднем в 14.6 блоках, дразнили воду 4% времени"
1790493519,chase,2,384,366076,87270,0.05,0.0,-0.1552,0.612,0.7698,0.67,"{""distance_dm"": 93399}","осалил 0 раз (0.0 за 10 мин вождения), в среднем в 24.3 блоках от убегающего"
1790493549,flee,2,717,552971,123936,0.05,13.21,0.0926,1.225,1.3619,1.1138,"{""with_threat"": 712, ""distance_dm"": 94020, ""teasing"": 58, ""caught"": 4, ""stood_still"": 1, ""deaths"": 1}","осалили 4 раза (в среднем через 27 с беготни), застаивались 1 раз, водящий в среднем в 13.2 блоках, дразнили воду 8% времени; умирал 1 раз"
1790493549,chase,6,790,366870,87464,0.05,20.25,0.204,0.5885,0.735,0.643,"{""distance_dm"": 132178, ""caught"": 4}","осалил 4 раза (20.3 за 10 мин вождения), в среднем в 16.7 блоках от убегающего"
1790493579,chase,1,819,367684,87604,0.05,9.77,0.1843,0.603,0.7607,0.6539,"{""distance_dm"": 192284, ""won"": 6, ""caught"": 2}","осалил 2 раза (9.8 за 10 мин вождения), поймали всех 6 раз, в среднем в 23.5 блоках от убегающего"
1790493579,flee,7,558,553534,124070,0.05,12.93,0.3096,1.1832,1.3344,1.0389,"{""with_threat"": 556, ""distance_dm"": 71877, ""teasing"": 27, ""caught"": 2}","осалили 2 раза (в среднем через 42 с беготни), водящий в среднем в 12.9 блоках, дразнили воду 5% времени"
1790493609,flee,7,1351,554885,124206,0.05,15.71,0.5433,0.9781,1.1617,0.898,"{""with_threat"": 1351, ""distance_dm"": 212242, ""teasing"": 12}","осалили 0 раз, водящий в среднем в 15.7 блоках, дразнили воду 1% времени"
1790493609,chase,1,193,367877,87701,0.05,0.0,-0.185,0.604,0.7609,0.655,"{""distance_dm"": 30063}","осалил 0 раз (0.0 за 10 мин вождения), в среднем в 15.6 блоках от убегающего"
1790493639,flee,6,1257,556141,124304,0.05,15.73,0.3391,0.9072,1.0739,0.8354,"{""with_threat"": 1254, ""distance_dm"": 197252, ""teasing"": 8, ""caught"": 1, ""stood_still"": 2, ""deaths"": 2}","осалили 1 раз (в среднем через 189 с беготни), застаивались 2 раза, водящий в среднем в 15.7 блоках, дразнили воду 1% времени; умирал 2 раза"
1790493639,chase,2,255,368133,87827,0.05,15.69,-0.0534,0.5896,0.7491,0.6495,"{""distance_dm"": 46384, ""caught"": 1}","осалил 1 раз (15.7 за 10 мин вождения), в среднем в 18.2 блоках от убегающего"
1790493669,flee,6,1158,557299,124321,0.05,15.38,0.5264,0.8267,1.0087,0.774,"{""with_threat"": 1158, ""distance_dm"": 178121, ""teasing"": 9}","осалили 0 раз, водящий в среднем в 15.4 блоках, дразнили воду 1% времени"
1790493669,chase,2,386,368519,88009,0.05,0.0,-0.1412,0.5819,0.732,0.6354,"{""distance_dm"": 62945}","осалил 0 раз (0.0 за 10 мин вождения), в среднем в 16.3 блоках от убегающего"
1790493699,flee,1,593,557887,124375,0.05,13.88,0.1271,0.905,1.0908,0.8623,"{""with_threat"": 588, ""distance_dm"": 81635, ""teasing"": 72, ""caught"": 5}","осалили 5 раз (в среднем через 18 с беготни), водящий в среднем в 13.9 блоках, дразнили воду 12% времени"
1790493699,chase,7,895,369419,88199,0.05,22.35,0.3661,0.8523,1.0662,0.9579,"{""distance_dm"": 173454, ""caught"": 5}","осалил 5 раз (22.3 за 10 мин вождения), в среднем в 19.4 блоках от убегающего"
1790493730,chase,1,415,369828,88301,0.05,9.64,0.3319,0.773,0.9828,0.8936,"{""distance_dm"": 95589, ""won"": 6, ""caught"": 1}","осалил 1 раз (9.6 за 10 мин вождения), поймали всех 6 раз, в среднем в 23.0 блоках от убегающего"
1790493730,flee,7,952,558845,124508,0.05,15.16,0.459,0.8871,1.0647,0.8282,"{""with_threat"": 951, ""distance_dm"": 144138, ""teasing"": 18, ""caught"": 1}","осалили 1 раз (в среднем через 143 с беготни), водящий в среднем в 15.2 блоках, дразнили воду 2% времени"
1790493760,flee,5,1230,560073,124614,0.05,13.42,0.4118,0.8553,1.0617,0.8218,"{""with_threat"": 1228, ""distance_dm"": 164830, ""teasing"": 153, ""caught"": 2}","осалили 2 раза (в среднем через 92 с беготни), водящий в среднем в 13.4 блоках, дразнили воду 12% времени"
1790493760,chase,3,296,370126,88442,0.05,27.03,0.3093,0.7366,0.9222,0.8296,"{""distance_dm"": 31701, ""caught"": 2}","осалил 2 раза (27.0 за 10 мин вождения), в среднем в 10.7 блоках от убегающего"
1790493790,flee,3,872,560943,124673,0.05,14.42,0.326,0.9087,1.0905,0.8651,"{""with_threat"": 869, ""distance_dm"": 125274, ""teasing"": 50, ""caught"": 2, ""stood_still"": 1, ""deaths"": 1}","осалили 2 раза (в среднем через 65 с беготни), застаивались 1 раз, водящий в среднем в 14.4 блоках, дразнили воду 6% времени; умирал 1 раз"
1790493790,chase,5,648,370775,88635,0.05,12.35,0.0023,0.6951,0.8593,0.7763,"{""distance_dm"": 95333, ""caught"": 2}","осалил 2 раза (12.3 за 10 мин вождения), в среднем в 14.7 блоках от убегающего"
1790493820,flee,1,307,561248,124761,0.05,14.46,0.1205,0.895,1.0908,0.851,"{""with_threat"": 305, ""distance_dm"": 44095, ""teasing"": 14, ""caught"": 2}","осалили 2 раза (в среднем через 23 с беготни), водящий в среднем в 14.5 блоках, дразнили воду 5% времени"
1790493820,chase,7,1224,372002,88832,0.05,6.54,0.0154,0.7045,0.8619,0.7882,"{""distance_dm"": 492225, ""caught"": 2}","осалил 2 раза (6.5 за 10 мин вождения), в среднем в 40.2 блоках от убегающего"
1790493850,chase,1,668,372664,88959,0.05,5.99,0.042,0.7157,0.8799,0.8011,"{""distance_dm"": 245564, ""no_target"": 49, ""won"": 6, ""caught"": 1}","осалил 1 раз (6.0 за 10 мин вождения), поймали всех 6 раз, в среднем в 39.7 блоках от убегающего"
1790493850,flee,7,700,561954,124898,0.05,15.41,0.2809,0.9165,1.106,0.8644,"{""with_threat"": 698, ""distance_dm"": 107579, ""teasing"": 15, ""stood_still"": 1, ""deaths"": 1, ""caught"": 1}","осалили 1 раз (в среднем через 105 с беготни), застаивались 1 раз, водящий в среднем в 15.4 блоках, дразнили воду 2% времени; умирал 1 раз"
1790493880,flee,7,1358,563312,125090,0.05,15.32,0.5576,0.8508,1.0268,0.8012,"{""with_threat"": 1358, ""distance_dm"": 208024}","осалили 0 раз, водящий в среднем в 15.3 блоках, дразнили воду 0% времени"
1790493880,chase,1,194,372858,89055,0.05,0.0,0.0171,0.6906,0.8501,0.7663,"{""distance_dm"": 39877}","осалил 0 раз (0.0 за 10 мин вождения), в среднем в 20.6 блоках от убегающего"
1790493910,flee,3,1015,564323,125222,0.05,14.0,0.3526,0.8448,1.0206,0.7952,"{""with_threat"": 1011, ""distance_dm"": 141575, ""teasing"": 74, ""caught"": 4}","осалили 4 раза (в среднем через 38 с беготни), водящий в среднем в 14.0 блоках, дразнили воду 7% времени"
1790493910,chase,5,491,373353,89210,0.05,32.59,0.3507,0.6644,0.8173,0.7518,"{""distance_dm"": 70392, ""caught"": 4}","осалил 4 раза (32.6 за 10 мин вождения), в среднем в 14.3 блоках от убегающего"
1790493940,chase,7,1214,374569,89411,0.05,6.59,0.0989,0.6844,0.8231,0.7483,"{""distance_dm"": 400430, ""caught"": 2}","осалил 2 раза (6.6 за 10 мин вождения), в среднем в 33.0 блоках от убегающего"
1790493940,flee,1,319,564640,125315,0.05,13.76,0.2677,0.8718,1.034,0.8312,"{""with_threat"": 317, ""distance_dm"": 43623, ""teasing"": 51, ""caught"": 2}","осалили 2 раза (в среднем через 24 с беготни), водящий в среднем в 13.8 блоках, дразнили воду 16% времени"
1790493970,chase,7,798,375367,89558,0.05,35.09,0.5362,0.7204,0.8441,0.7924,"{""distance_dm"": 368430, ""won"": 6, ""caught"": 7}","осалил 7 раз (35.1 за 10 мин вождения), поймали всех 6 раз, в среднем в 46.2 блоках от убегающего"
1790493970,flee,1,533,565173,125439,0.05,11.82,-0.1137,0.8365,1.0172,0.7953,"{""with_threat"": 526, ""distance_dm"": 62188, ""teasing"": 89, ""caught"": 7}","осалили 7 раз (в среднем через 11 с беготни), водящий в среднем в 11.8 блоках, дразнили воду 17% времени"
1790494000,chase,7,1358,376725,89757,0.05,0.0,-0.0441,0.7236,0.8643,0.7985,"{""distance_dm"": 731136}","осалил 0 раз (0.0 за 10 мин вождения), в среднем в 53.8 блоках от убегающего"
1790494000,flee,1,194,565367,125530,0.05,15.97,0.6487,0.8579,1.0325,0.8178,"{""with_threat"": 194, ""distance_dm"": 30973}","осалили 0 раз, водящий в среднем в 16.0 блоках, дразнили воду 0% времени"
1790494030,chase,1,670,377389,89883,0.05,5.97,0.1287,0.7438,0.8811,0.8111,"{""distance_dm"": 166171, ""won"": 6, ""caught"": 1}","осалил 1 раз (6.0 за 10 мин вождения), поймали всех 6 раз, в среднем в 24.8 блоках от убегающего"
1790494030,flee,7,707,566080,125674,0.05,14.32,0.476,0.8696,1.0289,0.8165,"{""with_threat"": 706, ""distance_dm"": 101125, ""teasing"": 17, ""caught"": 1}","осалили 1 раз (в среднем через 106 с беготни), водящий в среднем в 14.3 блоках, дразнили воду 2% времени"
1790494060,flee,7,771,566851,125795,0.05,11.06,0.0608,0.8972,1.0543,0.8508,"{""with_threat"": 764, ""distance_dm"": 84498, ""teasing"": 268, ""caught"": 7}","осалили 7 раз (в среднем через 17 с беготни), водящий в среднем в 11.1 блоках, дразнили воду 35% времени"
1790494060,chase,1,574,377962,90033,0.05,48.78,0.8032,0.8115,0.9586,0.8788,"{""distance_dm"": 70958, ""won"": 6, ""caught"": 7}","осалил 7 раз (48.8 за 10 мин вождения), поймали всех 6 раз, в среднем в 12.4 блоках от убегающего"
1790494090,flee,4,1019,567867,125956,0.05,12.15,0.3432,0.9349,1.0928,0.8746,"{""with_threat"": 1016, ""distance_dm"": 123481, ""teasing"": 149, ""caught"": 3}","осалили 3 раза (в среднем через 51 с беготни), водящий в среднем в 12.2 блоках, дразнили воду 15% времени"
1790494090,chase,4,498,378464,90235,0.05,24.1,0.2269,0.9458,1.0933,1.0432,"{""distance_dm"": 54126, ""caught"": 3}","осалил 3 раза (24.1 за 10 мин вождения), в среднем в 10.9 блоках от убегающего"
1790494120,chase,8,1085,379545,90540,0.05,14.75,0.244,0.8584,0.9893,0.9442,"{""distance_dm"": 171954, ""won"": 6, ""caught"": 4}","осалил 4 раза (14.7 за 10 мин вождения), поймали всех 6 раз, в среднем в 15.8 блоках от убегающего"
1790494120,flee,0,316,568179,126100,0.05,10.44,-0.1217,0.9066,1.0671,0.8581,"{""with_threat"": 312, ""distance_dm"": 32583, ""teasing"": 95, ""caught"": 4}","осалили 4 раза (в среднем через 12 с беготни), водящий в среднем в 10.4 блоках, дразнили воду 30% времени"
1790494151,chase,5,735,380285,90740,0.05,21.77,0.1531,0.8175,0.9277,0.899,"{""distance_dm"": 119217, ""caught"": 4}","осалил 4 раза (21.8 за 10 мин вождения), в среднем в 16.2 блоках от убегающего"
1790494151,flee,3,729,568911,126320,0.05,11.19,0.1668,0.865,1.0286,0.8532,"{""with_threat"": 725, ""distance_dm"": 81156, ""caught"": 4, ""teasing"": 71}","осалили 4 раза (в среднем через 27 с беготни), водящий в среднем в 11.2 блоках, дразнили воду 10% времени"
1790494181,chase,1,1075,381355,91013,0.05,11.16,0.2389,0.807,0.9202,0.8878,"{""distance_dm"": 280086, ""caught"": 3, ""won"": 6}","осалил 3 раза (11.2 за 10 мин вождения), поймали всех 6 раз, в среднем в 26.1 блоках от убегающего"
1790494181,flee,7,290,569205,126458,0.05,11.42,-0.0438,0.8235,0.9862,0.8296,"{""with_threat"": 287, ""distance_dm"": 32766, ""teasing"": 39, ""caught"": 3}","осалили 3 раза (в среднем через 14 с беготни), водящий в среднем в 11.4 блоках, дразнили воду 14% времени"
1790494211,flee,7,1351,570556,126826,0.05,14.77,0.5405,0.7912,0.9498,0.7957,"{""with_threat"": 1351, ""distance_dm"": 199540, ""teasing"": 17}","осалили 0 раз, водящий в среднем в 14.8 блоках, дразнили воду 1% времени"
1790494211,chase,1,188,381544,91101,0.05,0.0,-0.132,0.8156,0.9346,0.884,"{""distance_dm"": 20712}","осалил 0 раз (0.0 за 10 мин вождения), в среднем в 11.0 блоках от убегающего"
1790494241,flee,5,1180,571734,127128,0.05,15.02,0.4474,0.7555,0.9121,0.7659,"{""with_threat"": 1178, ""distance_dm"": 176909, ""teasing"": 29, ""caught"": 2}","осалили 2 раза (в среднем через 88 с беготни), водящий в среднем в 15.0 блоках, дразнили воду 2% времени"
1790494241,chase,3,345,381891,91252,0.05,23.19,0.2178,0.7948,0.8871,0.8517,"{""distance_dm"": 51583, ""caught"": 2}","осалил 2 раза (23.2 за 10 мин вождения), в среднем в 15.0 блоках от убегающего"
1790494271,chase,5,721,382614,91509,0.05,11.1,0.0817,0.7726,0.8802,0.8401,"{""distance_dm"": 112162, ""caught"": 2}","осалил 2 раза (11.1 за 10 мин вождения), в среднем в 15.6 блоках от убегающего"
1790494271,flee,3,805,572537,127321,0.05,13.02,0.2412,0.7299,0.885,0.7348,"{""with_threat"": 802, ""distance_dm"": 104448, ""teasing"": 77, ""caught"": 2, ""stood_still"": 1, ""deaths"": 1}","осалили 2 раза (в среднем через 60 с беготни), застаивались 1 раз, водящий в среднем в 13.0 блоках, дразнили воду 10% времени; умирал 1 раз"
1790494301,chase,1,728,383338,91750,0.05,16.48,0.278,0.7772,0.8741,0.8369,"{""distance_dm"": 138323, ""caught"": 3, ""won"": 6}","осалил 3 раза (16.5 за 10 мин вождения), поймали всех 6 раз, в среднем в 19.0 блоках от убегающего"
1790494301,flee,7,639,573180,127582,0.05,12.52,0.2298,0.7379,0.8894,0.7397,"{""with_threat"": 636, ""distance_dm"": 79608, ""teasing"": 86, ""caught"": 3}","осалили 3 раза (в среднем через 32 с беготни), водящий в среднем в 12.5 блоках, дразнили воду 14% времени"
1790494331,flee,7,1358,574538,128065,0.05,15.72,0.5317,0.725,0.8596,0.7245,"{""with_threat"": 1358, ""distance_dm"": 213466}","осалили 0 раз, водящий в среднем в 15.7 блоках, дразнили воду 0% времени"
1790494331,chase,1,194,383532,91847,0.05,0.0,-0.1032,0.7561,0.852,0.8162,"{""distance_dm"": 29747}","осалил 0 раз (0.0 за 10 мин вождения), в среднем в 15.3 блоках от убегающего"
1790494361,flee,6,1221,575758,128487,0.05,15.69,0.424,0.6851,0.8267,0.6963,"{""with_threat"": 1219, ""distance_dm"": 191282, ""teasing"": 16, ""caught"": 1, ""stood_still"": 1, ""deaths"": 1}","осалили 1 раз (в среднем через 183 с беготни), застаивались 1 раз, водящий в среднем в 15.7 блоках, дразнили воду 1% времени; умирал 1 раз"
1790494361,chase,2,315,383848,92005,0.05,12.7,0.0136,0.7698,0.8655,0.8303,"{""distance_dm"": 80354, ""caught"": 1}","осалил 1 раз (12.7 за 10 мин вождения), в среднем в 25.5 блоках от убегающего"
1790494391,flee,6,1164,576922,128878,0.05,15.38,0.5605,0.6479,0.7663,0.6572,"{""with_threat"": 1164, ""distance_dm"": 179055, ""teasing"": 13}","осалили 0 раз, водящий в среднем в 15.4 блоках, дразнили воду 1% времени"
1790494391,chase,2,388,384236,92198,0.05,0.0,-0.2291,0.9157,1.0438,0.9883,"{""distance_dm"": 75717}","осалил 0 раз (0.0 за 10 мин вождения), в среднем в 19.5 блоках от убегающего"
1790494421,flee,5,1108,578029,129247,0.05,15.78,0.4804,0.6057,0.7167,0.6149,"{""with_threat"": 1106, ""distance_dm"": 174553, ""teasing"": 5, ""caught"": 1, ""stood_still"": 1, ""deaths"": 1}","осалили 1 раз (в среднем через 166 с беготни), застаивались 1 раз, водящий в среднем в 15.8 блоках, дразнили воду 0% времени; умирал 1 раз"
1790494421,chase,3,428,384665,92412,0.05,9.35,-0.0473,0.8362,0.9598,0.9189,"{""distance_dm"": 110547, ""caught"": 1}","осалил 1 раз (9.3 за 10 мин вождения), в среднем в 25.8 блоках от убегающего"
1790494451,flee,2,690,578716,129466,0.05,13.76,0.122,0.6081,0.7214,0.6208,"{""with_threat"": 686, ""distance_dm"": 94400, ""teasing"": 56, ""caught"": 3, ""stood_still"": 1, ""deaths"": 1}","осалили 3 раза (в среднем через 34 с беготни), застаивались 1 раз, водящий в среднем в 13.8 блоках, дразнили воду 8% времени; умирал 1 раз"
1790494451,chase,6,828,385496,92774,0.05,14.49,0.1867,0.7771,0.8871,0.8594,"{""distance_dm"": 123403, ""caught"": 3}","осалил 3 раза (14.5 за 10 мин вождения), в среднем в 14.9 блоках от убегающего"
1790494482,chase,2,753,386245,93058,0.05,15.94,0.323,0.7457,0.8459,0.8292,"{""distance_dm"": 81829, ""won"": 6, ""caught"": 3}","осалил 3 раза (15.9 за 10 мин вождения), поймали всех 6 раз, в среднем в 10.9 блоках от убегающего"
1790494482,flee,6,613,579333,129720,0.05,9.35,0.2855,0.6085,0.7182,0.6148,"{""with_threat"": 610, ""distance_dm"": 57028, ""teasing"": 204, ""caught"": 3}","осалили 3 раза (в среднем через 31 с беготни), водящий в среднем в 9.3 блоках, дразнили воду 33% времени"
1790494512,chase,7,1105,387355,93484,0.05,18.1,0.2051,0.7368,0.8378,0.8214,"{""distance_dm"": 288461, ""caught"": 5}","осалил 5 раз (18.1 за 10 мин вождения), в среднем в 26.1 блоках от убегающего"
1790494512,flee,1,399,579727,129878,0.05,10.76,-0.1456,0.6255,0.7541,0.6431,"{""with_threat"": 394, ""distance_dm"": 42392, ""teasing"": 70, ""caught"": 5}","осалили 5 раз (в среднем через 12 с беготни), водящий в среднем в 10.8 блоках, дразнили воду 18% времени"
1790494542,chase,1,573,387922,93702,0.05,6.98,0.1451,0.7249,0.8097,0.8107,"{""distance_dm"": 103380, ""caught"": 1, ""won"": 6}","осалил 1 раз (7.0 за 10 мин вождения), поймали всех 6 раз, в среднем в 18.0 блоках от убегающего"
1790494542,flee,7,810,580543,130191,0.05,13.92,0.4417,0.6424,0.7696,0.6629,"{""with_threat"": 809, ""distance_dm"": 112587, ""teasing"": 48, ""caught"": 1}","осалили 1 раз (в среднем через 122 с беготни), водящий в среднем в 13.9 блоках, дразнили воду 6% времени"
1790494572,chase,3,299,388223,93851,0.05,26.76,0.2768,0.7179,0.8054,0.7972,"{""distance_dm"": 35507, ""caught"": 2}","осалил 2 раза (26.8 за 10 мин вождения), в среднем в 11.9 блоках от убегающего"
1790494572,flee,5,1233,581774,130627,0.05,14.81,0.4943,0.6219,0.7435,0.6416,"{""with_threat"": 1231, ""distance_dm"": 182256, ""teasing"": 41, ""caught"": 2}","осалили 2 раза (в среднем через 92 с беготни), водящий в среднем в 14.8 блоках, дразнили воду 3% времени"
1790494602,chase,5,785,389010,94125,0.05,10.19,0.0677,0.7938,0.8809,0.8691,"{""distance_dm"": 136407, ""caught"": 2}","осалил 2 раза (10.2 за 10 мин вождения), в среднем в 17.4 блоках от убегающего"
1790494602,flee,3,724,582496,130845,0.05,14.65,0.2671,0.5992,0.7152,0.6237,"{""with_threat"": 721, ""distance_dm"": 105624, ""teasing"": 28, ""caught"": 2, ""stood_still"": 1, ""deaths"": 1}","осалили 2 раза (в среднем через 54 с беготни), застаивались 1 раз, водящий в среднем в 14.6 блоках, дразнили воду 4% времени; умирал 1 раз"
1790494632,chase,6,1107,390118,94372,0.05,3.61,0.0113,0.8445,0.935,0.905,"{""distance_dm"": 267794, ""caught"": 1}","осалил 1 раз (3.6 за 10 мин вождения), в среднем в 24.2 блоках от убегающего"
1790494632,flee,2,428,582923,131035,0.05,14.84,0.2311,0.6042,0.7146,0.6389,"{""with_threat"": 426, ""distance_dm"": 63198, ""teasing"": 14, ""caught"": 1, ""stood_still"": 1, ""deaths"": 1}","осалили 1 раз (в среднем через 64 с беготни), застаивались 1 раз, водящий в среднем в 14.8 блоках, дразнили воду 3% времени; умирал 1 раз"
1790494864,flee,2,719,527412,121471,0.05,14.26,0.0982,1.5746,1.913,1.6445,"{""with_threat"": 700, ""distance_dm"": 99811, ""teasing"": 84, ""caught"": 5}","осалили 5 раз (в среднем через 22 с беготни), водящий в среднем в 14.3 блоках, дразнили воду 12% времени"
1790494864,chase,6,544,350429,83252,0.05,36.76,0.3289,3.6562,4.9301,3.3951,"{""distance_dm"": 186226, ""caught"": 5}","осалил 5 раз (36.8 за 10 мин вождения), в среднем в 34.2 блоках от убегающего"
1790494894,chase,2,635,351061,83414,0.05,18.9,0.4051,1.3843,1.8045,1.5701,"{""distance_dm"": 160748, ""won"": 6, ""caught"": 3}","осалил 3 раза (18.9 за 10 мин вождения), поймали всех 6 раз, в среднем в 25.3 блоках от убегающего"
1790494894,flee,6,708,528124,121687,0.05,14.41,0.2562,1.185,1.1832,1.0183,"{""with_threat"": 705, ""distance_dm"": 101588, ""teasing"": 39, ""caught"": 3}","осалили 3 раза (в среднем через 35 с беготни), водящий в среднем в 14.4 блоках, дразнили воду 6% времени"
1790494924,flee,3,801,528922,121878,0.05,15.14,0.2609,0.9308,0.9618,0.7926,"{""with_threat"": 798, ""distance_dm"": 120795, ""caught"": 3, ""teasing"": 35}","осалили 3 раза (в среднем через 40 с беготни), водящий в среднем в 15.1 блоках, дразнили воду 4% времени"
1790494924,chase,5,724,351787,83627,0.05,16.57,0.1326,1.0574,1.3556,1.2441,"{""distance_dm"": 208188, ""caught"": 3}","осалил 3 раза (16.6 за 10 мин вождения), в среднем в 28.8 блоках от убегающего"
1790494954,chase,2,690,352475,83820,0.05,23.19,0.6465,0.8825,1.1571,1.0318,"{""distance_dm"": 225544, ""won"": 6, ""caught"": 4}","осалил 4 раза (23.2 за 10 мин вождения), поймали всех 6 раз, в среднем в 32.7 блоках от убегающего"
1790494954,flee,6,656,529581,122054,0.05,14.57,0.1203,1.1375,1.1752,0.9969,"{""with_threat"": 652, ""distance_dm"": 95004, ""teasing"": 35, ""caught"": 4}","осалили 4 раза (в среднем через 25 с беготни), водящий в среднем в 14.6 блоках, дразнили воду 5% времени"
1790494984,flee,7,764,530346,122251,0.05,12.78,0.0294,1.1144,1.1953,0.86,"{""with_threat"": 758, ""distance_dm"": 96901, ""teasing"": 73, ""caught"": 6}","осалили 6 раз (в среднем через 19 с беготни), водящий в среднем в 12.8 блоках, дразнили воду 10% времени"
1790494984,chase,1,558,353032,83997,0.05,43.01,0.773,0.9521,1.2087,1.0877,"{""distance_dm"": 110976, ""caught"": 6, ""won"": 6}","осалил 6 раз (43.0 за 10 мин вождения), поймали всех 6 раз, в среднем в 19.9 блоках от убегающего"
1790495014,flee,7,489,530835,122409,0.05,10.79,-0.3068,1.3414,1.3789,1.0812,"{""with_threat"": 482, ""distance_dm"": 52018, ""caught"": 7, ""teasing"": 113}","осалили 7 раз (в среднем через 10 с беготни), водящий в среднем в 10.8 блоках, дразнили воду 23% времени"
1790495014,chase,1,837,353869,84208,0.05,33.45,0.6561,1.6259,1.9294,1.7077,"{""distance_dm"": 206817, ""won"": 6, ""caught"": 7}","осалил 7 раз (33.5 за 10 мин вождения), поймали всех 6 раз, в среднем в 24.7 блоках от убегающего"
1790495044,flee,7,1351,532186,122704,0.05,14.46,0.4532,1.0667,1.105,0.8988,"{""with_threat"": 1351, ""distance_dm"": 195304, ""teasing"": 3}","осалили 0 раз, водящий в среднем в 14.5 блоках, дразнили воду 0% времени"
1790495044,chase,1,193,354062,84299,0.05,0.0,-1.0195,1.2024,1.4518,1.2996,"{""distance_dm"": 16241}","осалил 0 раз (0.0 за 10 мин вождения), в среднем в 8.4 блоках от убегающего"
1790495074,flee,4,1239,533422,122974,0.05,14.49,0.195,0.9329,0.97,0.8152,"{""with_threat"": 1185, ""distance_dm"": 171670, ""stood_still"": 2, ""deaths"": 2, ""teasing"": 26, ""caught"": 3}","осалили 3 раза (в среднем через 62 с беготни), застаивались 2 раза, водящий в среднем в 14.5 блоках, дразнили воду 2% времени; умирал 2 раза"
1790495074,chase,4,264,354329,84410,0.05,45.45,-0.3334,1.0599,1.2378,1.1482,"{""distance_dm"": 27780, ""stood_still"": 1, ""deaths"": 1, ""caught"": 3}","осалил 3 раза (45.5 за 10 мин вождения), застаивался 1 раз, в среднем в 10.5 блоках от убегающего; умирал 1 раз"
1790495104,chase,6,1123,355454,84617,0.05,7.12,-0.1979,1.0881,1.2162,1.068,"{""distance_dm"": 307589, ""caught"": 2}","осалил 2 раза (7.1 за 10 мин вождения), в среднем в 27.4 блоках от убегающего"
1790495104,flee,2,402,533822,123162,0.05,14.87,0.2797,1.0546,1.1189,0.9619,"{""with_threat"": 400, ""distance_dm"": 59488, ""teasing"": 7, ""caught"": 2}","осалили 2 раза (в среднем через 30 с беготни), водящий в среднем в 14.9 блоках, дразнили воду 2% времени"
1790495134,chase,7,1161,356616,84832,0.05,3.45,-0.2902,0.9894,1.1623,0.985,"{""distance_dm"": 239081, ""caught"": 1}","осалил 1 раз (3.4 за 10 мин вождения), в среднем в 20.6 блоках от убегающего"
1790495134,flee,1,373,534194,123342,0.05,13.78,0.3413,0.9217,1.0018,0.8616,"{""with_threat"": 372, ""distance_dm"": 51263, ""teasing"": 18, ""caught"": 1}","осалили 1 раз (в среднем через 56 с беготни), водящий в среднем в 13.8 блоках, дразнили воду 5% времени"
1790495165,chase,2,469,357080,85000,0.05,25.59,0.7015,1.0407,1.165,1.0333,"{""distance_dm"": 73042, ""won"": 7, ""caught"": 3}","осалил 3 раза (25.6 за 10 мин вождения), поймали всех 7 раз, в среднем в 15.6 блоках от убегающего"
1790495165,flee,6,896,535095,123533,0.05,14.36,0.3536,1.0153,1.1036,0.9748,"{""with_threat"": 894, ""distance_dm"": 128374, ""teasing"": 58, ""caught"": 2}","осалили 2 раза (в среднем через 67 с беготни), водящий в среднем в 14.4 блоках, дразнили воду 6% времени"
1790495195,flee,3,921,536013,123722,0.05,14.81,0.3372,0.9532,1.0317,0.8994,"{""with_threat"": 918, ""distance_dm"": 135999, ""teasing"": 30, ""caught"": 3}","осалили 3 раза (в среднем через 46 с беготни), водящий в среднем в 14.8 блоках, дразнили воду 3% времени"
1790495195,chase,5,593,357676,85204,0.05,13.49,-0.0708,0.9762,1.1223,0.981,"{""distance_dm"": 150311, ""caught"": 2}","осалил 2 раза (13.5 за 10 мин вождения), в среднем в 25.3 блоках от убегающего"
1790495225,flee,6,861,536877,123918,0.05,14.71,0.2543,0.9941,1.1087,0.9413,"{""with_threat"": 857, ""distance_dm"": 126060, ""teasing"": 67, ""caught"": 4}","осалили 4 раза (в среднем через 32 с беготни), водящий в среднем в 14.7 блоках, дразнили воду 8% времени"
1790495225,chase,2,493,358166,85364,0.05,32.45,0.194,0.9956,1.142,0.9613,"{""won"": 6, ""distance_dm"": 140427, ""caught"": 4}","осалил 4 раза (32.5 за 10 мин вождения), поймали всех 6 раз, в среднем в 28.5 блоках от убегающего"
1790495255,chase,2,386,358552,85556,0.05,0.0,-1.0073,0.8904,0.9763,0.8469,"{""distance_dm"": 184496}","осалил 0 раз (0.0 за 10 мин вождения), в среднем в 47.8 блоках от убегающего"
1790495255,flee,6,1158,538035,124087,0.05,16.0,0.4764,1.1625,1.2698,1.041,"{""with_threat"": 1158, ""distance_dm"": 185280}","осалили 0 раз, водящий в среднем в 16.0 блоках, дразнили воду 0% времени"
1790495285,chase,6,554,359110,85753,0.05,28.88,-0.0335,0.8833,0.9414,0.8499,"{""distance_dm"": 103921, ""stood_still"": 2, ""deaths"": 2, ""caught"": 4}","осалил 4 раза (28.9 за 10 мин вождения), застаивался 2 раза, в среднем в 18.8 блоках от убегающего; умирал 2 раза"
1790495285,flee,2,944,538975,124282,0.05,14.39,0.2513,1.1509,1.2204,0.9936,"{""with_threat"": 939, ""distance_dm"": 135113, ""teasing"": 50, ""caught"": 4}","осалили 4 раза (в среднем через 35 с беготни), водящий в среднем в 14.4 блоках, дразнили воду 5% времени"
1790495315,chase,1,568,359673,85891,0.05,21.13,0.1841,0.9693,1.0474,0.9181,"{""distance_dm"": 97477, ""caught"": 3, ""won"": 6}","осалил 3 раза (21.1 за 10 мин вождения), поймали всех 6 раз, в среднем в 17.2 блоках от убегающего"
1790495315,flee,7,778,539758,124507,0.05,14.39,0.3618,1.0407,1.119,0.8721,"{""with_threat"": 776, ""distance_dm"": 111699, ""teasing"": 82, ""caught"": 2}","осалили 2 раза (в среднем через 58 с беготни), водящий в среднем в 14.4 блоках, дразнили воду 11% времени"
1790495345,flee,3,1192,540946,124763,0.05,15.4,0.326,0.911,1.0002,0.7597,"{""with_threat"": 1188, ""distance_dm"": 182995, ""teasing"": 29, ""caught"": 4}","осалили 4 раза (в среднем через 45 с беготни), водящий в среднем в 15.4 блоках, дразнили воду 2% времени"
1790495345,chase,5,320,359997,86022,0.05,25.0,0.2511,1.1436,1.2493,1.0791,"{""distance_dm"": 56934, ""caught"": 2}","осалил 2 раза (25.0 за 10 мин вождения), в среднем в 17.8 блоках от убегающего"
1790495375,chase,3,333,360327,86134,0.05,36.04,0.6186,1.7526,1.9278,1.6877,"{""distance_dm"": 64575, ""won"": 7, ""caught"": 3}","осалил 3 раза (36.0 за 10 мин вождения), поймали всех 7 раз, в среднем в 19.4 блоках от убегающего"
1790495375,flee,5,1027,541975,125026,0.05,13.19,0.2025,0.9459,0.998,0.7694,"{""with_threat"": 1022, ""distance_dm"": 134811, ""teasing"": 49, ""caught"": 5}","осалили 5 раз (в среднем через 31 с беготни), водящий в среднем в 13.2 блоках, дразнили воду 5% времени"
1790495405,chase,8,1020,361345,86366,0.05,7.84,0.3227,1.4455,1.6224,1.3999,"{""distance_dm"": 320527, ""caught"": 2, ""won"": 6}","осалил 2 раза (7.8 за 10 мин вождения), поймали всех 6 раз, в среднем в 31.4 блоках от убегающего"
1790495405,flee,0,365,542335,125167,0.05,14.12,-0.2472,0.8913,0.9325,0.7128,"{""with_threat"": 360, ""distance_dm"": 50844, ""caught"": 5, ""teasing"": 24}","осалили 5 раз (в среднем через 11 с беготни), водящий в среднем в 14.1 блоках, дразнили воду 7% времени"
1790495435,chase,1,177,361523,86448,0.05,0.0,-0.6438,1.3058,1.4738,1.2704,"{""distance_dm"": 35750}","осалил 0 раз (0.0 за 10 мин вождения), в среднем в 20.2 блоках от убегающего"
1790495435,flee,7,1309,543651,125438,0.05,15.99,0.4594,0.8466,0.8915,0.6896,"{""with_threat"": 1309, ""distance_dm"": 209330}","осалили 0 раз, водящий в среднем в 16.0 блоках, дразнили воду 0% времени"
1790495465,flee,5,1217,544866,125654,0.05,15.52,0.2921,0.7785,0.8201,0.6214,"{""with_threat"": 1214, ""distance_dm"": 188414, ""teasing"": 9, ""caught"": 2, ""stood_still"": 1, ""deaths"": 1}","осалили 2 раза (в среднем через 91 с беготни), застаивались 1 раз, водящий в среднем в 15.5 блоках, дразнили воду 1% времени; умирал 1 раз"
1790495465,chase,3,303,361828,86572,0.05,26.4,-0.216,1.2184,1.3615,1.1878,"{""distance_dm"": 47236, ""caught"": 2}","осалил 2 раза (26.4 за 10 мин вождения), в среднем в 15.6 блоках от убегающего"
1790495495,flee,5,960,545826,125826,0.05,14.63,0.4746,0.7616,0.8076,0.6214,"{""with_threat"": 960, ""distance_dm"": 140413, ""teasing"": 20}","осалили 0 раз, водящий в среднем в 14.6 блоках, дразнили воду 2% времени"
1790495495,chase,3,576,362404,86788,0.05,0.0,-0.7086,1.1232,1.2415,1.1019,"{""distance_dm"": 92211}","осалил 0 раз (0.0 за 10 мин вождения), в среднем в 16.0 блоках от убегающего"
1790495525,flee,1,412,546234,125956,0.05,11.79,-0.0414,0.7833,0.8146,0.648,"{""with_threat"": 408, ""distance_dm"": 48117, ""teasing"": 91, ""caught"": 4}","осалили 4 раза (в среднем через 15 с беготни), водящий в среднем в 11.8 блоках, дразнили воду 22% времени"
1790495525,chase,7,792,363200,87027,0.05,20.2,-0.1091,1.0803,1.1728,1.0444,"{""distance_dm"": 135822, ""stood_still"": 1, ""deaths"": 1, ""caught"": 4}","осалил 4 раза (20.2 за 10 мин вождения), застаивался 1 раз, в среднем в 17.1 блоках от убегающего; умирал 1 раз"
1790495556,chase,7,1078,364278,87295,0.05,0.0,-0.181,1.1233,1.2027,1.042,"{""distance_dm"": 104631}","осалил 0 раз (0.0 за 10 мин вождения), в среднем в 9.7 блоках от убегающего"
1790495556,flee,1,154,546388,126032,0.05,6.93,0.5595,0.9812,0.9741,0.8416,"{""with_threat"": 154, ""distance_dm"": 10672, ""teasing"": 148}","осалили 0 раз, водящий в среднем в 6.9 блоках, дразнили воду 96% времени"
1790495586,chase,7,1099,365377,87569,0.05,0.0,-0.4632,1.0918,1.1791,1.0116,"{""distance_dm"": 90464, ""stood_still"": 1, ""deaths"": 1}","осалил 0 раз (0.0 за 10 мин вождения), застаивался 1 раз, в среднем в 8.2 блоках от убегающего; умирал 1 раз"
1790495586,flee,1,158,546546,126110,0.05,6.6,0.5467,1.0706,1.0806,0.9536,"{""with_threat"": 158, ""distance_dm"": 10428, ""teasing"": 157}","осалили 0 раз, водящий в среднем в 6.6 блоках, дразнили воду 99% времени"
1790495616,chase,1,923,366294,87802,0.05,4.33,0.0611,1.1058,1.1717,1.0262,"{""distance_dm"": 81843, ""won"": 6, ""caught"": 1}","осалил 1 раз (4.3 за 10 мин вождения), поймали всех 6 раз, в среднем в 8.9 блоках от убегающего"
1790495616,flee,7,236,546788,126209,0.05,6.99,0.3242,0.9501,0.9797,0.8624,"{""with_threat"": 235, ""distance_dm"": 16434, ""teasing"": 177, ""caught"": 1}","осалили 1 раз (в среднем через 35 с беготни), водящий в среднем в 7.0 блоках, дразнили воду 75% времени"
1790495646,flee,1,465,547247,126351,0.05,11.29,-0.1416,0.9747,0.9987,0.9142,"{""with_threat"": 459, ""distance_dm"": 51803, ""teasing"": 126, ""caught"": 6}","осалили 6 раз (в среднем через 12 с беготни), водящий в среднем в 11.3 блоках, дразнили воду 27% времени"
1790495646,chase,7,1010,367310,88039,0.05,23.76,0.3196,1.2425,1.3313,1.1747,"{""distance_dm"": 359815, ""caught"": 6}","осалил 6 раз (23.8 за 10 мин вождения), в среднем в 35.6 блоках от убегающего"
1790495676,chase,2,280,367585,88147,0.05,28.57,0.7187,1.6259,1.8378,1.6212,"{""distance_dm"": 51519, ""won"": 6, ""caught"": 2}","осалил 2 раза (28.6 за 10 мин вождения), поймали всех 6 раз, в среднем в 18.4 блоках от убегающего"
1790495676,flee,6,1086,548338,126660,0.05,15.09,0.4054,0.902,0.9143,0.8346,"{""with_threat"": 1084, ""distance_dm"": 163567, ""teasing"": 62, ""caught"": 2}","осалили 2 раза (в среднем через 81 с беготни), водящий в среднем в 15.1 блоках, дразнили воду 6% времени"
1790495706,flee,6,1164,549502,126965,0.05,15.67,0.4912,0.7923,0.8037,0.7386,"{""with_threat"": 1164, ""distance_dm"": 182365, ""teasing"": 28}","осалили 0 раз, водящий в среднем в 15.7 блоках, дразнили воду 2% времени"
1790495706,chase,2,388,367973,88341,0.05,0.0,-0.5894,1.4076,1.5933,1.424,"{""distance_dm"": 81254}","осалил 0 раз (0.0 за 10 мин вождения), в среднем в 20.9 блоках от убегающего"
1790495736,flee,2,909,550407,127161,0.05,15.02,0.1523,0.7149,0.7406,0.6644,"{""with_threat"": 904, ""distance_dm"": 135814, ""teasing"": 56, ""caught"": 4, ""stood_still"": 1, ""deaths"": 1}","осалили 4 раза (в среднем через 34 с беготни), застаивались 1 раз, водящий в среднем в 15.0 блоках, дразнили воду 6% времени; умирал 1 раз"
1790495736,chase,6,565,368542,88572,0.05,28.32,0.0441,1.2664,1.3983,1.2564,"{""distance_dm"": 170662, ""caught"": 4}","осалил 4 раза (28.3 за 10 мин вождения), в среднем в 30.2 блоках от убегающего"
1790495766,flee,2,338,550745,127314,0.05,12.1,0.5215,0.7592,0.7807,0.7123,"{""with_threat"": 338, ""distance_dm"": 40891, ""teasing"": 83}","осалили 0 раз, водящий в среднем в 12.1 блоках, дразнили воду 25% времени"
1790495766,chase,6,1014,369556,88784,0.05,0.0,-0.146,1.2012,1.3053,1.1913,"{""distance_dm"": 333330}","осалил 0 раз (0.0 за 10 мин вождения), в среднем в 32.9 блоках от убегающего"
1790495796,flee,6,758,551507,127510,0.05,13.51,0.3033,0.7863,0.805,0.7277,"{""with_threat"": 755, ""distance_dm"": 102036, ""teasing"": 97, ""caught"": 3}","осалили 3 раза (в среднем через 38 с беготни), водящий в среднем в 13.5 блоках, дразнили воду 13% времени"
1790495796,chase,2,601,370153,88947,0.05,19.97,0.2686,1.2301,1.347,1.2301,"{""distance_dm"": 129793, ""won"": 6, ""caught"": 3}","осалил 3 раза (20.0 за 10 мин вождения), поймали всех 6 раз, в среднем в 21.6 блоках от убегающего"
1790495826,flee,2,813,552316,127715,0.05,14.71,0.2283,0.7934,0.8288,0.7354,"{""with_threat"": 809, ""distance_dm"": 119039, ""teasing"": 45, ""caught"": 4}","осалили 4 раза (в среднем через 30 с беготни), водящий в среднем в 14.7 блоках, дразнили воду 6% времени"
1790495826,chase,6,686,370843,89168,0.05,23.32,0.1878,1.1898,1.2958,1.1758,"{""distance_dm"": 248696, ""caught"": 4}","осалил 4 раза (23.3 за 10 мин вождения), в среднем в 36.3 блоках от убегающего"
1790495856,chase,1,692,371530,89333,0.05,11.56,0.1296,1.2019,1.3123,1.1991,"{""distance_dm"": 241912, ""won"": 6, ""caught"": 2}","осалил 2 раза (11.6 за 10 мин вождения), поймали всех 6 раз, в среднем в 35.0 блоках от убегающего"
1790495856,flee,7,682,553003,127935,0.05,15.05,0.3608,0.7889,0.8155,0.752,"{""with_threat"": 680, ""distance_dm"": 102362, ""teasing"": 36, ""caught"": 2}","осалили 2 раза (в среднем через 51 с беготни), водящий в среднем в 15.1 блоках, дразнили воду 5% времени"
1790495886,flee,7,1351,554354,128268,0.05,15.98,0.5101,0.921,0.9416,0.8607,"{""with_threat"": 1351, ""distance_dm"": 215915}","осалили 0 раз, водящий в среднем в 16.0 блоках, дразнили воду 0% времени"
1790495886,chase,1,193,371723,89429,0.05,0.0,-0.8148,1.1899,1.3009,1.1964,"{""distance_dm"": 80772}","осалил 0 раз (0.0 за 10 мин вождения), в среднем в 41.9 блоках от убегающего"
1790495916,flee,3,930,555280,128513,0.05,14.5,0.3182,0.8045,0.8164,0.753,"{""with_threat"": 926, ""distance_dm"": 134258, ""teasing"": 82, ""caught"": 4}","осалили 4 раза (в среднем через 35 с беготни), водящий в среднем в 14.5 блоках, дразнили воду 9% времени"
1790495916,chase,5,574,372301,89621,0.05,27.87,0.3235,1.1553,1.2397,1.1497,"{""distance_dm"": 126746, ""caught"": 4}","осалил 4 раза (27.9 за 10 мин вождения), в среднем в 22.1 блоках от убегающего"
1790495946,flee,7,307,555591,128654,0.05,11.23,0.0022,0.7863,0.8124,0.7312,"{""with_threat"": 304, ""distance_dm"": 34144, ""teasing"": 54, ""caught"": 3}","осалили 3 раза (в среднем через 15 с беготни), водящий в среднем в 11.2 блоках, дразнили воду 18% времени"
1790495946,chase,1,1054,373350,89924,0.05,11.39,0.3401,1.1497,1.2543,1.1552,"{""distance_dm"": 255789, ""caught"": 3, ""won"": 6}","осалил 3 раза (11.4 за 10 мин вождения), поймали всех 6 раз, в среднем в 24.3 блоках от убегающего"
1790495976,flee,1,588,556173,128870,0.05,14.15,-0.0441,0.7629,0.7932,0.7159,"{""with_threat"": 582, ""distance_dm"": 82372, ""teasing"": 47, ""caught"": 6}","осалили 6 раз (в среднем через 15 с беготни), водящий в среднем в 14.2 блоках, дразнили воду 8% времени"
1790495976,chase,7,888,374245,90125,0.05,27.03,0.421,1.4984,1.6363,1.4946,"{""distance_dm"": 288155, ""caught"": 6}","осалил 6 раз (27.0 за 10 мин вождения), в среднем в 32.4 блоках от убегающего"
1790496006,chase,3,415,374656,90284,0.05,28.92,0.7196,1.5423,1.6845,1.5349,"{""distance_dm"": 96834, ""won"": 6, ""caught"": 3}","осалил 3 раза (28.9 за 10 мин вождения), поймали всех 6 раз, в среднем в 23.3 блоках от убегающего"
1790496006,flee,5,941,557118,129077,0.05,14.99,0.3101,0.7673,0.7899,0.7139,"{""with_threat"": 938, ""distance_dm"": 140607, ""teasing"": 14, ""caught"": 3}","осалили 3 раза (в среднем через 47 с беготни), водящий в среднем в 15.0 блоках, дразнили воду 1% времени"
1790496036,chase,7,772,375431,90547,0.05,20.73,0.2877,1.4037,1.5512,1.405,"{""distance_dm"": 127333, ""caught"": 4}","осалил 4 раза (20.7 за 10 мин вождения), в среднем в 16.5 блоках от убегающего"
1790496036,flee,1,737,557851,129266,0.05,13.12,0.2315,0.7811,0.8007,0.7162,"{""with_threat"": 733, ""distance_dm"": 96153, ""teasing"": 111, ""caught"": 4}","осалили 4 раза (в среднем через 28 с беготни), водящий в среднем в 13.1 блоках, дразнили воду 15% времени"
1790496067,chase,6,441,375871,90708,0.05,54.42,0.6391,1.3484,1.4858,1.3415,"{""distance_dm"": 84676, ""caught"": 6, ""won"": 6}","осалил 6 раз (54.4 за 10 мин вождения), поймали всех 6 раз, в среднем в 19.2 блоках от убегающего"
1790496067,flee,2,898,558750,129545,0.05,14.64,0.1418,0.7634,0.7792,0.7164,"{""with_threat"": 892, ""distance_dm"": 130567, ""teasing"": 38, ""caught"": 6}","осалили 6 раз (в среднем через 22 с беготни), водящий в среднем в 14.6 блоках, дразнили воду 4% времени"
1790496097,chase,1,938,376805,90961,0.05,8.53,0.0983,1.2763,1.3993,1.2678,"{""distance_dm"": 286855, ""caught"": 2, ""won"": 6}","осалил 2 раза (8.5 за 10 мин вождения), поймали всех 6 раз, в среднем в 30.6 блоках от убегающего"
1790496097,flee,7,434,559189,129752,0.05,14.94,0.2465,0.775,0.7962,0.7213,"{""with_threat"": 432, ""distance_dm"": 64548, ""teasing"": 13, ""caught"": 2}","осалили 2 раза (в среднем через 33 с беготни), водящий в среднем в 14.9 блоках, дразнили воду 3% времени"
1790496127,chase,1,337,377142,91102,0.05,83.09,1.1909,1.2545,1.3999,1.2427,"{""distance_dm"": 49846, ""caught"": 7, ""won"": 6}","осалил 7 раз (83.1 за 10 мин вождения), поймали всех 6 раз, в среднем в 14.8 блоках от убегающего"
1790496127,flee,7,1001,560190,130005,0.05,11.03,0.1762,0.7879,0.7875,0.7338,"{""with_threat"": 994, ""distance_dm"": 109650, ""teasing"": 338, ""caught"": 7}","осалили 7 раз (в среднем через 21 с беготни), водящий в среднем в 11.0 блоках, дразнили воду 34% времени"
1790496157,chase,1,194,377336,91200,0.05,0.0,-1.0555,1.2543,1.3623,1.2369,"{""distance_dm"": 11252}","осалил 0 раз (0.0 за 10 мин вождения), в среднем в 5.8 блоках от убегающего"
1790496157,flee,7,1358,561548,130362,0.05,9.77,0.6015,0.9312,0.9594,0.8916,"{""with_threat"": 1358, ""distance_dm"": 132662, ""teasing"": 786}","осалили 0 раз, водящий в среднем в 9.8 блоках, дразнили воду 58% времени"
1790496187,chase,1,187,377523,91294,0.05,0.0,-1.2591,1.2161,1.3443,1.1963,"{""distance_dm"": 11479, ""stood_still"": 1, ""deaths"": 1, ""goals"": 1}","осалил 0 раз (0.0 за 10 мин вождения), застаивался 1 раз, в среднем в 6.1 блоках от убегающего; умирал 1 раз"
1790496187,flee,7,1330,562878,130773,0.05,12.63,0.2227,0.874,0.902,0.8555,"{""with_threat"": 1284, ""distance_dm"": 162178, ""teasing"": 361, ""stood_still"": 4, ""deaths"": 4}","осалили 0 раз, застаивались 4 раза, водящий в среднем в 12.6 блоках, дразнили воду 28% времени; умирал 4 раза"
1790496217,chase,6,493,378020,91521,0.05,40.57,0.4439,1.2072,1.3175,1.1876,"{""distance_dm"": 91512, ""caught"": 5}","осалил 5 раз (40.6 за 10 мин вождения), в среднем в 18.6 блоках от убегающего"
1790496217,flee,2,1020,563893,131092,0.05,14.59,0.2754,0.8458,0.8853,0.8436,"{""with_threat"": 1015, ""distance_dm"": 148066, ""teasing"": 74, ""caught"": 5}","осалили 5 раз (в среднем через 31 с беготни), водящий в среднем в 14.6 блоках, дразнили воду 7% времени"
1790496247,chase,1,739,378755,91771,0.05,10.83,0.1182,1.1945,1.2922,1.1714,"{""distance_dm"": 200539, ""won"": 6, ""caught"": 2}","осалил 2 раза (10.8 за 10 мин вождения), поймали всех 6 раз, в среднем в 27.1 блоках от убегающего"
1790496247,flee,7,618,564516,131332,0.05,15.34,0.3495,0.8392,0.875,0.8286,"{""with_threat"": 616, ""distance_dm"": 94483, ""teasing"": 21, ""caught"": 2}","осалили 2 раза (в среднем через 46 с беготни), водящий в среднем в 15.3 блоках, дразнили воду 3% времени"
1790496277,flee,7,1351,565867,131714,0.05,16.0,0.5172,0.7859,0.8038,0.7627,"{""with_threat"": 1351, ""distance_dm"": 216160}","осалили 0 раз, водящий в среднем в 16.0 блоках, дразнили воду 0% времени"
1790496277,chase,1,193,378948,91867,0.05,0.0,-0.8628,1.178,1.2595,1.1449,"{""distance_dm"": 66116}","осалил 0 раз (0.0 за 10 мин вождения), в среднем в 34.3 блоках от убегающего"
1790496307,flee,5,1143,567008,132004,0.05,15.25,0.1954,0.7843,0.8053,0.7762,"{""with_threat"": 1090, ""distance_dm"": 166246, ""stood_still"": 2, ""deaths"": 2, ""caught"": 2, ""teasing"": 11}","осалили 2 раза (в среднем через 86 с беготни), застаивались 2 раза, водящий в среднем в 15.3 блоках, дразнили воду 1% времени; умирал 2 раза"
1790496307,chase,3,364,379314,92018,0.05,21.98,-0.5073,1.24,1.3329,1.218,"{""distance_dm"": 109328, ""stood_still"": 1, ""deaths"": 1, ""caught"": 2}","осалил 2 раза (22.0 за 10 мин вождения), застаивался 1 раз, в среднем в 30.0 блоках от убегающего; умирал 1 раз"
1790496338,chase,6,719,380036,92213,0.05,16.69,-0.1186,1.5048,1.6178,1.5174,"{""distance_dm"": 267139, ""caught"": 3}","осалил 3 раза (16.7 за 10 мин вождения), в среднем в 37.2 блоках от убегающего"
1790496338,flee,2,803,567808,132187,0.05,15.33,0.325,0.9078,0.9674,0.9195,"{""with_threat"": 800, ""distance_dm"": 122676, ""teasing"": 19, ""caught"": 3}","осалили 3 раза (в среднем через 40 с беготни), водящий в среднем в 15.3 блоках, дразнили воду 2% времени"
1790496368,chase,5,502,380537,92373,0.05,47.81,0.7983,1.4008,1.5084,1.4135,"{""distance_dm"": 96880, ""caught"": 6, ""won"": 6}","осалил 6 раз (47.8 за 10 мин вождения), поймали всех 6 раз, в среднем в 19.3 блоках от убегающего"
1790496368,flee,3,832,568641,132384,0.05,13.77,0.1251,0.8796,0.9286,0.8847,"{""with_threat"": 826, ""distance_dm"": 113701, ""teasing"": 109, ""caught"": 6}","осалили 6 раз (в среднем через 21 с беготни), водящий в среднем в 13.8 блоках, дразнили воду 13% времени"
1790496398,chase,1,937,381470,92626,0.05,12.81,0.0454,1.395,1.4827,1.3954,"{""distance_dm"": 448778, ""won"": 6, ""caught"": 3}","осалил 3 раза (12.8 за 10 мин вождения), поймали всех 6 раз, в среднем в 47.9 блоках от убегающего"
1790496398,flee,7,433,569078,132571,0.05,14.78,0.142,0.8599,0.9057,0.8632,"{""with_threat"": 430, ""distance_dm"": 63572, ""caught"": 3, ""teasing"": 13}","осалили 3 раза (в среднем через 22 с беготни), водящий в среднем в 14.8 блоках, дразнили воду 3% времени"
1790496428,flee,7,1358,570436,133006,0.05,15.21,0.4966,0.796,0.8459,0.8142,"{""with_threat"": 1358, ""distance_dm"": 206610}","осалили 0 раз, водящий в среднем в 15.2 блоках, дразнили воду 0% времени"
1790496428,chase,1,194,381664,92723,0.05,0.0,-1.3568,1.3006,1.42,1.3064,"{""distance_dm"": 20315}","осалил 0 раз (0.0 за 10 мин вождения), в среднем в 10.5 блоках от убегающего"
1790496458,flee,6,1336,571771,133442,0.05,14.82,0.3951,0.7627,0.7959,0.7797,"{""with_threat"": 1285, ""distance_dm"": 190438, ""teasing"": 41, ""caught"": 1, ""stood_still"": 1, ""deaths"": 1}","осалили 1 раз (в среднем через 200 с беготни), застаивались 1 раз, водящий в среднем в 14.8 блоках, дразнили воду 3% времени; умирал 1 раз"
1790496458,chase,2,193,381858,92818,0.05,20.73,-0.9507,1.2762,1.3779,1.2578,"{""distance_dm"": 25179, ""stood_still"": 1, ""deaths"": 1, ""caught"": 1}","осалил 1 раз (20.7 за 10 мин вождения), застаивался 1 раз, в среднем в 13.0 блоках от убегающего; умирал 1 раз"
1790496488,flee,1,608,572374,133610,0.05,14.61,0.0853,0.7518,0.7885,0.7775,"{""with_threat"": 603, ""distance_dm"": 88119, ""teasing"": 50, ""caught"": 5}","осалили 5 раз (в среднем через 18 с беготни), водящий в среднем в 14.6 блоках, дразнили воду 8% времени"
1790496488,chase,7,810,382673,93025,0.05,24.69,0.319,1.2523,1.3524,1.2487,"{""distance_dm"": 240410, ""caught"": 5}","осалил 5 раз (24.7 за 10 мин вождения), в среднем в 29.7 блоках от убегающего"
1790496518,chase,3,575,383244,93184,0.05,20.87,0.2852,1.2455,1.3445,1.2477,"{""distance_dm"": 162533, ""won"": 6, ""caught"": 3}","осалил 3 раза (20.9 за 10 мин вождения), поймали всех 6 раз, в среднем в 28.3 блоках от убегающего"
1790496518,flee,5,781,573159,133794,0.05,15.44,0.277,0.7617,0.8023,0.7797,"{""with_threat"": 778, ""distance_dm"": 120118, ""teasing"": 16, ""caught"": 3}","осалили 3 раза (в среднем через 39 с беготни), водящий в среднем в 15.4 блоках, дразнили воду 2% времени"
1790496548,flee,4,963,574121,133979,0.05,15.43,0.4422,0.7408,0.7823,0.7573,"{""with_threat"": 962, ""distance_dm"": 148440, ""teasing"": 12, ""caught"": 1}","осалили 1 раз (в среднем через 144 с беготни), водящий в среднем в 15.4 блоках, дразнили воду 1% времени"
1790496548,chase,4,582,383826,93421,0.05,6.87,0.1026,1.2395,1.3411,1.2531,"{""distance_dm"": 139749, ""caught"": 1}","осалил 1 раз (6.9 за 10 мин вождения), в среднем в 24.0 блоках от убегающего"
1790496578,flee,2,651,574770,134195,0.05,12.49,-0.1965,0.8728,0.885,0.8794,"{""with_threat"": 642, ""distance_dm"": 80197, ""caught"": 9, ""teasing"": 79}","осалили 9 раз (в среднем через 11 с беготни), водящий в среднем в 12.5 блоках, дразнили воду 12% времени"
1790496578,chase,6,622,384451,93627,0.05,57.88,0.6341,1.2491,1.3641,1.2612,"{""distance_dm"": 116813, ""won"": 6, ""caught"": 9}","осалил 9 раз (57.9 за 10 мин вождения), поймали всех 6 раз, в среднем в 18.8 блоках от убегающего"
1790496608,chase,7,1266,385718,93919,0.05,3.16,-0.2999,1.223,1.3346,1.2397,"{""distance_dm"": 386247, ""caught"": 1}","осалил 1 раз (3.2 за 10 мин вождения), в среднем в 30.5 блоках от убегающего"
1790496608,flee,1,252,575021,134320,0.05,13.11,0.2848,0.8701,0.882,0.8697,"{""with_threat"": 251, ""distance_dm"": 32897, ""teasing"": 22, ""caught"": 1}","осалили 1 раз (в среднем через 38 с беготни), водящий в среднем в 13.1 блоках, дразнили воду 9% времени"
1790496638,chase,4,538,386253,94063,0.05,29.74,0.0136,1.4288,1.5632,1.4521,"{""distance_dm"": 134706, ""won"": 6, ""caught"": 4}","осалил 4 раза (29.7 за 10 мин вождения), поймали всех 6 раз, в среднем в 25.0 блоках от убегающего"
1790496638,flee,4,818,575842,134487,0.05,14.75,0.2263,0.8553,0.8695,0.865,"{""with_threat"": 814, ""distance_dm"": 120086, ""teasing"": 29, ""caught"": 4}","осалили 4 раза (в среднем через 31 с беготни), водящий в среднем в 14.8 блоках, дразнили воду 4% времени"
1790496669,flee,4,741,576583,134582,0.05,16.0,0.4258,0.7877,0.7942,0.7827,"{""with_threat"": 740, ""distance_dm"": 118400, ""stood_still"": 1, ""deaths"": 1}","осалили 0 раз, застаивались 1 раз, водящий в среднем в 16.0 блоках, дразнили воду 0% времени; умирал 1 раз"
1790496669,chase,4,748,387001,94239,0.05,0.0,-0.8291,1.5053,1.6712,1.5382,"{""distance_dm"": 212367}","осалил 0 раз (0.0 за 10 мин вождения), в среднем в 28.4 блоках от убегающего"
1790496699,flee,3,291,576873,134613,0.05,15.32,0.3427,0.8364,0.7957,0.8281,"{""with_threat"": 290, ""distance_dm"": 44426, ""teasing"": 2, ""caught"": 1}","осалили 1 раз (в среднем через 44 с беготни), водящий в среднем в 15.3 блоках, дразнили воду 1% времени"
1790496699,chase,5,286,387288,94298,0.05,13.99,-0.5048,1.4263,1.6012,1.4475,"{""distance_dm"": 66303, ""stood_still"": 1, ""deaths"": 1, ""caught"": 1}","осалил 1 раз (14.0 за 10 мин вождения), застаивался 1 раз, в среднем в 23.2 блоках от убегающего; умирал 1 раз"
1790496729,flee,3,147,577020,134621,0.05,15.58,0.4897,0.8408,0.8649,0.7697,"{""with_threat"": 147, ""distance_dm"": 22899}","осалили 0 раз, водящий в среднем в 15.6 блоках, дразнили воду 0% времени"
1790496729,chase,5,245,387533,94330,0.05,0.0,-0.33,1.5068,1.6481,1.5119,"{""distance_dm"": 68785}","осалил 0 раз (0.0 за 10 мин вождения), в среднем в 28.1 блоках от убегающего"
1790496759,flee,6,589,577612,134779,0.05,13.49,0.1531,0.8442,0.8538,0.8463,"{""with_threat"": 585, ""distance_dm"": 78918, ""teasing"": 53, ""caught"": 4}","осалили 4 раза (в среднем через 22 с беготни), водящий в среднем в 13.5 блоках, дразнили воду 9% времени"
1790496759,chase,2,751,388281,94483,0.05,21.3,0.4553,1.451,1.622,1.4654,"{""distance_dm"": 225053, ""caught"": 4, ""won"": 6}","осалил 4 раза (21.3 за 10 мин вождения), поймали всех 6 раз, в среднем в 30.0 блоках от убегающего"
1790496789,flee,7,604,578217,134929,0.05,14.62,-0.0008,0.8348,0.8436,0.8488,"{""with_threat"": 598, ""distance_dm"": 87439, ""caught"": 6, ""teasing"": 27}","осалили 6 раз (в среднем через 15 с беготни), водящий в среднем в 14.6 блоках, дразнили воду 5% времени"
1790496789,chase,1,731,389011,94667,0.05,32.83,0.7084,1.3905,1.5671,1.4269,"{""distance_dm"": 220874, ""won"": 6, ""caught"": 6}","осалил 6 раз (32.8 за 10 мин вождения), поймали всех 6 раз, в среднем в 30.2 блоках от убегающего"
1790496819,flee,3,908,579121,135102,0.05,15.52,0.2616,0.8138,0.8321,0.8254,"{""with_threat"": 904, ""distance_dm"": 140276, ""teasing"": 17, ""caught"": 4}","осалили 4 раза (в среднем через 34 с беготни), водящий в среднем в 15.5 блоках, дразнили воду 2% времени"
1790496819,chase,5,581,389596,94834,0.05,27.54,0.6557,1.4073,1.5815,1.4221,"{""distance_dm"": 188897, ""caught"": 4}","осалил 4 раза (27.5 за 10 мин вождения), в среднем в 32.5 блоках от убегающего"
1790496849,chase,4,433,390027,94988,0.05,55.43,1.1212,1.4037,1.5845,1.4226,"{""distance_dm"": 102649, ""won"": 6, ""caught"": 6}","осалил 6 раз (55.4 за 10 мин вождения), поймали всех 6 раз, в среднем в 23.7 блоках от убегающего"
1790496849,flee,4,854,579976,135296,0.05,13.89,0.1566,0.801,0.8194,0.8188,"{""with_threat"": 848, ""distance_dm"": 117807, ""teasing"": 105, ""caught"": 6}","осалили 6 раз (в среднем через 21 с беготни), водящий в среднем в 13.9 блоках, дразнили воду 12% времени"
1790496879,chase,4,697,390724,95215,0.05,40.17,0.7512,1.3942,1.5594,1.417,"{""distance_dm"": 172378, ""caught"": 7, ""won"": 6}","осалил 7 раз (40.2 за 10 мин вождения), поймали всех 6 раз, в среднем в 24.7 блоках от убегающего"
1790496879,flee,4,632,580608,135506,0.05,12.9,-0.0405,0.8492,0.8621,0.8499,"{""with_threat"": 625, ""distance_dm"": 80631, ""teasing"": 106, ""caught"": 7}","осалили 7 раз (в среднем через 14 с беготни), водящий в среднем в 12.9 блоках, дразнили воду 17% времени"
1790496909,flee,3,726,581333,135698,0.05,14.37,0.4496,0.8396,0.8359,0.8428,"{""with_threat"": 725, ""distance_dm"": 104176, ""teasing"": 52, ""caught"": 1}","осалили 1 раз (в среднем через 109 с беготни), водящий в среднем в 14.4 блоках, дразнили воду 7% времени"
1790496909,chase,5,804,391530,95517,0.05,4.98,0.1488,1.347,1.5238,1.3722,"{""distance_dm"": 218370, ""caught"": 1}","осалил 1 раз (5.0 за 10 мин вождения), в среднем в 27.2 блоках от убегающего"
1790496940,flee,7,944,582281,136023,0.05,15.33,0.3168,0.8355,0.8365,0.8277,"{""with_threat"": 941, ""distance_dm"": 144220, ""teasing"": 22, ""caught"": 3}","осалили 3 раза (в среднем через 47 с беготни), водящий в среднем в 15.3 блоках, дразнили воду 2% времени"
1790496940,chase,1,429,391955,95660,0.05,27.97,0.5479,1.3441,1.5018,1.3786,"{""distance_dm"": 88102, ""caught"": 3, ""won"": 6}","осалил 3 раза (28.0 за 10 мин вождения), поймали всех 6 раз, в среднем в 20.5 блоках от убегающего"
1790496970,flee,3,891,583168,136258,0.05,15.0,0.3045,0.9153,0.9137,0.9081,"{""with_threat"": 887, ""distance_dm"": 133091, ""teasing"": 24, ""caught"": 4}","осалили 4 раза (в среднем через 33 с беготни), водящий в среднем в 15.0 блоках, дразнили воду 3% времени"
1790496970,chase,5,617,392576,95887,0.05,25.93,0.0403,1.3468,1.4968,1.375,"{""distance_dm"": 213049, ""caught"": 4}","осалил 4 раза (25.9 за 10 мин вождения), в среднем в 34.5 блоках от убегающего"
1790497000,chase,7,1268,393846,96233,0.05,6.31,-0.1893,1.5201,1.7147,1.5684,"{""distance_dm"": 497791, ""stood_still"": 1, ""deaths"": 1, ""caught"": 2}","осалил 2 раза (6.3 за 10 мин вождения), застаивался 1 раз, в среднем в 39.3 блоках от убегающего; умирал 1 раз"
1790497000,flee,1,250,583416,136378,0.05,15.12,0.0037,0.8798,0.8788,0.8677,"{""with_threat"": 248, ""distance_dm"": 37509, ""teasing"": 11, ""caught"": 2}","осалили 2 раза (в среднем через 19 с беготни), водящий в среднем в 15.1 блоках, дразнили воду 4% времени"
1790497030,chase,3,539,394381,96456,0.05,22.26,0.4474,1.4907,1.6879,1.555,"{""distance_dm"": 93075, ""won"": 6, ""caught"": 3}","осалил 3 раза (22.3 за 10 мин вождения), поймали всех 6 раз, в среднем в 17.3 блоках от убегающего"
1790497030,flee,5,828,584248,136625,0.05,14.35,0.3171,0.8515,0.8512,0.8514,"{""with_threat"": 825, ""distance_dm"": 118387, ""teasing"": 86, ""caught"": 3}","осалили 3 раза (в среднем через 41 с беготни), водящий в среднем в 14.3 блоках, дразнили воду 10% времени"
1790497060,flee,4,601,584848,136793,0.05,11.01,-0.2309,0.8412,0.84,0.8296,"{""with_threat"": 593, ""distance_dm"": 65303, ""caught"": 8, ""teasing"": 54}","осалили 8 раз (в среднем через 11 с беготни), водящий в среднем в 11.0 блоках, дразнили воду 9% времени"
1790497060,chase,4,730,395110,96620,0.05,43.84,0.752,1.4644,1.6637,1.5225,"{""won"": 6, ""distance_dm"": 128766, ""caught"": 8}","осалил 8 раз (43.8 за 10 мин вождения), поймали всех 6 раз, в среднем в 17.6 блоках от убегающего"
1790497090,chase,1,491,395600,96748,0.05,32.59,0.4129,1.5141,1.7095,1.5682,"{""distance_dm"": 77032, ""caught"": 4, ""won"": 6}","осалил 4 раза (32.6 за 10 мин вождения), поймали всех 6 раз, в среднем в 15.7 блоках от убегающего"
1790497090,flee,7,833,585684,136968,0.05,13.98,0.2439,0.8831,0.883,0.8924,"{""with_threat"": 829, ""distance_dm"": 115897, ""caught"": 4, ""teasing"": 33}","осалили 4 раза (в среднем через 31 с беготни), водящий в среднем в 14.0 блоках, дразнили воду 4% времени"
1790497120,flee,7,1337,587021,137208,0.05,14.6,0.4809,0.848,0.8531,0.8515,"{""with_threat"": 1337, ""distance_dm"": 195202}","осалили 0 раз, водящий в среднем в 14.6 блоках, дразнили воду 0% времени"
1790497120,chase,1,191,395791,96843,0.05,0.0,-0.7038,1.4555,1.6516,1.5043,"{""distance_dm"": 21201}","осалил 0 раз (0.0 за 10 мин вождения), в среднем в 11.1 блоках от убегающего"
1790497150,flee,4,1072,588090,137377,0.05,15.48,0.0592,0.8379,0.8339,0.8327,"{""with_threat"": 1066, ""distance_dm"": 165042, ""teasing"": 12, ""caught"": 3, ""stood_still"": 3, ""deaths"": 3}","осалили 3 раза (в среднем через 54 с беготни), застаивались 3 раза, водящий в среднем в 15.5 блоках, дразнили воду 1% времени; умирал 3 раза"
1790497150,chase,4,368,396162,96981,0.05,32.61,0.6738,1.4431,1.6497,1.5041,"{""distance_dm"": 100183, ""caught"": 3}","осалил 3 раза (32.6 за 10 мин вождения), в среднем в 27.2 блоках от убегающего"
1790497180,flee,1,402,588489,137496,0.05,13.56,0.1388,0.8468,0.8506,0.8584,"{""with_threat"": 399, ""distance_dm"": 54112, ""teasing"": 29, ""caught"": 3}","осалили 3 раза (в среднем через 20 с беготни), водящий в среднем в 13.6 блоках, дразнили воду 7% времени"
1790497180,chase,7,1028,397193,97188,0.05,11.67,-0.1121,1.422,1.5938,1.4753,"{""distance_dm"": 301913, ""caught"": 3}","осалил 3 раза (11.7 за 10 мин вождения), в среднем в 29.4 блоках от убегающего"
1790497210,flee,5,999,589492,137727,0.05,15.2,0.3671,0.8265,0.8287,0.8337,"{""with_threat"": 996, ""distance_dm"": 151405, ""teasing"": 26, ""caught"": 3}","осалили 3 раза (в среднем через 50 с беготни), водящий в среднем в 15.2 блоках, дразнили воду 3% времени"
1790497210,chase,3,364,397553,97344,0.05,32.97,0.1312,1.4217,1.5884,1.4695,"{""distance_dm"": 71783, ""won"": 6, ""caught"": 3}","осалил 3 раза (33.0 за 10 мин вождения), поймали всех 6 раз, в среднем в 19.7 блоках от убегающего"
1790497240,flee,3,835,590325,137917,0.05,14.71,0.2305,0.8283,0.8284,0.8302,"{""with_threat"": 832, ""distance_dm"": 122358, ""teasing"": 25, ""caught"": 2, ""stood_still"": 1, ""deaths"": 1}","осалили 2 раза (в среднем через 63 с беготни), застаивались 1 раз, водящий в среднем в 14.7 блоках, дразнили воду 3% времени; умирал 1 раз"
1790497240,chase,5,670,398225,97599,0.05,11.94,-0.568,1.4314,1.6036,1.4901,"{""distance_dm"": 131052, ""caught"": 2}","осалил 2 раза (11.9 за 10 мин вождения), в среднем в 19.6 блоках от убегающего"
1790497270,flee,7,404,590733,138059,0.05,12.96,0.1011,0.8875,0.8984,0.8897,"{""with_threat"": 401, ""distance_dm"": 51967, ""teasing"": 39, ""caught"": 3}","осалили 3 раза (в среднем через 20 с беготни), водящий в среднем в 13.0 блоках, дразнили воду 10% времени"
1790497270,chase,1,924,399145,97820,0.05,12.99,0.0288,1.4087,1.5625,1.4411,"{""distance_dm"": 349841, ""stood_still"": 2, ""deaths"": 2, ""won"": 6, ""caught"": 3}","осалил 3 раза (13.0 за 10 мин вождения), поймали всех 6 раз, застаивался 2 раза, в среднем в 37.9 блоках от убегающего; умирал 2 раза"
1790499816,hunt,8,664,367091,58806,0.05,1.81,0.1061,0.8333,0.9759,0.8873,"{""distance_dm"": 75248, ""hits"": 3, ""full_hits"": 3}","попал по цели 3 раза (1.8 в минуту охоты, в полную силу 100%), в среднем в 11.3 блоках от неё"
1790499846,hunt,8,1600,368691,59226,0.05,7.75,0.1244,0.3332,0.4246,0.4215,"{""distance_dm"": 85874, ""hits"": 31, ""full_hits"": 30}","попал по цели 31 раз (7.8 в минуту охоты, в полную силу 97%), в среднем в 5.4 блоках от неё"
1790499876,hunt,8,1608,370299,59600,0.05,11.44,0.1946,0.3043,0.4378,0.4398,"{""distance_dm"": 93930, ""hits"": 46, ""full_hits"": 46, ""goals"": 1}","попал по цели 46 раз (11.4 в минуту охоты, в полную силу 100%), в среднем в 5.8 блоках от неё"
1790499906,hunt,8,1600,371899,59963,0.05,11.75,0.1864,0.3124,0.4738,0.4692,"{""distance_dm"": 70678, ""hits"": 47, ""full_hits"": 47, ""goals"": 3}","попал по цели 47 раз (11.8 в минуту охоты, в полную силу 100%), в среднем в 4.4 блоках от неё"
1790499936,hunt,8,1608,373507,60484,0.05,11.94,0.2071,0.5456,0.6821,0.7239,"{""distance_dm"": 66625, ""hits"": 48, ""full_hits"": 47, ""goals"": 3}","попал по цели 48 раз (11.9 в минуту охоты, в полную силу 98%), в среднем в 4.1 блоках от неё"
1790499966,hunt,8,1600,375107,60927,0.05,11.75,0.1743,0.3992,0.5282,0.5353,"{""distance_dm"": 69119, ""hits"": 47, ""full_hits"": 46, ""goals"": 1}","попал по цели 47 раз (11.8 в минуту охоты, в полную силу 98%), в среднем в 4.3 блоках от неё"
1790499996,hunt,8,1608,376715,61353,0.05,1.74,0.0557,0.425,0.5451,0.5409,"{""distance_dm"": 212428, ""hits"": 7, ""full_hits"": 7}","попал по цели 7 раз (1.7 в минуту охоты, в полную силу 100%), в среднем в 13.2 блоках от неё"
1790500026,hunt,8,1600,378315,61783,0.05,1.0,0.0319,0.3806,0.5094,0.5073,"{""distance_dm"": 224989, ""hits"": 4, ""full_hits"": 4}","попал по цели 4 раза (1.0 в минуту охоты, в полную силу 100%), в среднем в 14.1 блоках от неё"
1790500056,hunt,8,1608,379923,62126,0.05,0.0,0.0351,0.4955,0.6114,0.6355,"{""distance_dm"": 255062}","попал по цели 0 раз (0.0 в минуту охоты), в среднем в 15.9 блоках от неё"
1790500087,hunt,8,960,380875,62393,0.05,0.83,0.4694,0.5553,0.6675,0.6828,"{""distance_dm"": 118682, ""hits"": 2, ""full_hits"": 2, ""killed"": 8, ""kills"": 1}","попал по цели 2 раза (0.8 в минуту охоты, в полную силу 100%), остановили цель 1 раз, в среднем в 12.4 блоках от неё"
1790500117,hunt,8,0,380875,62393,0.05,0.0,0.0,,,,{},попал по цели 0 раз (0.0 в минуту охоты)
1790500147,hunt,8,0,380875,62393,0.05,0.0,0.0,,,,{},попал по цели 0 раз (0.0 в минуту охоты)
1790500177,hunt,8,96,380979,62416,0.05,0.0,0.2481,0.5432,0.6978,0.6736,"{""distance_dm"": 13569}","попал по цели 0 раз (0.0 в минуту охоты), в среднем в 14.1 блоках от неё"
1790500207,hunt,8,1600,382579,62856,0.05,0.75,0.0646,0.505,0.6181,0.6134,"{""distance_dm"": 204260, ""hits"": 3, ""full_hits"": 3}","попал по цели 3 раза (0.8 в минуту охоты, в полную силу 100%), в среднем в 12.8 блоках от неё"
1790500237,hunt,8,1608,384187,63299,0.05,0.75,0.0494,0.4465,0.5662,0.5517,"{""distance_dm"": 219412, ""hits"": 3, ""full_hits"": 3}","попал по цели 3 раза (0.7 в минуту охоты, в полную силу 100%), в среднем в 13.6 блоках от неё"
1790500267,hunt,8,1608,385795,63735,0.05,1.0,0.0377,0.4226,0.5294,0.5133,"{""distance_dm"": 165717, ""hits"": 4, ""full_hits"": 4}","попал по цели 4 раза (1.0 в минуту охоты, в полную силу 100%), в среднем в 10.3 блоках от неё"
1790500297,hunt,8,1600,387395,64158,0.05,2.75,0.0454,0.5294,0.6258,0.6367,"{""distance_dm"": 223353, ""hits"": 11, ""full_hits"": 11}","попал по цели 11 раз (2.8 в минуту охоты, в полную силу 100%), в среднем в 14.0 блоках от неё"
1790500327,hunt,8,1608,389003,64590,0.05,0.25,0.0219,0.5482,0.6569,0.6685,"{""distance_dm"": 279840, ""hits"": 1, ""full_hits"": 1}","попал по цели 1 раз (0.2 в минуту охоты, в полную силу 100%), в среднем в 17.4 блоках от неё"
1790500357,hunt,8,832,389835,64816,0.05,0.48,0.6258,0.4877,0.6083,0.591,"{""distance_dm"": 141736, ""kills"": 1, ""killed"": 8, ""hits"": 1, ""full_hits"": 1}","попал по цели 1 раз (0.5 в минуту охоты, в полную силу 100%), остановили цель 1 раз, в среднем в 17.0 блоках от неё"
1790500388,hunt,8,1605,391440,65167,0.05,0.0,-0.0508,0.4966,0.5996,0.5853,"{""distance_dm"": 102693}","попал по цели 0 раз (0.0 в минуту охоты), в среднем в 6.4 блоках от неё"
1790500418,hunt,8,1600,393040,65508,0.05,0.0,-0.0698,0.4923,0.5787,0.5674,"{""distance_dm"": 98593}","попал по цели 0 раз (0.0 в минуту охоты), в среднем в 6.2 блоках от неё"
1790500448,hunt,8,1603,394643,65896,0.05,0.0,-0.0658,0.4891,0.5659,0.5488,"{""distance_dm"": 98317}","попал по цели 0 раз (0.0 в минуту охоты), в среднем в 6.1 блоках от неё"
1790500478,hunt,8,1608,396251,66304,0.05,4.23,0.0016,0.6051,0.6428,0.6781,"{""distance_dm"": 78684, ""hits"": 17, ""full_hits"": 17}","попал по цели 17 раз (4.2 в минуту охоты, в полную силу 100%), в среднем в 4.9 блоках от неё"
1790500508,hunt,8,1593,397844,66703,0.05,1.26,-0.054,0.5565,0.6094,0.6139,"{""distance_dm"": 165672, ""hits"": 5, ""full_hits"": 5, ""no_target"": 512}","попал по цели 5 раз (1.3 в минуту охоты, в полную силу 100%), в среднем в 15.3 блоках от неё"
1790500538,hunt,8,1604,399448,67022,0.05,0.0,-0.0486,0.4972,0.5625,0.556,"{""distance_dm"": 127266}","попал по цели 0 раз (0.0 в минуту охоты), в среднем в 7.9 блоках от неё"
1790500568,hunt,8,1603,401051,67400,0.05,0.0,-0.0721,0.4582,0.5182,0.5084,"{""distance_dm"": 98850}","попал по цели 0 раз (0.0 в минуту охоты), в среднем в 6.2 блоках от неё"
1790500598,hunt,8,1584,402635,67805,0.05,0.0,-0.0733,0.4407,0.4955,0.4756,"{""distance_dm"": 97918}","попал по цели 0 раз (0.0 в минуту охоты), в среднем в 6.2 блоках от неё"
1790520970,hunt,8,0,596857,116117,0.05,0.0,0.0,,,,{},попал по цели 0 раз (0.0 в минуту охоты)
1790521000,hunt,8,0,596857,116117,0.05,0.0,0.0,,,,{},попал по цели 0 раз (0.0 в минуту охоты)
1790521030,hunt,8,0,596857,116117,0.05,0.0,0.0,,,,{},попал по цели 0 раз (0.0 в минуту охоты)
1790521060,hunt,8,1288,598153,116202,0.05,0.0,-0.176,1.2573,1.6885,1.0192,"{""distance_dm"": 171066}","попал по цели 0 раз (0.0 в минуту охоты), в среднем в 13.3 блоках от неё"
1790521090,hunt,8,1592,599737,116387,0.05,0.25,-0.3601,1.1584,1.5133,0.886,"{""distance_dm"": 178107, ""kills"": 1, ""killed"": 8, ""hits"": 1, ""full_hits"": 1}","попал по цели 1 раз (0.3 в минуту охоты, в полную силу 100%), остановили цель 1 раз, в среднем в 11.2 блоках от неё"
1790521120,hunt,8,0,599737,116393,0.05,0.0,0.0,1.3792,1.6719,1.1074,{},попал по цели 0 раз (0.0 в минуту охоты)
1790521150,hunt,8,1428,601173,116568,0.05,0.28,-0.5525,1.4373,1.7907,1.1032,"{""no_target"": 1, ""distance_dm"": 174373, ""hits"": 1, ""full_hits"": 1, ""deaths"": 2}","попал по цели 1 раз (0.3 в минуту охоты, в полную силу 100%), в среднем в 12.2 блоках от неё; умирал 2 раза"
1790521181,hunt,8,1573,602745,116802,0.05,2.03,-0.5077,1.4694,1.8539,1.2718,"{""distance_dm"": 263634, ""hits"": 8, ""full_hits"": 8, ""deaths"": 6}","попал по цели 8 раз (2.0 в минуту охоты, в полную силу 100%), в среднем в 16.8 блоках от неё; умирал 6 раз"
1790521211,hunt,8,1074,603812,116973,0.05,4.47,-0.8516,1.5427,1.9475,1.409,"{""distance_dm"": 222988, ""hits"": 12, ""full_hits"": 12, ""deaths"": 12, ""kills"": 1, ""killed"": 8}","попал по цели 12 раз (4.5 в минуту охоты, в полную силу 100%), остановили цель 1 раз, в среднем в 20.8 блоках от неё; умирал 12 раз"
1790521241,hunt,8,0,603812,116973,0.05,0.0,0.0,,,,{},попал по цели 0 раз (0.0 в минуту охоты)
1790521271,hunt,8,0,603812,116973,0.05,0.0,0.0,,,,{},попал по цели 0 раз (0.0 в минуту охоты)
1790521301,hunt,8,0,603812,116973,0.05,0.0,0.0,,,,{},попал по цели 0 раз (0.0 в минуту охоты)
1790521331,hunt,8,0,603812,116973,0.05,0.0,0.0,,,,{},попал по цели 0 раз (0.0 в минуту охоты)
1790521361,hunt,8,0,603812,116973,0.05,0.0,0.0,,,,{},попал по цели 0 раз (0.0 в минуту охоты)
1790521391,hunt,8,0,603812,116973,0.05,0.0,0.0,,,,{},попал по цели 0 раз (0.0 в минуту охоты)
1790521421,hunt,8,0,603812,116973,0.05,0.0,0.0,,,,{},попал по цели 0 раз (0.0 в минуту охоты)
1790521452,hunt,8,0,603812,116973,0.05,0.0,0.0,,,,{},попал по цели 0 раз (0.0 в минуту охоты)
1790521482,hunt,8,192,604012,117003,0.05,0.0,-0.1976,1.8882,2.2889,1.7722,"{""distance_dm"": 65964}","попал по цели 0 раз (0.0 в минуту охоты), в среднем в 34.4 блоках от неё"
1790521512,hunt,8,1574,605586,117254,0.05,0.51,-0.2993,1.706,2.0617,1.6026,"{""distance_dm"": 319635, ""hits"": 2, ""full_hits"": 2, ""crits"": 1, ""deaths"": 4}","попал по цели 2 раза (0.5 в минуту охоты, в полную силу 100%, критов 50%), в среднем в 20.3 блоках от неё; умирал 4 раза"
1790521542,hunt,8,1608,607194,117488,0.05,0.0,-0.1232,1.4719,1.8181,1.3732,"{""distance_dm"": 222026}","попал по цели 0 раз (0.0 в минуту охоты), в среднем в 13.8 блоках от неё"
1790521572,hunt,8,1600,608794,117723,0.05,0.75,-0.0339,1.3599,1.6458,1.2548,"{""distance_dm"": 181988, ""hits"": 3, ""full_hits"": 3, ""crits"": 1}","попал по цели 3 раза (0.8 в минуту охоты, в полную силу 100%, критов 33%), в среднем в 11.4 блоках от неё"
1790521602,hunt,8,1592,610386,117963,0.05,1.76,-0.1051,1.3575,1.6386,1.2504,"{""distance_dm"": 161846, ""hits"": 7, ""full_hits"": 7, ""deaths"": 1}","попал по цели 7 раз (1.8 в минуту охоты, в полную силу 100%), в среднем в 10.2 блоках от неё; умирал 1 раз"
1790521632,hunt,8,394,610772,118027,0.05,12.18,0.6944,1.6949,1.9985,1.5989,"{""distance_dm"": 31366, ""hits"": 12, ""full_hits"": 12, ""kills"": 1, ""killed"": 8}","попал по цели 12 раз (12.2 в минуту охоты, в полную силу 100%), остановили цель 1 раз, в среднем в 8.0 блоках от неё"
1790521662,hunt,8,0,610772,118027,0.05,0.0,0.0,,,,{},попал по цели 0 раз (0.0 в минуту охоты)
1790521692,hunt,8,0,610772,118027,0.05,0.0,0.0,,,,{},попал по цели 0 раз (0.0 в минуту охоты)
1790521722,hunt,7,413,611192,118103,0.05,0.0,-0.0419,2.1496,2.4863,2.091,"{""distance_dm"": 79135}","попал по цели 0 раз (0.0 в минуту охоты), в среднем в 19.2 блоках от неё"
1790521722,flee,1,79,526770,121372,0.05,8.58,0.4599,,,,"{""with_threat"": 77, ""distance_dm"": 6604, ""teasing"": 11}","осалили 0 раз, водящий в среднем в 8.6 блоках, дразнили воду 14% времени"
1790521752,hunt,7,1400,612592,118354,0.05,6.0,0.0658,1.7015,1.9914,1.6744,"{""distance_dm"": 277835, ""hits"": 21, ""full_hits"": 21}","попал по цели 21 раз (6.0 в минуту охоты, в полную силу 100%), в среднем в 19.8 блоках от неё"
1790521752,flee,1,200,526970,121372,0.05,3.49,0.2207,,,,"{""with_threat"": 200, ""distance_dm"": 6976, ""teasing"": 63}","осалили 0 раз, водящий в среднем в 3.5 блоках, дразнили воду 32% времени"
1790521782,hunt,8,525,613110,118454,0.05,2.29,0.7066,1.4332,1.7087,1.4243,"{""distance_dm"": 92854, ""hits"": 3, ""full_hits"": 3, ""kills"": 1, ""killed"": 7}","попал по цели 3 раза (2.3 в минуту охоты, в полную силу 100%), остановили цель 1 раз, в среднем в 17.7 блоках от неё"
1790521782,flee,0,73,527043,121372,0.05,3.56,0.3913,,,,"{""with_threat"": 73, ""distance_dm"": 2599, ""teasing"": 9}","осалили 0 раз, водящий в среднем в 3.6 блоках, дразнили воду 12% времени"
1790521812,hunt,7,819,613936,118605,0.05,0.98,-0.1125,1.4,1.6635,1.4098,"{""distance_dm"": 158671, ""hits"": 2, ""full_hits"": 2}","попал по цели 2 раза (1.0 в минуту охоты, в полную силу 100%), в среднем в 19.4 блоках от неё"
1790521812,flee,1,137,527181,121372,0.05,5.59,0.6116,,,,"{""with_threat"": 137, ""distance_dm"": 7652, ""teasing"": 88}","осалили 0 раз, водящий в среднем в 5.6 блоках, дразнили воду 64% времени"
1790521842,flee,1,200,527381,121409,0.05,4.4,0.4929,5.179,6.0164,4.0845,"{""with_threat"": 200, ""distance_dm"": 8799, ""teasing"": 108}","осалили 0 раз, водящий в среднем в 4.4 блоках, дразнили воду 54% времени"
1790521842,hunt,7,1397,615333,118802,0.05,2.58,0.0396,1.3142,1.5531,1.325,"{""distance_dm"": 290429, ""hits"": 9, ""full_hits"": 9}","попал по цели 9 раз (2.6 в минуту охоты, в полную силу 100%), в среднем в 20.8 блоках от неё"
1790521872,hunt,7,1410,616743,118992,0.05,0.28,0.0065,1.2081,1.4238,1.2181,"{""distance_dm"": 283004, ""hits"": 1, ""full_hits"": 1}","попал по цели 1 раз (0.3 в минуту охоты, в полную силу 100%), в среднем в 20.1 блоках от неё"
1790521872,flee,1,201,527582,121439,0.05,4.74,0.6179,3.4699,4.0271,2.7345,"{""with_threat"": 201, ""distance_dm"": 9523, ""teasing"": 189}","осалили 0 раз, водящий в среднем в 4.7 блоках, дразнили воду 94% времени"
1790521903,flee,1,201,527783,121499,0.05,5.05,0.6684,2.2936,2.683,1.9348,"{""with_threat"": 201, ""distance_dm"": 10158, ""teasing"": 197}","осалили 0 раз, водящий в среднем в 5.1 блоках, дразнили воду 98% времени"
1790521903,hunt,7,1407,618150,119194,0.05,0.0,-0.0252,1.096,1.3192,1.1137,"{""distance_dm"": 332897}","попал по цели 0 раз (0.0 в минуту охоты), в среднем в 23.7 блоках от неё"
1790521933,flee,1,200,527983,121548,0.05,5.92,0.686,1.6046,1.8405,1.3827,"{""with_threat"": 200, ""distance_dm"": 11843, ""teasing"": 186}","осалили 0 раз, водящий в среднем в 5.9 блоках, дразнили воду 93% времени"
1790521933,hunt,7,1400,619550,119382,0.05,0.29,0.0315,1.0494,1.2571,1.0663,"{""distance_dm"": 283701, ""hits"": 1, ""full_hits"": 1}","попал по цели 1 раз (0.3 в минуту охоты, в полную силу 100%), в среднем в 20.3 блоках от неё"
1790521963,flee,1,200,528183,121564,0.05,4.43,0.5387,1.5656,1.7032,1.3522,"{""with_threat"": 200, ""distance_dm"": 8855, ""teasing"": 164}","осалили 0 раз, водящий в среднем в 4.4 блоках, дразнили воду 82% времени"
1790521963,hunt,7,1400,620950,119569,0.05,1.14,0.0442,1.0139,1.2365,1.0513,"{""distance_dm"": 225801, ""hits"": 4, ""full_hits"": 4}","попал по цели 4 раза (1.1 в минуту охоты, в полную силу 100%), в среднем в 16.1 блоках от неё"
1790521993,flee,1,201,528384,121590,0.05,5.36,0.7089,1.3886,1.4367,1.1354,"{""with_threat"": 201, ""distance_dm"": 10774, ""teasing"": 194}","осалили 0 раз, водящий в среднем в 5.4 блоках, дразнили воду 97% времени"
1790521993,hunt,7,1407,622357,119756,0.05,0.0,0.0125,0.9615,1.1742,0.9875,"{""distance_dm"": 300246}","попал по цели 0 раз (0.0 в минуту охоты), в среднем в 21.3 блоках от неё"
1790522023,flee,1,201,528585,121612,0.05,4.97,0.6428,1.2091,1.2733,0.9629,"{""with_threat"": 201, ""distance_dm"": 9984, ""teasing"": 188}","осалили 0 раз, водящий в среднем в 5.0 блоках, дразнили воду 94% времени"
1790522023,hunt,7,1407,623764,119935,0.05,0.28,0.0325,0.9293,1.1681,0.9733,"{""distance_dm"": 307995, ""hits"": 1, ""full_hits"": 1}","попал по цели 1 раз (0.3 в минуту охоты, в полную силу 100%), в среднем в 21.9 блоках от неё"
1790522053,flee,1,200,528785,121642,0.05,4.98,0.6514,1.3224,1.3111,0.9678,"{""with_threat"": 200, ""distance_dm"": 9968, ""teasing"": 190}","осалили 0 раз, водящий в среднем в 5.0 блоках, дразнили воду 95% времени"
1790522053,hunt,7,1400,625164,120111,0.05,0.29,-0.0467,1.2861,1.4754,1.2727,"{""distance_dm"": 364604, ""hits"": 1, ""full_hits"": 1}","попал по цели 1 раз (0.3 в минуту охоты, в полную силу 100%), в среднем в 26.0 блоках от неё"
1790522083,flee,1,200,528985,121692,0.05,5.46,0.7098,1.1827,1.1608,0.8281,"{""with_threat"": 200, ""distance_dm"": 10925, ""teasing"": 197}","осалили 0 раз, водящий в среднем в 5.5 блоках, дразнили воду 98% времени"
1790522083,hunt,7,1400,626564,120305,0.05,0.0,-0.002,1.2404,1.4093,1.2185,"{""distance_dm"": 308149}","попал по цели 0 раз (0.0 в минуту охоты), в среднем в 22.0 блоках от неё"
1790522113,flee,1,201,529186,121751,0.05,5.14,0.6804,1.0747,1.0306,0.7359,"{""with_threat"": 201, ""distance_dm"": 10328, ""teasing"": 197}","осалили 0 раз, водящий в среднем в 5.1 блоках, дразнили воду 98% времени"
1790522113,hunt,7,1407,627971,120502,0.05,0.0,-0.0274,1.0955,1.2614,1.0901,"{""distance_dm"": 365654}","попал по цели 0 раз (0.0 в минуту охоты), в среднем в 26.0 блоках от неё"
1790522143,flee,1,200,529386,121799,0.05,5.34,0.712,0.9566,1.0364,0.7418,"{""with_threat"": 200, ""distance_dm"": 10679, ""teasing"": 196}","осалили 0 раз, водящий в среднем в 5.3 блоках, дразнили воду 98% времени"
1790522143,hunt,7,1400,629371,120687,0.05,0.0,-0.0091,1.0299,1.204,1.0303,"{""distance_dm"": 329076}","попал по цели 0 раз (0.0 в минуту охоты), в среднем в 23.5 блоках от неё"
1790522173,flee,1,201,529587,121833,0.05,5.48,0.6628,0.9295,0.9946,0.7194,"{""with_threat"": 201, ""distance_dm"": 11017, ""teasing"": 193}","осалили 0 раз, водящий в среднем в 5.5 блоках, дразнили воду 96% времени"
1790522173,hunt,7,1407,630778,120876,0.05,0.28,-0.034,0.9567,1.1233,0.9624,"{""distance_dm"": 400839, ""hits"": 1, ""full_hits"": 1}","попал по цели 1 раз (0.3 в минуту охоты, в полную силу 100%), в среднем в 28.5 блоках от неё"
1790522203,flee,1,200,529787,121851,0.05,4.53,0.5872,0.8821,0.9778,0.6986,"{""with_threat"": 200, ""distance_dm"": 9053, ""teasing"": 187}","осалили 0 раз, водящий в среднем в 4.5 блоках, дразнили воду 94% времени"
1790522203,hunt,7,1400,632178,121056,0.05,0.57,-0.0457,0.9035,1.0664,0.9201,"{""distance_dm"": 330165, ""hits"": 2, ""full_hits"": 2}","попал по цели 2 раза (0.6 в минуту охоты, в полную силу 100%), в среднем в 23.6 блоках от неё"
1790522233,flee,0,120,529907,121867,0.05,4.84,0.6258,0.8921,1.0186,0.6956,"{""with_threat"": 120, ""distance_dm"": 5810, ""teasing"": 109}","осалили 0 раз, водящий в среднем в 4.8 блоках, дразнили воду 91% времени"
1790522233,hunt,8,847,633018,121167,0.05,0.94,0.4043,0.9081,1.0754,0.916,"{""distance_dm"": 195300, ""killed"": 7, ""hits"": 2, ""full_hits"": 2, ""kills"": 1}","попал по цели 2 раза (0.9 в минуту охоты, в полную силу 100%), остановили цель 1 раз, в среднем в 23.1 блоках от неё"
1790522263,hunt,8,0,633018,121167,0.05,0.0,0.0,,,,{},попал по цели 0 раз (0.0 в минуту охоты)
1790522293,hunt,7,1155,634180,121327,0.05,0.0,0.0568,0.9054,1.0566,0.917,"{""distance_dm"": 228903}","попал по цели 0 раз (0.0 в минуту охоты), в среднем в 19.8 блоках от неё"
1790522293,flee,1,185,530093,121889,0.05,7.2,0.5446,0.9038,1.0356,0.7272,"{""with_threat"": 185, ""distance_dm"": 13315, ""teasing"": 100}","осалили 0 раз, водящий в среднем в 7.2 блоках, дразнили воду 54% времени"
1790522323,hunt,7,1407,635587,121518,0.05,0.0,-0.0231,0.8458,1.0154,0.8812,"{""distance_dm"": 319794}","попал по цели 0 раз (0.0 в минуту охоты), в среднем в 22.7 блоках от неё"
1790522323,flee,1,201,530294,121906,0.05,6.11,0.7141,0.8531,1.0177,0.7132,"{""with_threat"": 201, ""distance_dm"": 12277, ""teasing"": 201}","осалили 0 раз, водящий в среднем в 6.1 блоках, дразнили воду 100% времени"
1790522354,hunt,7,1405,636992,121709,0.05,1.42,-0.0319,0.8581,1.0227,0.8891,"{""distance_dm"": 393526, ""hits"": 5, ""full_hits"": 5}","попал по цели 5 раз (1.4 в минуту охоты, в полную силу 100%), в среднем в 28.0 блоках от неё"
1790522354,flee,1,201,530495,121913,0.05,7.81,0.4826,0.8591,0.9328,0.6819,"{""with_threat"": 201, ""distance_dm"": 15698, ""teasing"": 91}","осалили 0 раз, водящий в среднем в 7.8 блоках, дразнили воду 45% времени"
1790522384,hunt,7,1404,638396,121912,0.05,1.42,0.0984,0.866,1.0341,0.9018,"{""distance_dm"": 428345, ""hits"": 5, ""full_hits"": 5, ""goals"": 1}","попал по цели 5 раз (1.4 в минуту охоты, в полную силу 100%), в среднем в 30.5 блоках от неё"
1790522384,flee,1,201,530696,121933,0.05,11.14,0.4139,1.0,1.2377,0.9045,"{""with_threat"": 201, ""distance_dm"": 22385, ""teasing"": 32}","осалили 0 раз, водящий в среднем в 11.1 блоках, дразнили воду 16% времени"
1790522414,hunt,7,1405,639801,122118,0.05,1.42,0.1252,1.0514,1.2306,1.0578,"{""distance_dm"": 508972, ""hits"": 5, ""full_hits"": 5, ""goals"": 2}","попал по цели 5 раз (1.4 в минуту охоты, в полную силу 100%), в среднем в 36.2 блоках от неё"
1790522414,flee,1,200,530896,121976,0.05,12.04,0.4106,1.1193,1.3559,0.9319,"{""with_threat"": 200, ""distance_dm"": 24084, ""teasing"": 16}","осалили 0 раз, водящий в среднем в 12.0 блоках, дразнили воду 8% времени"
1790522444,hunt,7,1400,641201,122321,0.05,1.43,0.1578,1.0897,1.2525,1.0689,"{""distance_dm"": 470478, ""goals"": 4, ""hits"": 5, ""full_hits"": 5}","попал по цели 5 раз (1.4 в минуту охоты, в полную силу 100%), в среднем в 33.6 блоках от неё"
1790522444,flee,1,200,531096,122013,0.05,12.81,0.4452,2.3652,2.6464,2.0336,"{""with_threat"": 200, ""distance_dm"": 25617, ""teasing"": 16}","осалили 0 раз, водящий в среднем в 12.8 блоках, дразнили воду 8% времени"
1790522474,hunt,7,798,641999,122443,0.05,1.5,0.6264,1.0479,1.2269,1.0256,"{""distance_dm"": 285684, ""hits"": 3, ""full_hits"": 3, ""goals"": 8, ""killed"": 7, ""kills"": 1}","попал по цели 3 раза (1.5 в минуту охоты, в полную силу 100%), остановили цель 1 раз, в среднем в 35.8 блоках от неё"
1790522474,flee,1,134,531231,122054,0.05,11.99,0.5209,3.2716,3.1789,2.6936,"{""with_threat"": 134, ""distance_dm"": 16063, ""teasing"": 17}","осалили 0 раз, водящий в среднем в 12.0 блоках, дразнили воду 13% времени"
1790522504,hunt,7,1405,643404,122642,0.05,3.13,0.204,1.0797,1.2919,1.0678,"{""distance_dm"": 588834, ""goals"": 26, ""hits"": 11, ""full_hits"": 11}","попал по цели 11 раз (3.1 в минуту охоты, в полную силу 100%), в среднем в 41.9 блоках от неё"
1790522504,flee,1,200,531431,122089,0.05,12.81,0.3762,2.2298,2.3169,1.7563,"{""with_threat"": 200, ""distance_dm"": 25618, ""teasing"": 10}","осалили 0 раз, водящий в среднем в 12.8 блоках, дразнили воду 5% времени"
1790522534,hunt,8,1010,644407,122795,0.05,5.15,0.5213,1.0383,1.275,1.02,"{""distance_dm"": 400554, ""goals"": 27, ""hits"": 13, ""full_hits"": 13, ""kills"": 1, ""killed"": 7}","попал по цели 13 раз (5.1 в минуту охоты, в полную силу 100%), остановили цель 1 раз, в среднем в 39.7 блоках от неё"
1790522534,flee,0,143,531574,122138,0.05,11.03,0.3025,1.8055,2.0425,1.3901,"{""with_threat"": 143, ""distance_dm"": 15778, ""teasing"": 13}","осалили 0 раз, водящий в среднем в 11.0 блоках, дразнили воду 9% времени"
1790522564,hunt,8,0,644407,122795,0.05,0.0,0.0,,,,{},попал по цели 0 раз (0.0 в минуту охоты)
1790522594,hunt,7,1253,645667,122976,0.05,3.19,0.1159,1.036,1.273,1.0199,"{""distance_dm"": 293624, ""hits"": 10, ""full_hits"": 10}","попал по цели 10 раз (3.2 в минуту охоты, в полную силу 100%), в среднем в 23.4 блоках от неё"
1790522594,flee,1,199,531774,122181,0.05,7.81,0.3976,2.0286,2.1358,1.5743,"{""with_threat"": 199, ""distance_dm"": 15546, ""teasing"": 70}","осалили 0 раз, водящий в среднем в 7.8 блоках, дразнили воду 35% времени"
1790522624,hunt,7,1407,647074,123173,0.05,0.85,-0.5044,1.0308,1.2703,1.0174,"{""distance_dm"": 656762, ""hits"": 3, ""full_hits"": 3}","попал по цели 3 раза (0.9 в минуту охоты, в полную силу 100%), в среднем в 46.7 блоках от неё"
1790522624,flee,1,201,531975,122238,0.05,13.58,0.4495,2.2044,2.386,1.8988,"{""with_threat"": 201, ""distance_dm"": 27304, ""teasing"": 14}","осалили 0 раз, водящий в среднем в 13.6 блоках, дразнили воду 7% времени"
1790522654,hunt,8,1284,648351,123369,0.05,0.31,0.4253,0.9728,1.2147,0.9647,"{""distance_dm"": 592382, ""hits"": 1, ""full_hits"": 1, ""kills"": 1, ""killed"": 7}","попал по цели 1 раз (0.3 в минуту охоты, в полную силу 100%), остановили цель 1 раз, в среднем в 46.1 блоках от неё"
1790522654,flee,0,182,532157,122294,0.05,14.36,0.3961,1.6527,1.7279,1.3745,"{""with_threat"": 182, ""distance_dm"": 26132, ""teasing"": 1}","осалили 0 раз, водящий в среднем в 14.4 блоках, дразнили воду 1% времени"
1790522684,hunt,8,1026,649377,123520,0.05,8.58,0.5202,0.991,1.2304,0.9753,"{""distance_dm"": 80677, ""hits"": 22, ""full_hits"": 22, ""killed"": 7, ""kills"": 1}","попал по цели 22 раза (8.6 в минуту охоты, в полную силу 100%), остановили цель 1 раз, в среднем в 7.9 блоках от неё"
1790522684,flee,0,165,532323,122332,0.05,3.62,0.1059,2.2425,2.1424,1.8644,"{""with_threat"": 165, ""distance_dm"": 5980, ""teasing"": 37}","осалили 0 раз, водящий в среднем в 3.6 блоках, дразнили воду 22% времени"
1790522714,hunt,7,826,650210,123645,0.05,0.0,0.073,0.9791,1.2278,0.9876,"{""distance_dm"": 186395}","попал по цели 0 раз (0.0 в минуту охоты), в среднем в 22.6 блоках от неё"
1790522714,flee,1,138,532462,122369,0.05,11.02,0.5374,2.1661,2.1679,1.8761,"{""with_threat"": 138, ""distance_dm"": 15213, ""teasing"": 55}","осалили 0 раз, водящий в среднем в 11.0 блоках, дразнили воду 40% времени"
1790522744,hunt,7,1400,651610,123839,0.05,6.29,0.115,0.9639,1.2088,0.9663,"{""distance_dm"": 207118, ""hits"": 22, ""full_hits"": 22}","попал по цели 22 раза (6.3 в минуту охоты, в полную силу 100%), в среднем в 14.8 блоках от неё"
1790522744,flee,1,200,532662,122414,0.05,3.49,0.218,1.9593,1.9918,1.6487,"{""with_threat"": 200, ""distance_dm"": 6973, ""teasing"": 45}","осалили 0 раз, водящий в среднем в 3.5 блоках, дразнили воду 22% времени"
1790522774,hunt,7,846,652456,123968,0.05,7.57,0.3366,0.9792,1.222,0.9623,"{""distance_dm"": 86048, ""killed"": 7, ""hits"": 16, ""full_hits"": 14, ""kills"": 1, ""crits"": 1}","попал по цели 16 раз (7.6 в минуту охоты, в полную силу 88%, критов 6%), остановили цель 1 раз, в среднем в 10.2 блоках от неё"
1790522774,flee,1,140,532803,122447,0.05,3.79,0.258,2.105,2.1106,1.6904,"{""with_threat"": 140, ""distance_dm"": 5303, ""teasing"": 65}","осалили 0 раз, водящий в среднем в 3.8 блоках, дразнили воду 46% времени"
1790522804,hunt,8,768,653217,124084,0.05,5.73,0.4866,1.1188,1.3285,1.0803,"{""distance_dm"": 84120, ""killed"": 7, ""hits"": 11, ""full_hits"": 11, ""kills"": 1}","попал по цели 11 раз (5.7 в минуту охоты, в полную силу 100%), остановили цель 1 раз, в среднем в 11.0 блоках от неё"
1790522804,flee,0,108,532911,122483,0.05,3.59,0.2495,1.9208,1.9637,1.5458,"{""with_threat"": 108, ""distance_dm"": 3876, ""teasing"": 43}","осалили 0 раз, водящий в среднем в 3.6 блоках, дразнили воду 40% времени"
1790522835,hunt,8,0,653217,124084,0.05,0.0,0.0,,,,{},попал по цели 0 раз (0.0 в минуту охоты)
1790522865,flee,6,1085,534002,122671,0.05,13.6,0.4538,1.7853,1.816,1.4074,"{""with_threat"": 1066, ""distance_dm"": 145029, ""teasing"": 170, ""caught"": 1}","осалили 1 раз (в среднем через 163 с беготни), водящий в среднем в 13.6 блоках, дразнили воду 16% времени"
1790522865,chase,2,305,350187,83241,0.05,13.11,0.2149,,,,"{""distance_dm"": 24593, ""caught"": 1}","осалил 1 раз (13.1 за 10 мин вождения), в среднем в 8.1 блоках от убегающего"
1790522895,flee,3,996,534995,122881,0.05,14.13,0.3377,1.5177,1.5199,1.1969,"{""with_threat"": 993, ""distance_dm"": 140308, ""teasing"": 117, ""caught"": 3}","осалили 3 раза (в среднем через 50 с беготни), водящий в среднем в 14.1 блоках, дразнили воду 12% времени"
1790522895,chase,5,587,350777,83258,0.05,20.44,0.3433,1.9594,2.1667,1.9202,"{""distance_dm"": 99895, ""caught"": 3}","осалил 3 раза (20.4 за 10 мин вождения), в среднем в 17.0 блоках от убегающего"
1790522925,flee,1,384,535377,123054,0.05,13.04,0.2506,1.4357,1.4128,1.1685,"{""with_threat"": 382, ""distance_dm"": 49830, ""teasing"": 77, ""caught"": 2}","осалили 2 раза (в среднем через 29 с беготни), водящий в среднем в 13.0 блоках, дразнили воду 20% времени"
1790522925,chase,7,1203,351982,83323,0.05,6.65,0.1299,1.2248,1.5994,1.2341,"{""distance_dm"": 244096, ""caught"": 2}","осалил 2 раза (6.7 за 10 мин вождения), в среднем в 20.3 блоках от убегающего"
1790522955,chase,8,1418,353401,83466,0.05,2.82,0.085,0.886,1.1068,0.9002,"{""distance_dm"": 254017, ""caught"": 1}","осалил 1 раз (2.8 за 10 мин вождения), в среднем в 17.9 блоках от убегающего"
1790522955,flee,0,180,535556,123144,0.05,10.42,0.2189,1.3732,1.3027,1.1309,"{""with_threat"": 179, ""distance_dm"": 18647, ""teasing"": 39, ""caught"": 1}","осалили 1 раз (в среднем через 27 с беготни), водящий в среднем в 10.4 блоках, дразнили воду 22% времени"
1790522985,chase,8,1600,355001,83685,0.05,0.0,-0.0068,0.7516,0.8996,0.7124,"{""distance_dm"": 277213}","осалил 0 раз (0.0 за 10 мин вождения), в среднем в 17.3 блоках от убегающего"
1790523015,chase,1,1179,356173,83823,0.05,3.39,0.198,0.727,0.8634,0.6417,"{""distance_dm"": 181862, ""won"": 7, ""caught"": 1}","осалил 1 раз (3.4 за 10 мин вождения), поймали всех 7 раз, в среднем в 15.4 блоках от убегающего"
1790523015,flee,7,252,535815,123175,0.05,14.84,0.481,1.2829,1.2275,1.0921,"{""with_threat"": 252, ""distance_dm"": 37385, ""teasing"": 16}","осалили 0 раз, водящий в среднем в 14.8 блоках, дразнили воду 6% времени"
1790523045,flee,6,1336,537150,123318,0.05,15.75,0.4182,1.2878,1.2227,1.0608,"{""with_threat"": 1335, ""distance_dm"": 210214, ""teasing"": 8, ""caught"": 1}","осалили 1 раз (в среднем через 200 с беготни), водящий в среднем в 15.7 блоках, дразнили воду 1% времени"
1790523045,chase,2,262,356436,83828,0.05,15.27,0.0688,0.8083,0.9236,0.7604,"{""distance_dm"": 62777, ""caught"": 1}","осалил 1 раз (15.3 за 10 мин вождения), в среднем в 24.0 блоках от убегающего"
1790534967,hunt,8,0,773057,158979,0.05,0.0,0.0,,,,{},попал по цели 0 раз (0.0 в минуту охоты)
1790534997,hunt,8,0,773057,158979,0.05,0.0,0.0,,,,{},попал по цели 0 раз (0.0 в минуту охоты)
1790535027,hunt,8,956,774013,159044,0.05,0.84,0.4477,3.3868,5.3798,2.9312,"{""distance_dm"": 128550, ""deaths"": 2, ""killed"": 8, ""kills"": 1, ""hits"": 2, ""full_hits"": 2, ""goals"": 1}","попал по цели 2 раза (0.8 в минуту охоты, в полную силу 100%), остановили цель 1 раз, в среднем в 13.4 блоках от неё; умирал 2 раза"
1790535057,hunt,8,0,774013,159044,0.05,0.0,0.0,,,,{},попал по цели 0 раз (0.0 в минуту охоты)
1790535087,hunt,8,1208,775221,159190,0.05,0.33,0.4968,2.1966,3.0714,2.2252,"{""distance_dm"": 253264, ""killed"": 8, ""kills"": 1, ""hits"": 1, ""full_hits"": 1}","попал по цели 1 раз (0.3 в минуту охоты, в полную силу 100%), остановили цель 1 раз, в среднем в 21.0 блоках от неё"
1790535117,hunt,8,1392,776621,159351,0.05,0.0,0.002,2.104,2.8772,2.2674,"{""distance_dm"": 329004, ""deaths"": 1}","попал по цели 0 раз (0.0 в минуту охоты), в среднем в 23.6 блоках от неё; умирал 1 раз"
1790535147,hunt,8,1589,778210,159534,0.05,0.0,-0.1805,1.9287,2.781,2.1738,"{""distance_dm"": 315587, ""deaths"": 2}","попал по цели 0 раз (0.0 в минуту охоты), в среднем в 19.9 блоках от неё; умирал 2 раза"
1790535177,hunt,8,180,778382,159563,0.05,2.22,1.7769,1.9774,2.7693,2.2194,"{""distance_dm"": 49829, ""deaths"": 1, ""killed"": 8, ""kills"": 1, ""hits"": 1, ""full_hits"": 1}","попал по цели 1 раз (2.2 в минуту охоты, в полную силу 100%), остановили цель 1 раз, в среднем в 27.7 блоках от неё; умирал 1 раз"
1790535208,hunt,8,371,778753,159614,0.05,1.08,1.1614,2.0474,2.8448,2.246,"{""distance_dm"": 81650, ""kills"": 1, ""killed"": 8, ""hits"": 1, ""full_hits"": 1}","попал по цели 1 раз (1.1 в минуту охоты, в полную силу 100%), остановили цель 1 раз, в среднем в 22.0 блоках от неё"
1790535238,hunt,8,848,779601,159720,0.05,0.47,0.7094,1.9121,2.7397,2.1304,"{""distance_dm"": 183327, ""killed"": 8, ""kills"": 1, ""hits"": 1}","попал по цели 1 раз (0.5 в минуту охоты, в полную силу 0%), остановили цель 1 раз, в среднем в 21.6 блоках от неё"
1790535268,hunt,8,0,779601,159720,0.05,0.0,0.0,,,,{},попал по цели 0 раз (0.0 в минуту охоты)
1790535298,hunt,8,0,779601,159720,0.05,0.0,0.0,,,,{},попал по цели 0 раз (0.0 в минуту охоты)
1790535328,hunt,8,0,779601,159720,0.05,0.0,0.0,,,,{},попал по цели 0 раз (0.0 в минуту охоты)
1790535358,hunt,8,0,779601,159720,0.05,0.0,0.0,,,,{},попал по цели 0 раз (0.0 в минуту охоты)
1790535388,hunt,8,0,779601,159720,0.05,0.0,0.0,,,,{},попал по цели 0 раз (0.0 в минуту охоты)
1790535418,hunt,8,0,779601,159720,0.05,0.0,0.0,,,,{},попал по цели 0 раз (0.0 в минуту охоты)
1790535449,hunt,8,0,779601,159720,0.05,0.0,0.0,,,,{},попал по цели 0 раз (0.0 в минуту охоты)
1790535479,hunt,8,0,779601,159720,0.05,0.0,0.0,,,,{},попал по цели 0 раз (0.0 в минуту охоты)
1790535509,hunt,8,0,779601,159720,0.05,0.0,0.0,,,,{},попал по цели 0 раз (0.0 в минуту охоты)
1790535539,hunt,8,0,779601,159720,0.05,0.0,0.0,,,,{},попал по цели 0 раз (0.0 в минуту охоты)
1790535569,hunt,8,0,779601,159720,0.05,0.0,0.0,,,,{},попал по цели 0 раз (0.0 в минуту охоты)
1790535599,hunt,8,0,779601,159720,0.05,0.0,0.0,,,,{},попал по цели 0 раз (0.0 в минуту охоты)
1790535629,hunt,8,0,779601,159720,0.05,0.0,0.0,,,,{},попал по цели 0 раз (0.0 в минуту охоты)
1790535659,hunt,8,0,779601,159720,0.05,0.0,0.0,,,,{},попал по цели 0 раз (0.0 в минуту охоты)
1790535689,hunt,8,0,779601,159720,0.05,0.0,0.0,,,,{},попал по цели 0 раз (0.0 в минуту охоты)
1790566482,bridge,8,831,193892,47816,0.01,2.89,0.6913,1.2737,1.346,1.2448,"{""crossed"": 6, ""fell"": 1}","перешёл пропасть 6 раз (2.89 в минуту на бота), упал 1 раз"
1790566512,bridge,8,1578,195469,48335,0.01,4.06,0.9977,1.096,1.1228,1.0755,"{""crossed"": 16, ""time_up"": 5, ""fell"": 2}","перешёл пропасть 16 раз (4.06 в минуту на бота), упал 2 раза, застрял 5 раз"
1790566542,bridge,8,1576,197046,48853,0.01,4.82,1.1876,1.1236,1.1901,1.0438,"{""crossed"": 19, ""fell"": 2, ""time_up"": 2}","перешёл пропасть 19 раз (4.82 в минуту на бота), упал 2 раза, застрял 2 раза"
1790566572,bridge,8,1581,198626,49371,0.01,3.29,0.8154,1.159,1.2894,1.0946,"{""crossed"": 13, ""time_up"": 6, ""fell"": 1}","перешёл пропасть 13 раз (3.29 в минуту на бота), упал 1 раз, застрял 6 раз"
1790566602,bridge,8,1588,200214,49893,0.01,3.27,0.7805,1.1333,1.2329,1.0737,"{""crossed"": 13, ""fell"": 2, ""time_up"": 5}","перешёл пропасть 13 раз (3.27 в минуту на бота), упал 2 раза, застрял 5 раз"
1790566632,bridge,8,1578,201793,50414,0.01,3.3,0.7495,1.1892,1.2267,1.1237,"{""crossed"": 13, ""time_up"": 5, ""fell"": 3}","перешёл пропасть 13 раз (3.30 в минуту на бота), упал 3 раза, застрял 5 раз"
1790566662,bridge,8,1588,203381,50934,0.01,3.53,0.7878,1.0891,1.113,1.0705,"{""crossed"": 14, ""time_up"": 2, ""fell"": 4}","перешёл пропасть 14 раз (3.53 в минуту на бота), упал 4 раза, застрял 2 раза"
1790566692,bridge,8,1587,204968,51457,0.01,3.53,0.8903,1.027,1.0428,1.0005,"{""crossed"": 14, ""time_up"": 6, ""fell"": 1}","перешёл пропасть 14 раз (3.53 в минуту на бота), упал 1 раз, застрял 6 раз"
1790566722,bridge,8,1586,206554,51978,0.01,4.79,1.2047,1.112,1.152,1.108,"{""crossed"": 19, ""fell"": 1, ""time_up"": 2}","перешёл пропасть 19 раз (4.79 в минуту на бота), упал 1 раз, застрял 2 раза"
1790566752,bridge,8,1586,208140,52501,0.01,3.28,0.7591,1.1674,1.2057,1.1619,"{""crossed"": 13, ""time_up"": 6, ""fell"": 3}","перешёл пропасть 13 раз (3.28 в минуту на бота), упал 3 раза, застрял 6 раз"
1790566783,bridge,8,1587,209727,53012,0.01,4.28,1.0796,1.0511,1.0749,1.0307,"{""crossed"": 17, ""time_up"": 3, ""fell"": 1}","перешёл пропасть 17 раз (4.28 в минуту на бота), упал 1 раз, застрял 3 раза"
1790566813,bridge,8,1580,211307,53525,0.01,3.04,0.6395,1.0059,1.0601,0.9944,"{""crossed"": 12, ""time_up"": 4, ""fell"": 4}","перешёл пропасть 12 раз (3.04 в минуту на бота), упал 4 раза, застрял 4 раза"
1790566843,bridge,8,1582,212888,54036,0.01,2.78,0.6457,1.0331,1.0502,1.0,"{""crossed"": 11, ""time_up"": 6, ""fell"": 2}","перешёл пропасть 11 раз (2.78 в минуту на бота), упал 2 раза, застрял 6 раз"
1790566873,bridge,8,1587,214476,54555,0.01,3.78,0.9913,1.0631,1.1482,1.0933,"{""crossed"": 15, ""time_up"": 5}","перешёл пропасть 15 раз (3.78 в минуту на бота), застрял 5 раз"
1790566903,bridge,8,1579,216054,55071,0.01,3.29,0.7672,0.9811,1.0373,1.0058,"{""crossed"": 13, ""time_up"": 7, ""fell"": 2}","перешёл пропасть 13 раз (3.29 в минуту на бота), упал 2 раза, застрял 7 раз"
1790566933,bridge,8,1579,217634,55585,0.01,3.55,0.819,0.9504,1.0262,0.9771,"{""crossed"": 14, ""time_up"": 3, ""fell"": 3}","перешёл пропасть 14 раз (3.55 в минуту на бота), упал 3 раза, застрял 3 раза"
1790566963,bridge,8,1588,219222,56102,0.01,3.53,0.8892,0.9427,1.0122,0.9715,"{""crossed"": 14, ""fell"": 1, ""time_up"": 5}","перешёл пропасть 14 раз (3.53 в минуту на бота), упал 1 раз, застрял 5 раз"
1790566993,bridge,8,1583,220805,56620,0.01,4.04,0.9,0.9699,1.0631,1.0474,"{""crossed"": 16, ""time_up"": 5, ""fell"": 4}","перешёл пропасть 16 раз (4.04 в минуту на бота), упал 4 раза, застрял 5 раз"
1790567023,bridge,8,1587,222392,57141,0.01,4.03,0.9829,0.9716,1.0589,1.0108,"{""crossed"": 16, ""fell"": 2, ""time_up"": 3}","перешёл пропасть 16 раз (4.03 в минуту на бота), упал 2 раза, застрял 3 раза"
1790567053,bridge,8,1588,223980,57662,0.01,3.02,0.6764,0.9623,1.0457,1.0135,"{""crossed"": 12, ""time_up"": 5, ""fell"": 3}","перешёл пропасть 12 раз (3.02 в минуту на бота), упал 3 раза, застрял 5 раз"
1790567083,bridge,8,1579,225559,58181,0.01,3.55,0.8769,0.9564,1.025,1.0012,"{""crossed"": 14, ""time_up"": 6, ""fell"": 1}","перешёл пропасть 14 раз (3.55 в минуту на бота), упал 1 раз, застрял 6 раз"
1790567113,bridge,8,1585,227143,58701,0.01,3.53,0.7183,0.9764,1.0512,1.0335,"{""crossed"": 14, ""fell"": 6, ""time_up"": 4}","перешёл пропасть 14 раз (3.53 в минуту на бота), упал 6 раз, застрял 4 раза"
1790567144,bridge,8,1587,228731,59220,0.01,3.53,0.8735,0.9877,1.0604,1.0204,"{""crossed"": 14, ""time_up"": 5, ""fell"": 1}","перешёл пропасть 14 раз (3.53 в минуту на бота), упал 1 раз, застрял 5 раз"
1790567174,bridge,8,1587,230318,59740,0.01,4.28,1.1187,0.9551,1.022,0.9905,"{""crossed"": 17, ""time_up"": 4}","перешёл пропасть 17 раз (4.28 в минуту на бота), застрял 4 раза"
1790567204,bridge,8,1587,231905,60259,0.01,3.78,0.946,0.9651,1.0209,0.9767,"{""crossed"": 15, ""time_up"": 5, ""fell"": 1}","перешёл пропасть 15 раз (3.78 в минуту на бота), упал 1 раз, застрял 5 раз"
1790567234,bridge,8,1580,233485,60775,0.01,2.78,0.6231,0.9299,1.0034,0.9512,"{""crossed"": 11, ""fell"": 3, ""time_up"": 6}","перешёл пропасть 11 раз (2.78 в минуту на бота), упал 3 раза, застрял 6 раз"
1790567264,bridge,8,1588,235073,61294,0.01,3.27,0.8242,0.9236,0.9972,0.9501,"{""crossed"": 13, ""time_up"": 6, ""fell"": 1}","перешёл пропасть 13 раз (3.27 в минуту на бота), упал 1 раз, застрял 6 раз"
1790567294,bridge,8,1585,236658,61814,0.01,3.53,0.8394,0.8904,0.9508,0.9258,"{""crossed"": 14, ""time_up"": 7, ""fell"": 2}","перешёл пропасть 14 раз (3.53 в минуту на бота), упал 2 раза, застрял 7 раз"
1790567324,bridge,8,1579,238237,62331,0.01,3.8,0.9304,0.9435,1.0186,0.9718,"{""crossed"": 15, ""time_up"": 4, ""fell"": 2}","перешёл пропасть 15 раз (3.80 в минуту на бота), упал 2 раза, застрял 4 раза"
1790567354,bridge,8,1588,239825,62854,0.01,3.53,0.8572,0.9448,1.0386,0.9828,"{""crossed"": 14, ""time_up"": 4, ""fell"": 2}","перешёл пропасть 14 раз (3.53 в минуту на бота), упал 2 раза, застрял 4 раза"
1790567385,bridge,8,1590,241415,63376,0.01,3.02,0.7781,0.9166,0.9888,0.9625,"{""crossed"": 12, ""time_up"": 6}","перешёл пропасть 12 раз (3.02 в минуту на бота), застрял 6 раз"
1790567415,bridge,8,1586,243001,63896,0.01,4.04,1.0204,0.9228,1.0038,0.9576,"{""crossed"": 16, ""time_up"": 5, ""fell"": 1}","перешёл пропасть 16 раз (4.04 в минуту на бота), упал 1 раз, застрял 5 раз"
1790567445,bridge,8,16,243017,63910,0.01,0.0,0.0673,1.0278,1.1002,1.1137,{},перешёл пропасть 0 раз (0.00 в минуту на бота)
1790567475,bridge,8,0,243017,63910,0.01,0.0,0.0,,,,{},перешёл пропасть 0 раз (0.00 в минуту на бота)
1790567505,bridge,8,0,243017,63910,0.01,0.0,0.0,,,,{},перешёл пропасть 0 раз (0.00 в минуту на бота)
1790567535,bridge,8,0,243017,63910,0.01,0.0,0.0,,,,{},перешёл пропасть 0 раз (0.00 в минуту на бота)
1790567565,bridge,8,0,243017,63910,0.01,0.0,0.0,,,,{},перешёл пропасть 0 раз (0.00 в минуту на бота)
1790567595,bridge,8,1342,244359,64346,0.01,2.98,0.6661,0.9894,1.0501,1.0268,"{""time_up"": 5, ""crossed"": 10, ""fell"": 3}","перешёл пропасть 10 раз (2.98 в минуту на бота), упал 3 раза, застрял 5 раз"
1790567625,bridge,8,1585,245944,64866,0.01,4.54,1.1149,0.9665,1.0443,0.9947,"{""crossed"": 18, ""time_up"": 3, ""fell"": 2}","перешёл пропасть 18 раз (4.54 в минуту на бота), упал 2 раза, застрял 3 раза"
1790567656,bridge,8,1589,247533,65386,0.01,3.27,0.8107,0.9804,1.0371,1.0079,"{""crossed"": 13, ""time_up"": 5, ""fell"": 1}","перешёл пропасть 13 раз (3.27 в минуту на бота), упал 1 раз, застрял 5 раз"
1790567686,bridge,8,1586,249119,65909,0.01,3.78,0.8923,0.9672,1.0395,1.0032,"{""crossed"": 15, ""time_up"": 4, ""fell"": 3}","перешёл пропасть 15 раз (3.78 в минуту на бота), упал 3 раза, застрял 4 раза"
1790567716,bridge,8,1577,250696,66429,0.01,4.06,0.8873,1.0399,1.0842,1.0839,"{""crossed"": 16, ""fell"": 5, ""time_up"": 2}","перешёл пропасть 16 раз (4.06 в минуту на бота), упал 5 раз, застрял 2 раза"
1790567746,bridge,8,1585,252281,66950,0.01,4.04,0.9193,1.0601,1.1064,1.0805,"{""crossed"": 16, ""fell"": 5, ""time_up"": 2}","перешёл пропасть 16 раз (4.04 в минуту на бота), упал 5 раз, застрял 2 раза"
1790567776,bridge,8,1583,253864,67475,0.01,4.55,1.0716,1.0616,1.1333,1.0968,"{""crossed"": 18, ""fell"": 4, ""time_up"": 3}","перешёл пропасть 18 раз (4.55 в минуту на бота), упал 4 раза, застрял 3 раза"
1790567806,bridge,8,1577,255441,67997,0.01,3.8,0.7726,1.1001,1.1872,1.1251,"{""crossed"": 15, ""fell"": 7, ""time_up"": 1}","перешёл пропасть 15 раз (3.80 в минуту на бота), упал 7 раз, застрял 1 раз"
1790567836,bridge,8,1578,257019,68517,0.01,4.06,0.9879,1.1381,1.2029,1.1806,"{""crossed"": 16, ""fell"": 2, ""time_up"": 4}","перешёл пропасть 16 раз (4.06 в минуту на бота), упал 2 раза, застрял 4 раза"
1790567866,bridge,8,1589,258608,69035,0.01,3.02,0.6875,1.1045,1.1688,1.1604,"{""crossed"": 12, ""time_up"": 4, ""fell"": 3}","перешёл пропасть 12 раз (3.02 в минуту на бота), упал 3 раза, застрял 4 раза"
1790567896,bridge,8,1579,260187,69545,0.01,3.29,0.762,1.0962,1.1584,1.1414,"{""crossed"": 13, ""time_up"": 5, ""fell"": 3}","перешёл пропасть 13 раз (3.29 в минуту на бота), упал 3 раза, застрял 5 раз"
1790567926,bridge,8,1582,261769,70058,0.01,3.54,0.9213,1.1058,1.1656,1.1563,"{""crossed"": 14, ""time_up"": 4}","перешёл пропасть 14 раз (3.54 в минуту на бота), застрял 4 раза"
1790567956,bridge,8,1579,263348,70575,0.01,3.55,0.932,1.1032,1.1689,1.1529,"{""crossed"": 14, ""time_up"": 7}","перешёл пропасть 14 раз (3.55 в минуту на бота), застрял 7 раз"
1790567986,bridge,8,1576,264924,71097,0.01,5.08,1.2425,1.0852,1.169,1.1399,"{""crossed"": 20, ""fell"": 3, ""time_up"": 1}","перешёл пропасть 20 раз (5.08 в минуту на бота), упал 3 раза, застрял 1 раз"
1790649819,bridge,12,1507,977183,227865,0.01,3.98,0.9913,,,,"{""start_down"": 9, ""cross_ms"": 129146, ""crossed_down"": 6, ""crossed"": 15, ""start_up"": 5, ""crossed_up"": 3, ""start_turn"": 9, ""crossed_turn"": 4, ""start_straight"": 7, ""crossed_straight"": 2, ""fell_turn"": 2, ""fell"": 3, ""fell_straight"": 1}","перешёл пропасть 15 раз (3.98 в минуту на бота), в среднем за 8.6 с, упал 3 раза · дошёл из попыток: прямо 2/7, вверх 3/5, вниз 6/9, Г 4/9"
1790649849,bridge,12,2339,979522,227865,0.01,5.3,1.3104,,,,"{""cross_ms"": 293094, ""crossed_up"": 7, ""crossed"": 31, ""start_straight"": 14, ""crossed_straight"": 14, ""start_turn"": 9, ""crossed_turn"": 8, ""crossed_down"": 2, ""start_up"": 10, ""start_down"": 3, ""fell_turn"": 1, ""fell"": 4, ""fell_down"": 2, ""fell_straight"": 1, ""time_up"": 1, ""time_up_turn"": 1}","перешёл пропасть 31 раз (5.30 в минуту на бота), в среднем за 9.5 с, упал 4 раза, застрял 1 раз · дошёл из попыток: прямо 14/14, вверх 7/10, вниз 2/3, Г 8/9"
1790649879,bridge,12,2335,981856,227865,0.01,4.11,0.9089,,,,"{""cross_ms"": 233244, ""crossed_straight"": 9, ""crossed"": 24, ""start_straight"": 12, ""start_turn"": 7, ""crossed_turn"": 4, ""start_up"": 8, ""crossed_up"": 7, ""start_down"": 5, ""crossed_down"": 4, ""fell_turn"": 3, ""fell"": 7, ""fell_straight"": 2, ""time_up"": 2, ""time_up_up"": 1, ""fell_up"": 2, ""time_up_down"": 1}","перешёл пропасть 24 раза (4.11 в минуту на бота), в среднем за 9.7 с, упал 7 раз, застрял 2 раза · дошёл из попыток: прямо 9/12, вверх 7/8, вниз 4/5, Г 4/7"
1790649909,bridge,12,2346,984202,227865,0.01,4.26,0.9787,,,,"{""cross_ms"": 248692, ""crossed_turn"": 11, ""crossed"": 25, ""start_turn"": 12, ""start_up"": 8, ""crossed_straight"": 7, ""start_straight"": 6, ""start_down"": 7, ""crossed_up"": 5, ""crossed_down"": 2, ""fell_down"": 2, ""fell"": 6, ""time_up"": 2, ""time_up_up"": 1, ""fell_straight"": 2, ""fell_turn"": 1, ""fell_up"": 1, ""time_up_down"": 1}","перешёл пропасть 25 раз (4.26 в минуту на бота), в среднем за 9.9 с, упал 6 раз, застрял 2 раза · дошёл из попыток: прямо 7/6, вверх 5/8, вниз 2/7, Г 11/12"
1790649939,bridge,12,2335,986538,227865,0.01,4.11,1.0324,,,,"{""cross_ms"": 207596, ""crossed_up"": 8, ""crossed"": 24, ""start_straight"": 7, ""crossed_straight"": 4, ""start_down"": 7, ""crossed_down"": 9, ""start_up"": 9, ""start_turn"": 9, ""crossed_turn"": 3, ""time_up"": 4, ""time_up_up"": 2, ""time_up_turn"": 1, ""fell_turn"": 2, ""fell"": 3, ""fell_down"": 1, ""time_up_straight"": 1}","перешёл пропасть 24 раза (4.11 в минуту на бота), в среднем за 8.6 с, упал 3 раза, застрял 4 раза · дошёл из попыток: прямо 4/7, вверх 8/9, вниз 9/7, Г 3/9"
1790649969,bridge,12,2334,988872,227865,0.01,4.46,1.0289,,,,"{""cross_ms"": 270444, ""crossed_turn"": 4, ""crossed"": 26, ""start_straight"": 13, ""crossed_straight"": 11, ""start_up"": 8, ""crossed_up"": 7, ""start_turn"": 6, ""fell_straight"": 1, ""fell"": 5, ""fell_turn"": 2, ""start_down"": 6, ""crossed_down"": 4, ""time_up"": 2, ""time_up_turn"": 1, ""fell_down"": 2, ""time_up_up"": 1}","перешёл пропасть 26 раз (4.46 в минуту на бота), в среднем за 10.4 с, упал 5 раз, застрял 2 раза · дошёл из попыток: прямо 11/13, вверх 7/8, вниз 4/6, Г 4/6"
1790649999,bridge,12,2342,991214,227865,0.01,5.12,1.1849,,,,"{""cross_ms"": 301041, ""crossed_straight"": 15, ""crossed"": 30, ""start_down"": 12, ""crossed_down"": 6, ""start_turn"": 2, ""crossed_turn"": 6, ""start_straight"": 16, ""start_up"": 5, ""crossed_up"": 3, ""fell_up"": 3, ""fell"": 5, ""fell_down"": 2}","перешёл пропасть 30 раз (5.12 в минуту на бота), в среднем за 10.0 с, упал 5 раз · дошёл из попыток: прямо 15/16, вверх 3/5, вниз 6/12, Г 6/2"
1790743301,bridge,12,1453,1424019,339588,0.01,4.68,1.132,,,,"{""start_up"": 6, ""cross_ms"": 155694, ""crossed_up"": 4, ""crossed"": 17, ""start_straight"": 11, ""crossed_straight"": 6, ""start_turn"": 8, ""crossed_turn"": 5, ""start_down"": 6, ""crossed_down"": 2, ""fell_turn"": 1, ""fell"": 3, ""fell_straight"": 2}","перешёл пропасть 17 раз (4.68 в минуту на бота), в среднем за 9.2 с, упал 3 раза · дошёл из попыток: прямо 6/11, вверх 4/6, вниз 2/6, Г 5/8"
1790743331,bridge,12,2346,1426366,339588,0.01,4.94,1.3196,,,,"{""cross_ms"": 265791, ""crossed_straight"": 7, ""crossed"": 29, ""start_straight"": 9, ""start_up"": 10, ""crossed_up"": 11, ""start_down"": 5, ""crossed_down"": 8, ""start_turn"": 9, ""crossed_turn"": 3, ""fell_straight"": 2, ""fell"": 2, ""time_up"": 1, ""time_up_turn"": 1}","перешёл пропасть 29 раз (4.94 в минуту на бота), в среднем за 9.2 с, упал 2 раза, застрял 1 раз · дошёл из попыток: прямо 7/9, вверх 11/10, вниз 8/5, Г 3/9"
1790743361,bridge,12,2331,1428696,339588,0.01,5.15,1.2504,,,,"{""cross_ms"": 314542, ""crossed_down"": 10, ""crossed"": 30, ""start_up"": 10, ""crossed_up"": 7, ""start_straight"": 8, ""crossed_straight"": 7, ""start_turn"": 7, ""crossed_turn"": 6, ""start_down"": 9, ""fell_turn"": 5, ""fell"": 5}","перешёл пропасть 30 раз (5.15 в минуту на бота), в среднем за 10.5 с, упал 5 раз · дошёл из попыток: прямо 7/8, вверх 7/10, вниз 10/9, Г 6/7"
1790743391,bridge,12,2329,1431026,339588,0.01,5.32,1.3465,,,,"{""cross_ms"": 302545, ""crossed_up"": 8, ""crossed"": 31, ""start_down"": 10, ""crossed_down"": 7, ""start_straight"": 16, ""crossed_straight"": 12, ""crossed_turn"": 4, ""start_up"": 4, ""start_turn"": 6, ""fell_straight"": 2, ""fell"": 4, ""fell_turn"": 2}","перешёл пропасть 31 раз (5.32 в минуту на бота), в среднем за 9.8 с, упал 4 раза · дошёл из попыток: прямо 12/16, вверх 8/4, вниз 7/10, Г 4/6"
1790743421,bridge,12,2332,1433357,339588,0.01,6.52,1.6635,,,,"{""cross_ms"": 346193, ""crossed_straight"": 16, ""crossed"": 38, ""start_down"": 6, ""crossed_down"": 6, ""start_straight"": 17, ""crossed_turn"": 9, ""start_turn"": 8, ""fell_turn"": 1, ""fell"": 3, ""fell_straight"": 1, ""start_up"": 9, ""crossed_up"": 7, ""fell_down"": 1}","перешёл пропасть 38 раз (6.52 в минуту на бота), в среднем за 9.1 с, упал 3 раза · дошёл из попыток: прямо 16/17, вверх 7/9, вниз 6/6, Г 9/8"
1790743451,bridge,12,2346,1435704,339588,0.01,4.77,1.2103,,,,"{""start_up"": 8, ""cross_ms"": 263691, ""crossed_up"": 6, ""crossed"": 28, ""start_down"": 6, ""crossed_down"": 5, ""start_straight"": 12, ""crossed_straight"": 15, ""start_turn"": 7, ""crossed_turn"": 2, ""fell_straight"": 2, ""fell"": 2, ""time_up"": 2, ""time_up_up"": 1, ""time_up_turn"": 1}","перешёл пропасть 28 раз (4.77 в минуту на бота), в среднем за 9.4 с, упал 2 раза, застрял 2 раза · дошёл из попыток: прямо 15/12, вверх 6/8, вниз 5/6, Г 2/7"
1790743481,bridge,12,2340,1438044,339588,0.01,5.47,1.3888,,,,"{""cross_ms"": 278391, ""crossed_down"": 7, ""crossed"": 32, ""start_down"": 6, ""start_turn"": 9, ""crossed_turn"": 6, ""start_straight"": 16, ""crossed_straight"": 12, ""crossed_up"": 7, ""fell_turn"": 4, ""fell"": 4, ""start_up"": 5}","перешёл пропасть 32 раза (5.47 в минуту на бота), в среднем за 8.7 с, упал 4 раза · дошёл из попыток: прямо 12/16, вверх 7/5, вниз 7/6, Г 6/9"
1790743511,bridge,12,2332,1440376,339588,0.01,5.32,1.2986,,,,"{""cross_ms"": 329245, ""crossed_straight"": 14, ""crossed"": 31, ""start_down"": 4, ""crossed_down"": 5, ""start_straight"": 13, ""start_up"": 9, ""crossed_up"": 8, ""start_turn"": 8, ""crossed_turn"": 4, ""fell_turn"": 2, ""fell"": 2, ""time_up"": 1, ""time_up_turn"": 1}","перешёл пропасть 31 раз (5.32 в минуту на бота), в среднем за 10.6 с, упал 2 раза, застрял 1 раз · дошёл из попыток: прямо 14/13, вверх 8/9, вниз 5/4, Г 4/8"
1790743541,bridge,12,2326,1442702,339623,0.01,4.99,1.161,2.7989,2.9386,2.8131,"{""cross_ms"": 269542, ""crossed_straight"": 11, ""crossed"": 29, ""start_down"": 11, ""crossed_down"": 6, ""start_up"": 7, ""crossed_up"": 5, ""start_straight"": 12, ""start_turn"": 7, ""crossed_turn"": 7, ""fell_down"": 3, ""fell"": 8, ""fell_turn"": 3, ""fell_up"": 1, ""fell_straight"": 1}","перешёл пропасть 29 раз (4.99 в минуту на бота), в среднем за 9.3 с, упал 8 раз · дошёл из попыток: прямо 11/12, вверх 5/7, вниз 6/11, Г 7/7"
1790743571,bridge,12,2332,1445034,340067,0.01,4.97,1.2227,2.3459,2.2085,2.249,"{""cross_ms"": 286344, ""crossed_straight"": 9, ""crossed"": 29, ""start_straight"": 9, ""start_turn"": 10, ""crossed_turn"": 8, ""start_up"": 10, ""crossed_up"": 8, ""start_down"": 5, ""crossed_down"": 4, ""fell_down"": 1, ""fell"": 4, ""fell_straight"": 1, ""time_up"": 1, ""time_up_turn"": 1, ""fell_up"": 1, ""fell_turn"": 1}","перешёл пропасть 29 раз (4.97 в минуту на бота), в среднем за 9.9 с, упал 4 раза, застрял 1 раз · дошёл из попыток: прямо 9/9, вверх 8/10, вниз 4/5, Г 8/10"
1790743601,bridge,12,2334,1447368,340538,0.01,5.48,1.281,1.7132,1.6745,1.7031,"{""cross_ms"": 306591, ""crossed_up"": 9, ""crossed"": 32, ""start_up"": 7, ""start_straight"": 17, ""crossed_straight"": 13, ""start_turn"": 10, ""crossed_turn"": 5, ""time_up"": 1, ""time_up_down"": 1, ""crossed_down"": 5, ""fell_turn"": 4, ""fell"": 6, ""start_down"": 5, ""fell_straight"": 1, ""fell_down"": 1}","перешёл пропасть 32 раза (5.48 в минуту на бота), в среднем за 9.6 с, упал 6 раз, застрял 1 раз · дошёл из попыток: прямо 13/17, вверх 9/7, вниз 5/5, Г 5/10"
1790743631,bridge,12,2331,1449698,341018,0.01,5.32,1.3252,1.5425,1.5467,1.5701,"{""cross_ms"": 306746, ""crossed_straight"": 12, ""crossed"": 31, ""start_up"": 7, ""crossed_up"": 9, ""start_down"": 7, ""crossed_turn"": 5, ""start_turn"": 6, ""start_straight"": 14, ""crossed_down"": 5, ""fell_turn"": 3, ""fell"": 4, ""fell_straight"": 1}","перешёл пропасть 31 раз (5.32 в минуту на бота), в среднем за 9.9 с, упал 4 раза · дошёл из попыток: прямо 12/14, вверх 9/7, вниз 5/7, Г 5/6"
1790743661,bridge,12,2343,1452042,341489,0.01,4.61,1.0616,1.4383,1.4709,1.4943,"{""cross_ms"": 269393, ""crossed_down"": 7, ""crossed"": 27, ""start_straight"": 13, ""crossed_straight"": 11, ""start_up"": 4, ""crossed_up"": 4, ""start_down"": 12, ""start_turn"": 6, ""crossed_turn"": 5, ""fell_straight"": 4, ""fell"": 7, ""fell_down"": 3}","перешёл пропасть 27 раз (4.61 в минуту на бота), в среднем за 10.0 с, упал 7 раз · дошёл из попыток: прямо 11/13, вверх 4/4, вниз 7/12, Г 5/6"
1790743691,bridge,12,2332,1454374,341958,0.01,4.8,1.1415,1.422,1.448,1.4635,"{""cross_ms"": 269990, ""crossed_down"": 7, ""crossed"": 28, ""start_straight"": 15, ""crossed_straight"": 13, ""start_turn"": 5, ""crossed_turn"": 4, ""start_up"": 6, ""crossed_up"": 4, ""start_down"": 8, ""fell_down"": 3, ""fell"": 6, ""fell_straight"": 2, ""fell_turn"": 1}","перешёл пропасть 28 раз (4.80 в минуту на бота), в среднем за 9.6 с, упал 6 раз · дошёл из попыток: прямо 13/15, вверх 4/6, вниз 7/8, Г 4/5"
1790743722,bridge,12,2325,1456697,342452,0.01,5.51,1.2697,1.4931,1.5287,1.5421,"{""cross_ms"": 294293, ""crossed_straight"": 15, ""crossed"": 32, ""start_straight"": 14, ""start_turn"": 8, ""crossed_turn"": 4, ""start_down"": 8, ""crossed_down"": 8, ""start_up"": 9, ""crossed_up"": 5, ""fell_turn"": 3, ""fell"": 9, ""fell_down"": 2, ""fell_up"": 3, ""fell_straight"": 1}","перешёл пропасть 32 раза (5.51 в минуту на бота), в среднем за 9.2 с, упал 9 раз · дошёл из попыток: прямо 15/14, вверх 5/9, вниз 8/8, Г 4/8"
1790743752,bridge,12,2337,1459035,342949,0.01,5.48,1.2757,1.4149,1.4714,1.4739,"{""cross_ms"": 270141, ""crossed_down"": 3, ""crossed"": 32, ""start_straight"": 21, ""crossed_straight"": 15, ""start_turn"": 7, ""crossed_turn"": 5, ""crossed_up"": 9, ""start_up"": 8, ""start_down"": 6, ""fell_down"": 3, ""fell"": 9, ""fell_straight"": 1, ""fell_turn"": 4, ""fell_up"": 1}","перешёл пропасть 32 раза (5.48 в минуту на бота), в среднем за 8.4 с, упал 9 раз · дошёл из попыток: прямо 15/21, вверх 9/8, вниз 3/6, Г 5/7"
1790743782,bridge,12,2336,1461371,343455,0.01,5.31,1.3598,1.338,1.407,1.3987,"{""cross_ms"": 292793, ""crossed_straight"": 16, ""crossed"": 31, ""start_down"": 8, ""crossed_down"": 7, ""start_turn"": 8, ""crossed_turn"": 4, ""start_straight"": 13, ""start_up"": 6, ""crossed_up"": 4, ""fell_straight"": 1, ""fell"": 2, ""time_up"": 2, ""time_up_turn"": 1, ""fell_turn"": 1, ""time_up_up"": 1}","перешёл пропасть 31 раз (5.31 в минуту на бота), в среднем за 9.4 с, упал 2 раза, застрял 2 раза · дошёл из попыток: прямо 16/13, вверх 4/6, вниз 7/8, Г 4/8"
1790743812,bridge,12,2340,1463711,343957,0.01,4.62,1.0804,1.3082,1.3658,1.3779,"{""cross_ms"": 263693, ""crossed_down"": 6, ""crossed"": 27, ""start_down"": 7, ""start_turn"": 6, ""crossed_turn"": 6, ""start_straight"": 15, ""crossed_straight"": 12, ""start_up"": 5, ""crossed_up"": 3, ""fell_straight"": 3, ""fell"": 5, ""time_up"": 1, ""time_up_up"": 1, ""fell_down"": 2}","перешёл пропасть 27 раз (4.62 в минуту на бота), в среднем за 9.8 с, упал 5 раз, застрял 1 раз · дошёл из попыток: прямо 12/15, вверх 3/5, вниз 6/7, Г 6/6"
1790743842,bridge,12,2342,1466054,344462,0.01,4.1,0.899,1.4759,1.5392,1.56,"{""start_turn"": 9, ""cross_ms"": 250642, ""crossed_turn"": 4, ""crossed"": 24, ""start_down"": 5, ""crossed_down"": 5, ""start_straight"": 13, ""crossed_straight"": 10, ""start_up"": 8, ""crossed_up"": 5, ""fell_turn"": 4, ""fell"": 6, ""time_up"": 4, ""time_up_up"": 2, ""fell_straight"": 2, ""time_up_turn"": 2}","перешёл пропасть 24 раза (4.10 в минуту на бота), в среднем за 10.4 с, упал 6 раз, застрял 4 раза · дошёл из попыток: прямо 10/13, вверх 5/8, вниз 5/5, Г 4/9"
1790743872,bridge,12,2337,1468390,344935,0.01,4.79,1.1255,1.4307,1.4947,1.5324,"{""cross_ms"": 254095, ""crossed_turn"": 3, ""crossed"": 28, ""start_straight"": 15, ""crossed_straight"": 14, ""start_down"": 8, ""crossed_down"": 7, ""start_turn"": 4, ""crossed_up"": 4, ""start_up"": 6, ""fell_turn"": 1, ""fell"": 5, ""fell_up"": 3, ""time_up"": 1, ""time_up_up"": 1, ""fell_down"": 1}","перешёл пропасть 28 раз (4.79 в минуту на бота), в среднем за 9.1 с, упал 5 раз, застрял 1 раз · дошёл из попыток: прямо 14/15, вверх 4/6, вниз 7/8, Г 3/4"
1790743902,bridge,12,2331,1470722,345399,0.01,4.46,0.903,1.4088,1.4868,1.5185,"{""cross_ms"": 253645, ""crossed_straight"": 18, ""crossed"": 26, ""start_straight"": 16, ""start_up"": 7, ""start_down"": 6, ""crossed_turn"": 2, ""start_turn"": 9, ""crossed_down"": 3, ""fell_turn"": 5, ""fell"": 11, ""fell_down"": 3, ""fell_straight"": 1, ""crossed_up"": 3, ""fell_up"": 2}","перешёл пропасть 26 раз (4.46 в минуту на бота), в среднем за 9.8 с, упал 11 раз · дошёл из попыток: прямо 18/16, вверх 3/7, вниз 3/6, Г 2/9"
1790743932,bridge,12,2315,1473037,345882,0.01,5.18,1.1986,1.4012,1.4702,1.4966,"{""cross_ms"": 245094, ""crossed_up"": 9, ""crossed"": 30, ""start_down"": 5, ""crossed_down"": 5, ""start_straight"": 18, ""crossed_straight"": 10, ""crossed_turn"": 6, ""start_up"": 7, ""start_turn"": 10, ""fell_straight"": 2, ""fell"": 9, ""fell_turn"": 5, ""time_up"": 1, ""time_up_turn"": 1, ""fell_up"": 2}","перешёл пропасть 30 раз (5.18 в минуту на бота), в среднем за 8.2 с, упал 9 раз, застрял 1 раз · дошёл из попыток: прямо 10/18, вверх 9/7, вниз 5/5, Г 6/10"
1790743962,bridge,12,2338,1475374,346390,0.01,4.28,0.9441,1.5096,1.5474,1.6094,"{""cross_ms"": 245243, ""crossed_straight"": 17, ""crossed"": 25, ""start_straight"": 14, ""start_down"": 4, ""start_turn"": 10, ""crossed_turn"": 3, ""crossed_down"": 2, ""time_up"": 2, ""time_up_turn"": 2, ""start_up"": 5, ""crossed_up"": 3, ""fell_turn"": 4, ""fell"": 7, ""fell_straight"": 3}","перешёл пропасть 25 раз (4.28 в минуту на бота), в среднем за 9.8 с, упал 7 раз, застрял 2 раза · дошёл из попыток: прямо 17/14, вверх 3/5, вниз 2/4, Г 3/10"
